order_id,customer_name,product,category,quantity,unit_price,revenue,order_date,city,region,sales_rep,payment_method,order_status
1001,Sneha Reddy,Monitor,Electronics,12,22000,264000,2023-05-21,Mumbai,West,Meera Patel,UPI,Delivered
1002,Ramesh Kumar,Printer,Electronics,10,12000,120000,2023-08-05,Delhi,North,Anil Sharma,Credit Card,Shipped
1003,Rahul Mishra,Mouse,Accessories,10,800,8000,2023-01-14,Ahmedabad,West,Meera Patel,Cash on Delivery,Shipped
1004,Suresh Rao,Tablet,Electronics,5,32000,160000,2023-01-04,Surat,West,Ravi Kumar,Cash on Delivery,Processing
1005,Priya Patel,Headphones,Electronics,4,3500,14000,2023-06-22,Bangalore,South,Sunita Rao,Cash on Delivery,Delivered
1006,Suresh Rao,Webcam,Accessories,10,2500,25000,2023-05-16,Kolkata,East,Anil Sharma,Cash on Delivery,Delivered
1007,Kavya Nambiar,USB Hub,Accessories,9,600,5400,2023-05-31,Delhi,North,Priya Nair,UPI,Delivered
1008,Priya Patel,Laptop,Electronics,13,45000,585000,2023-05-29,Chennai,South,Meera Patel,Credit Card,Cancelled
1009,Amit Verma,Headphones,Electronics,11,3500,38500,2023-07-06,Jaipur,North,Priya Nair,Net Banking,Shipped
1010,Amit Verma,Headphones,Electronics,10,3500,35000,2023-11-22,Delhi,North,Meera Patel,UPI,Cancelled
1011,Pooja Gupta,USB Hub,Accessories,15,600,9000,2023-11-24,Hyderabad,South,Meera Patel,Net Banking,Delivered
1012,Kiran Kumar,Mouse,Accessories,13,800,10400,2023-06-11,Mumbai,West,Deepak Joshi,Credit Card,Shipped
1013,Divya Singh,Speaker,Electronics,4,4500,18000,2023-12-02,Kolkata,East,Suresh Iyer,Cash on Delivery,Shipped
1014,Rahul Mishra,Headphones,Electronics,4,3500,14000,2023-10-15,Bangalore,South,Deepak Joshi,Cash on Delivery,Cancelled
1015,Divya Singh,Webcam,Accessories,3,2500,7500,2023-09-18,Chennai,South,Sunita Rao,Credit Card,Delivered
1016,Kiran Kumar,Keyboard,Accessories,13,1200,15600,2023-12-15,Bangalore,South,Sunita Rao,Cash on Delivery,Cancelled
1017,Rahul Mishra,Speaker,Electronics,9,4500,40500,2023-05-09,Jaipur,North,Anil Sharma,Credit Card,Processing
1018,Amit Verma,Webcam,Accessories,5,2500,12500,2023-08-11,Delhi,North,Kavya Reddy,Credit Card,Processing
1019,Kavya Nambiar,Printer,Electronics,9,12000,108000,2023-02-24,Bangalore,South,Deepak Joshi,UPI,Shipped
1020,Tanvi Mehta,Webcam,Accessories,9,2500,22500,2023-09-29,Bangalore,South,Anil Sharma,Net Banking,Cancelled
1021,Tanvi Mehta,Laptop,Electronics,15,45000,675000,2023-07-05,Delhi,North,Deepak Joshi,UPI,Delivered
1022,Pooja Gupta,Mouse,Accessories,2,800,1600,2023-02-13,Surat,West,Kavya Reddy,Credit Card,Shipped
1023,Arjun Nair,Keyboard,Accessories,9,1200,10800,2023-03-26,Jaipur,North,Suresh Iyer,UPI,Shipped
1024,Meera Joshi,Headphones,Electronics,11,3500,38500,2023-11-29,Pune,West,Kavya Reddy,Cash on Delivery,Delivered
1025,Ramesh Kumar,Mouse,Accessories,2,800,1600,2023-06-23,Chennai,South,Meera Patel,UPI,Delivered
1026,Tanvi Mehta,Monitor,Electronics,4,22000,88000,2023-02-04,Mumbai,West,Anil Sharma,Net Banking,Delivered
1027,Divya Singh,Printer,Electronics,5,12000,60000,2023-12-09,Chennai,South,Meera Patel,UPI,Cancelled
1028,Sneha Reddy,Mouse,Accessories,13,800,10400,2023-07-28,Jaipur,North,Sunita Rao,Credit Card,Cancelled
1029,Kavya Nambiar,Webcam,Accessories,7,2500,17500,2023-08-28,Pune,West,Anil Sharma,Credit Card,Delivered
1030,Sneha Reddy,USB Hub,Accessories,13,600,7800,2023-02-25,Kolkata,East,Meera Patel,UPI,Cancelled
1031,Divya Singh,Keyboard,Accessories,3,1200,3600,2023-05-23,Pune,West,Meera Patel,Credit Card,Cancelled
1032,Rahul Mishra,Printer,Electronics,1,12000,12000,2023-11-30,Delhi,North,Anil Sharma,Credit Card,Shipped
1033,Sneha Reddy,Keyboard,Accessories,8,1200,9600,2023-09-04,Pune,West,Suresh Iyer,Credit Card,Shipped
1034,Tanvi Mehta,USB Hub,Accessories,7,600,4200,2023-05-16,Mumbai,West,Kavya Reddy,Net Banking,Cancelled
1035,Arjun Nair,Printer,Electronics,3,12000,36000,2023-04-08,Jaipur,North,Meera Patel,Credit Card,Delivered
1036,Divya Singh,Webcam,Accessories,1,2500,2500,2023-10-27,Mumbai,West,Ravi Kumar,Credit Card,Delivered
1037,Vikram Iyer,Keyboard,Accessories,10,1200,12000,2023-02-04,Delhi,North,Meera Patel,Cash on Delivery,Delivered
1038,Ramesh Kumar,Speaker,Electronics,10,4500,45000,2023-11-01,Chennai,South,Sunita Rao,Cash on Delivery,Processing
1039,Sneha Reddy,Headphones,Electronics,11,3500,38500,2023-06-10,Chennai,South,Deepak Joshi,Cash on Delivery,Shipped
1040,Ramesh Kumar,Headphones,Electronics,6,3500,21000,2023-02-07,Jaipur,North,Kavya Reddy,Credit Card,Delivered
1041,Amit Verma,Printer,Electronics,9,12000,108000,2023-05-16,Chennai,South,Priya Nair,Credit Card,Shipped
1042,Kavya Nambiar,Webcam,Accessories,3,2500,7500,2023-08-13,Hyderabad,South,Deepak Joshi,Credit Card,Processing
1043,Tanvi Mehta,Monitor,Electronics,5,22000,110000,2023-03-01,Bangalore,South,Sunita Rao,UPI,Processing
1044,Sneha Reddy,Headphones,Electronics,4,3500,14000,2023-06-25,Surat,West,Deepak Joshi,Cash on Delivery,Processing
1045,Kavya Nambiar,Laptop,Electronics,11,45000,495000,2023-08-05,Delhi,North,Deepak Joshi,Credit Card,Delivered
1046,Amit Verma,Webcam,Accessories,11,2500,27500,2023-05-15,Bangalore,South,Kavya Reddy,Cash on Delivery,Delivered
1047,Tanvi Mehta,Monitor,Electronics,15,22000,330000,2023-12-20,Delhi,North,Ravi Kumar,Credit Card,Processing
1048,Amit Verma,Speaker,Electronics,3,4500,13500,2023-08-09,Ahmedabad,West,Anil Sharma,Net Banking,Processing
1049,Sneha Reddy,Laptop,Electronics,4,45000,180000,2023-12-16,Kolkata,East,Sunita Rao,Net Banking,Cancelled
1050,Kavya Nambiar,Speaker,Electronics,15,4500,67500,2023-05-02,Bangalore,South,Ravi Kumar,UPI,Cancelled
1051,Suresh Rao,Laptop,Electronics,12,45000,540000,2023-06-20,Bangalore,South,Suresh Iyer,UPI,Processing
1052,Kavya Nambiar,Keyboard,Accessories,7,1200,8400,2023-01-20,Delhi,North,Kavya Reddy,UPI,Shipped
1053,Sneha Reddy,Tablet,Electronics,5,32000,160000,2023-04-27,Kolkata,East,Anil Sharma,UPI,Cancelled
1054,Suresh Rao,Webcam,Accessories,14,2500,35000,2023-02-05,Hyderabad,South,Deepak Joshi,Net Banking,Cancelled
1055,Tanvi Mehta,Printer,Electronics,1,12000,12000,2023-03-01,Kolkata,East,Deepak Joshi,UPI,Processing
1056,Meera Joshi,Laptop,Electronics,10,45000,450000,2023-08-11,Delhi,North,Priya Nair,Cash on Delivery,Delivered
1057,Ramesh Kumar,USB Hub,Accessories,4,600,2400,2023-05-11,Surat,West,Suresh Iyer,Credit Card,Shipped
1058,Tanvi Mehta,Webcam,Accessories,2,2500,5000,2023-12-07,Pune,West,Priya Nair,Net Banking,Delivered
1059,Kiran Kumar,Headphones,Electronics,5,3500,17500,2023-12-08,Ahmedabad,West,Priya Nair,Cash on Delivery,Processing
1060,Vikram Iyer,Printer,Electronics,4,12000,48000,2023-08-04,Bangalore,South,Suresh Iyer,UPI,Processing
1061,Arjun Nair,USB Hub,Accessories,14,600,8400,2023-01-01,Ahmedabad,West,Deepak Joshi,UPI,Cancelled
1062,Divya Singh,Speaker,Electronics,11,4500,49500,2023-06-14,Surat,West,Kavya Reddy,Cash on Delivery,Shipped
1063,Vikram Iyer,Printer,Electronics,13,12000,156000,2023-03-28,Jaipur,North,Sunita Rao,Net Banking,Processing
1064,Sneha Reddy,Monitor,Electronics,11,22000,242000,2023-06-08,Chennai,South,Meera Patel,UPI,Delivered
1065,Kavya Nambiar,Laptop,Electronics,8,45000,360000,2023-11-09,Chennai,South,Sunita Rao,Cash on Delivery,Cancelled
1066,Kiran Kumar,Speaker,Electronics,12,4500,54000,2023-12-23,Chennai,South,Kavya Reddy,Cash on Delivery,Shipped
1067,Suresh Rao,Keyboard,Accessories,15,1200,18000,2023-02-24,Mumbai,West,Suresh Iyer,UPI,Shipped
1068,Sneha Reddy,Printer,Electronics,1,12000,12000,2023-10-13,Jaipur,North,Sunita Rao,Cash on Delivery,Shipped
1069,Meera Joshi,Tablet,Electronics,9,32000,288000,2023-11-01,Ahmedabad,West,Kavya Reddy,Cash on Delivery,Cancelled
1070,Suresh Rao,Keyboard,Accessories,8,1200,9600,2023-05-13,Jaipur,North,Meera Patel,Net Banking,Cancelled
1071,Pooja Gupta,Mouse,Accessories,8,800,6400,2023-02-09,Hyderabad,South,Deepak Joshi,UPI,Processing
1072,Priya Patel,Webcam,Accessories,15,2500,37500,2023-10-04,Kolkata,East,Ravi Kumar,UPI,Shipped
1073,Priya Patel,USB Hub,Accessories,12,600,7200,2023-04-20,Bangalore,South,Suresh Iyer,Cash on Delivery,Processing
1074,Sneha Reddy,Printer,Electronics,7,12000,84000,2023-02-01,Jaipur,North,Suresh Iyer,Cash on Delivery,Delivered
1075,Meera Joshi,Speaker,Electronics,8,4500,36000,2023-01-04,Pune,West,Deepak Joshi,Cash on Delivery,Cancelled
1076,Tanvi Mehta,Printer,Electronics,13,12000,156000,2023-11-05,Ahmedabad,West,Meera Patel,Cash on Delivery,Shipped
1077,Kiran Kumar,Headphones,Electronics,8,3500,28000,2023-01-15,Pune,West,Priya Nair,Cash on Delivery,Shipped
1078,Ramesh Kumar,Tablet,Electronics,10,32000,320000,2023-10-01,Bangalore,South,Suresh Iyer,Credit Card,Delivered
1079,Amit Verma,USB Hub,Accessories,14,600,8400,2023-08-25,Bangalore,South,Anil Sharma,Net Banking,Cancelled
1080,Meera Joshi,Webcam,Accessories,8,2500,20000,2023-06-17,Chennai,South,Suresh Iyer,Net Banking,Cancelled
1081,Pooja Gupta,Headphones,Electronics,8,3500,28000,2023-01-10,Delhi,North,Anil Sharma,Net Banking,Shipped
1082,Sneha Reddy,Monitor,Electronics,13,22000,286000,2023-01-16,Mumbai,West,Meera Patel,Credit Card,Shipped
1083,Priya Patel,Mouse,Accessories,8,800,6400,2023-12-09,Bangalore,South,Meera Patel,Cash on Delivery,Processing
1084,Pooja Gupta,Webcam,Accessories,10,2500,25000,2023-11-07,Bangalore,South,Sunita Rao,UPI,Processing
1085,Ananya Das,Monitor,Electronics,1,22000,22000,2023-06-09,Surat,West,Suresh Iyer,Cash on Delivery,Shipped
1086,Sneha Reddy,Monitor,Electronics,12,22000,264000,2023-11-18,Surat,West,Sunita Rao,Net Banking,Delivered
1087,Kiran Kumar,Speaker,Electronics,6,4500,27000,2023-09-30,Mumbai,West,Priya Nair,Credit Card,Processing
1088,Priya Patel,Laptop,Electronics,14,45000,630000,2023-09-08,Pune,West,Suresh Iyer,Net Banking,Cancelled
1089,Vikram Iyer,Keyboard,Accessories,3,1200,3600,2023-09-25,Pune,West,Deepak Joshi,Cash on Delivery,Cancelled
1090,Kavya Nambiar,USB Hub,Accessories,5,600,3000,2023-06-15,Surat,West,Meera Patel,Credit Card,Processing
1091,Ananya Das,Tablet,Electronics,13,32000,416000,2023-08-26,Chennai,South,Suresh Iyer,Net Banking,Delivered
1092,Sneha Reddy,Tablet,Electronics,3,32000,96000,2023-09-07,Kolkata,East,Priya Nair,Net Banking,Processing
1093,Rahul Mishra,Headphones,Electronics,12,3500,42000,2023-05-22,Surat,West,Anil Sharma,UPI,Delivered
1094,Suresh Rao,Mouse,Accessories,8,800,6400,2023-10-12,Pune,West,Meera Patel,Cash on Delivery,Cancelled
1095,Sneha Reddy,Tablet,Electronics,2,32000,64000,2023-05-31,Mumbai,West,Suresh Iyer,UPI,Processing
1096,Rahul Mishra,Speaker,Electronics,8,4500,36000,2023-10-11,Kolkata,East,Priya Nair,Cash on Delivery,Processing
1097,Arjun Nair,Webcam,Accessories,5,2500,12500,2023-06-06,Jaipur,North,Meera Patel,Credit Card,Shipped
1098,Suresh Rao,Webcam,Accessories,12,2500,30000,2023-10-02,Delhi,North,Ravi Kumar,UPI,Shipped
1099,Suresh Rao,Tablet,Electronics,12,32000,384000,2023-10-29,Hyderabad,South,Deepak Joshi,Credit Card,Shipped
1100,Arjun Nair,Headphones,Electronics,6,3500,21000,2023-04-02,Chennai,South,Anil Sharma,UPI,Processing
1101,Pooja Gupta,Laptop,Electronics,9,45000,405000,2023-05-30,Mumbai,West,Ravi Kumar,Cash on Delivery,Delivered
1102,Divya Singh,Laptop,Electronics,5,45000,225000,2023-08-29,Surat,West,Kavya Reddy,Net Banking,Shipped
1103,Priya Patel,Laptop,Electronics,14,45000,630000,2023-09-02,Hyderabad,South,Sunita Rao,Cash on Delivery,Cancelled
1104,Ramesh Kumar,Monitor,Electronics,11,22000,242000,2023-12-18,Surat,West,Ravi Kumar,UPI,Processing
1105,Suresh Rao,Monitor,Electronics,2,22000,44000,2023-10-13,Chennai,South,Suresh Iyer,UPI,Cancelled
1106,Kiran Kumar,Tablet,Electronics,5,32000,160000,2023-10-29,Jaipur,North,Deepak Joshi,Credit Card,Delivered
1107,Priya Patel,Mouse,Accessories,5,800,4000,2023-12-05,Chennai,South,Ravi Kumar,UPI,Shipped
1108,Kiran Kumar,Printer,Electronics,3,12000,36000,2023-01-02,Delhi,North,Kavya Reddy,Cash on Delivery,Processing
1109,Arjun Nair,Laptop,Electronics,5,45000,225000,2023-12-28,Chennai,South,Kavya Reddy,Credit Card,Shipped
1110,Kiran Kumar,Headphones,Electronics,11,3500,38500,2023-04-12,Surat,West,Sunita Rao,UPI,Shipped
1111,Amit Verma,Headphones,Electronics,2,3500,7000,2023-01-31,Bangalore,South,Deepak Joshi,Net Banking,Cancelled
1112,Pooja Gupta,Monitor,Electronics,12,22000,264000,2023-06-05,Jaipur,North,Suresh Iyer,Net Banking,Cancelled
1113,Tanvi Mehta,Tablet,Electronics,10,32000,320000,2023-01-21,Delhi,North,Suresh Iyer,Net Banking,Processing
1114,Kavya Nambiar,Laptop,Electronics,4,45000,180000,2023-12-12,Delhi,North,Anil Sharma,Net Banking,Delivered
1115,Divya Singh,Keyboard,Accessories,9,1200,10800,2023-11-30,Jaipur,North,Deepak Joshi,UPI,Cancelled
1116,Kiran Kumar,Tablet,Electronics,8,32000,256000,2023-06-28,Delhi,North,Priya Nair,Net Banking,Delivered
1117,Divya Singh,Keyboard,Accessories,7,1200,8400,2023-12-22,Kolkata,East,Deepak Joshi,Cash on Delivery,Delivered
1118,Meera Joshi,Tablet,Electronics,6,32000,192000,2023-05-10,Delhi,North,Sunita Rao,Cash on Delivery,Delivered
1119,Sneha Reddy,Printer,Electronics,7,12000,84000,2023-01-28,Jaipur,North,Priya Nair,Cash on Delivery,Cancelled
1120,Amit Verma,Laptop,Electronics,5,45000,225000,2023-10-09,Chennai,South,Deepak Joshi,Cash on Delivery,Cancelled
1121,Suresh Rao,Monitor,Electronics,11,22000,242000,2023-11-08,Mumbai,West,Meera Patel,UPI,Processing
1122,Priya Patel,Printer,Electronics,9,12000,108000,2023-07-28,Mumbai,West,Meera Patel,Credit Card,Cancelled
1123,Rahul Mishra,Monitor,Electronics,8,22000,176000,2023-05-30,Bangalore,South,Deepak Joshi,Cash on Delivery,Cancelled
1124,Amit Verma,Tablet,Electronics,8,32000,256000,2023-10-10,Chennai,South,Suresh Iyer,UPI,Shipped
1125,Meera Joshi,Monitor,Electronics,13,22000,286000,2023-08-01,Hyderabad,South,Deepak Joshi,Credit Card,Processing
1126,Divya Singh,Headphones,Electronics,10,3500,35000,2023-12-04,Surat,West,Ravi Kumar,Cash on Delivery,Cancelled
1127,Kiran Kumar,Webcam,Accessories,9,2500,22500,2023-10-06,Kolkata,East,Kavya Reddy,Net Banking,Shipped
1128,Kavya Nambiar,Mouse,Accessories,7,800,5600,2023-04-30,Surat,West,Suresh Iyer,Credit Card,Processing
1129,Suresh Rao,Tablet,Electronics,7,32000,224000,2023-12-06,Pune,West,Ravi Kumar,Cash on Delivery,Delivered
1130,Kavya Nambiar,Keyboard,Accessories,10,1200,12000,2023-06-19,Ahmedabad,West,Sunita Rao,Cash on Delivery,Delivered
1131,Kiran Kumar,Printer,Electronics,1,12000,12000,2023-03-15,Jaipur,North,Ravi Kumar,Credit Card,Cancelled
1132,Kiran Kumar,Headphones,Electronics,10,3500,35000,2023-12-21,Kolkata,East,Sunita Rao,Net Banking,Cancelled
1133,Ramesh Kumar,Webcam,Accessories,14,2500,35000,2023-10-05,Jaipur,North,Sunita Rao,UPI,Processing
1134,Suresh Rao,Mouse,Accessories,7,800,5600,2023-02-20,Delhi,North,Sunita Rao,Cash on Delivery,Shipped
1135,Suresh Rao,Headphones,Electronics,1,3500,3500,2023-06-16,Mumbai,West,Anil Sharma,Net Banking,Processing
1136,Rahul Mishra,Webcam,Accessories,3,2500,7500,2023-05-06,Pune,West,Suresh Iyer,UPI,Shipped
1137,Ananya Das,Keyboard,Accessories,10,1200,12000,2023-07-15,Delhi,North,Meera Patel,Cash on Delivery,Shipped
1138,Divya Singh,Mouse,Accessories,11,800,8800,2023-05-11,Jaipur,North,Deepak Joshi,Credit Card,Cancelled
1139,Divya Singh,Headphones,Electronics,3,3500,10500,2023-02-07,Ahmedabad,West,Priya Nair,Net Banking,Cancelled
1140,Sneha Reddy,Headphones,Electronics,14,3500,49000,2023-06-04,Jaipur,North,Suresh Iyer,Cash on Delivery,Delivered
1141,Ananya Das,Mouse,Accessories,10,800,8000,2023-07-03,Pune,West,Deepak Joshi,Net Banking,Delivered
1142,Kavya Nambiar,USB Hub,Accessories,1,600,600,2023-10-17,Hyderabad,South,Anil Sharma,Cash on Delivery,Processing
1143,Sneha Reddy,Mouse,Accessories,13,800,10400,2023-06-30,Surat,West,Meera Patel,Net Banking,Shipped
1144,Ramesh Kumar,Monitor,Electronics,5,22000,110000,2023-08-14,Mumbai,West,Priya Nair,UPI,Delivered
1145,Amit Verma,Headphones,Electronics,12,3500,42000,2023-08-01,Kolkata,East,Meera Patel,UPI,Processing
1146,Kavya Nambiar,Printer,Electronics,15,12000,180000,2023-05-20,Ahmedabad,West,Ravi Kumar,Net Banking,Cancelled
1147,Divya Singh,Headphones,Electronics,13,3500,45500,2023-02-28,Kolkata,East,Sunita Rao,UPI,Shipped
1148,Suresh Rao,USB Hub,Accessories,6,600,3600,2023-02-16,Ahmedabad,West,Suresh Iyer,Credit Card,Processing
1149,Vikram Iyer,Printer,Electronics,8,12000,96000,2023-07-08,Delhi,North,Deepak Joshi,Cash on Delivery,Processing
1150,Ananya Das,Monitor,Electronics,8,22000,176000,2023-01-13,Chennai,South,Priya Nair,UPI,Delivered
1151,Priya Patel,Tablet,Electronics,11,32000,352000,2023-07-29,Hyderabad,South,Ravi Kumar,Credit Card,Delivered
1152,Sneha Reddy,Headphones,Electronics,2,3500,7000,2023-02-19,Jaipur,North,Ravi Kumar,Cash on Delivery,Cancelled
1153,Pooja Gupta,Webcam,Accessories,7,2500,17500,2023-10-28,Ahmedabad,West,Ravi Kumar,Cash on Delivery,Delivered
1154,Ramesh Kumar,Tablet,Electronics,7,32000,224000,2023-05-24,Surat,West,Priya Nair,UPI,Cancelled
1155,Priya Patel,Tablet,Electronics,14,32000,448000,2023-07-05,Chennai,South,Priya Nair,Net Banking,Delivered
1156,Kavya Nambiar,USB Hub,Accessories,4,600,2400,2023-03-04,Hyderabad,South,Kavya Reddy,Credit Card,Shipped
1157,Sneha Reddy,Speaker,Electronics,1,4500,4500,2023-06-20,Mumbai,West,Ravi Kumar,UPI,Delivered
1158,Kavya Nambiar,Printer,Electronics,10,12000,120000,2023-04-21,Chennai,South,Meera Patel,Net Banking,Shipped
1159,Amit Verma,Speaker,Electronics,5,4500,22500,2023-03-16,Mumbai,West,Deepak Joshi,UPI,Delivered
1160,Suresh Rao,Laptop,Electronics,1,45000,45000,2023-07-03,Bangalore,South,Meera Patel,Net Banking,Delivered
1161,Pooja Gupta,Keyboard,Accessories,1,1200,1200,2023-03-06,Hyderabad,South,Suresh Iyer,Credit Card,Delivered
1162,Rahul Mishra,Tablet,Electronics,13,32000,416000,2023-07-05,Jaipur,North,Sunita Rao,Cash on Delivery,Shipped
1163,Rahul Mishra,Speaker,Electronics,12,4500,54000,2023-12-04,Mumbai,West,Deepak Joshi,Cash on Delivery,Delivered
1164,Kiran Kumar,Laptop,Electronics,14,45000,630000,2023-07-25,Jaipur,North,Sunita Rao,Cash on Delivery,Cancelled
1165,Amit Verma,Monitor,Electronics,6,22000,132000,2023-11-08,Delhi,North,Sunita Rao,UPI,Processing
1166,Meera Joshi,Speaker,Electronics,9,4500,40500,2023-12-31,Surat,West,Suresh Iyer,Net Banking,Cancelled
1167,Suresh Rao,Printer,Electronics,7,12000,84000,2023-02-20,Surat,West,Sunita Rao,UPI,Cancelled
1168,Kavya Nambiar,Tablet,Electronics,7,32000,224000,2023-06-23,Chennai,South,Kavya Reddy,Cash on Delivery,Cancelled
1169,Vikram Iyer,Monitor,Electronics,7,22000,154000,2023-06-10,Kolkata,East,Deepak Joshi,Net Banking,Shipped
1170,Priya Patel,Tablet,Electronics,2,32000,64000,2023-02-13,Delhi,North,Suresh Iyer,Credit Card,Processing
1171,Rahul Mishra,Keyboard,Accessories,1,1200,1200,2023-10-28,Ahmedabad,West,Priya Nair,Credit Card,Cancelled
1172,Arjun Nair,Webcam,Accessories,14,2500,35000,2023-01-27,Pune,West,Deepak Joshi,Net Banking,Delivered
1173,Vikram Iyer,Speaker,Electronics,4,4500,18000,2023-03-21,Ahmedabad,West,Kavya Reddy,UPI,Delivered
1174,Suresh Rao,Webcam,Accessories,6,2500,15000,2023-02-28,Ahmedabad,West,Deepak Joshi,UPI,Cancelled
1175,Vikram Iyer,Printer,Electronics,10,12000,120000,2023-12-12,Surat,West,Anil Sharma,Net Banking,Delivered
1176,Tanvi Mehta,Keyboard,Accessories,12,1200,14400,2023-06-08,Hyderabad,South,Priya Nair,Net Banking,Delivered
1177,Kiran Kumar,Keyboard,Accessories,10,1200,12000,2023-12-03,Bangalore,South,Sunita Rao,UPI,Delivered
1178,Kiran Kumar,Monitor,Electronics,4,22000,88000,2023-07-12,Ahmedabad,West,Kavya Reddy,Net Banking,Shipped
1179,Suresh Rao,Webcam,Accessories,12,2500,30000,2023-06-16,Hyderabad,South,Sunita Rao,Credit Card,Shipped
1180,Priya Patel,Keyboard,Accessories,1,1200,1200,2023-12-12,Surat,West,Deepak Joshi,Cash on Delivery,Cancelled
1181,Arjun Nair,Tablet,Electronics,8,32000,256000,2023-08-01,Surat,West,Meera Patel,Credit Card,Processing
1182,Vikram Iyer,USB Hub,Accessories,5,600,3000,2023-12-14,Delhi,North,Kavya Reddy,Net Banking,Delivered
1183,Ramesh Kumar,Mouse,Accessories,10,800,8000,2023-01-29,Pune,West,Meera Patel,Net Banking,Shipped
1184,Priya Patel,Keyboard,Accessories,5,1200,6000,2023-06-17,Hyderabad,South,Anil Sharma,Cash on Delivery,Cancelled
1185,Pooja Gupta,Keyboard,Accessories,7,1200,8400,2023-09-30,Bangalore,South,Meera Patel,Net Banking,Delivered
1186,Divya Singh,USB Hub,Accessories,7,600,4200,2023-01-10,Mumbai,West,Sunita Rao,Net Banking,Cancelled
1187,Kiran Kumar,Speaker,Electronics,12,4500,54000,2023-11-24,Pune,West,Deepak Joshi,Credit Card,Cancelled
1188,Divya Singh,Laptop,Electronics,3,45000,135000,2023-11-13,Kolkata,East,Priya Nair,Credit Card,Cancelled
1189,Kiran Kumar,Monitor,Electronics,7,22000,154000,2023-10-29,Chennai,South,Sunita Rao,Cash on Delivery,Processing
1190,Priya Patel,Webcam,Accessories,6,2500,15000,2023-03-28,Chennai,South,Sunita Rao,UPI,Processing
1191,Amit Verma,Webcam,Accessories,4,2500,10000,2023-02-22,Bangalore,South,Deepak Joshi,UPI,Shipped
1192,Priya Patel,Speaker,Electronics,13,4500,58500,2023-12-02,Bangalore,South,Ravi Kumar,Cash on Delivery,Cancelled
1193,Tanvi Mehta,Speaker,Electronics,8,4500,36000,2023-12-15,Surat,West,Priya Nair,Net Banking,Shipped
1194,Vikram Iyer,Tablet,Electronics,8,32000,256000,2023-08-15,Delhi,North,Deepak Joshi,Net Banking,Delivered
1195,Divya Singh,Webcam,Accessories,2,2500,5000,2023-06-08,Ahmedabad,West,Kavya Reddy,Credit Card,Delivered
1196,Kavya Nambiar,Webcam,Accessories,2,2500,5000,2023-11-27,Hyderabad,South,Sunita Rao,Cash on Delivery,Cancelled
1197,Divya Singh,Speaker,Electronics,13,4500,58500,2023-01-22,Ahmedabad,West,Meera Patel,Net Banking,Cancelled
1198,Priya Patel,Printer,Electronics,1,12000,12000,2023-08-19,Bangalore,South,Priya Nair,Credit Card,Shipped
1199,Divya Singh,Laptop,Electronics,12,45000,540000,2023-08-13,Chennai,South,Ravi Kumar,Net Banking,Processing
1200,Vikram Iyer,Headphones,Electronics,7,3500,24500,2023-06-23,Pune,West,Anil Sharma,Net Banking,Delivered
1201,Kiran Kumar,Webcam,Accessories,9,2500,22500,2023-12-14,Delhi,North,Deepak Joshi,Net Banking,Shipped
1202,Amit Verma,Webcam,Accessories,10,2500,25000,2023-12-06,Delhi,North,Priya Nair,Net Banking,Cancelled
1203,Arjun Nair,Keyboard,Accessories,12,1200,14400,2023-02-13,Surat,West,Suresh Iyer,Net Banking,Shipped
1204,Kiran Kumar,Printer,Electronics,11,12000,132000,2023-12-10,Delhi,North,Priya Nair,Credit Card,Processing
1205,Suresh Rao,Headphones,Electronics,4,3500,14000,2023-06-24,Bangalore,South,Kavya Reddy,UPI,Shipped
1206,Kavya Nambiar,Keyboard,Accessories,2,1200,2400,2023-06-01,Bangalore,South,Sunita Rao,Credit Card,Processing
1207,Amit Verma,Speaker,Electronics,10,4500,45000,2023-07-12,Bangalore,South,Ravi Kumar,UPI,Shipped
1208,Vikram Iyer,Tablet,Electronics,7,32000,224000,2023-07-06,Mumbai,West,Meera Patel,Cash on Delivery,Processing
1209,Arjun Nair,Tablet,Electronics,9,32000,288000,2023-05-03,Chennai,South,Kavya Reddy,UPI,Processing
1210,Suresh Rao,Speaker,Electronics,8,4500,36000,2023-05-25,Jaipur,North,Suresh Iyer,Cash on Delivery,Shipped
1211,Ramesh Kumar,Mouse,Accessories,3,800,2400,2023-05-09,Surat,West,Kavya Reddy,Net Banking,Delivered
1212,Suresh Rao,Printer,Electronics,5,12000,60000,2023-02-12,Delhi,North,Ravi Kumar,Net Banking,Cancelled
1213,Priya Patel,Printer,Electronics,14,12000,168000,2023-08-12,Bangalore,South,Meera Patel,Cash on Delivery,Processing
1214,Rahul Mishra,Laptop,Electronics,1,45000,45000,2023-07-22,Pune,West,Priya Nair,UPI,Cancelled
1215,Meera Joshi,Monitor,Electronics,4,22000,88000,2023-01-15,Kolkata,East,Sunita Rao,Net Banking,Shipped
1216,Pooja Gupta,Keyboard,Accessories,5,1200,6000,2023-08-30,Mumbai,West,Ravi Kumar,Cash on Delivery,Cancelled
1217,Ramesh Kumar,Speaker,Electronics,15,4500,67500,2023-02-10,Mumbai,West,Deepak Joshi,UPI,Shipped
1218,Priya Patel,Printer,Electronics,9,12000,108000,2023-08-05,Surat,West,Deepak Joshi,UPI,Processing
1219,Vikram Iyer,Monitor,Electronics,4,22000,88000,2023-08-03,Mumbai,West,Kavya Reddy,Credit Card,Delivered
1220,Vikram Iyer,Tablet,Electronics,9,32000,288000,2023-01-09,Surat,West,Meera Patel,UPI,Processing
1221,Sneha Reddy,USB Hub,Accessories,10,600,6000,2023-06-30,Mumbai,West,Suresh Iyer,UPI,Delivered
1222,Rahul Mishra,Printer,Electronics,2,12000,24000,2023-09-27,Kolkata,East,Anil Sharma,Cash on Delivery,Cancelled
1223,Pooja Gupta,Laptop,Electronics,6,45000,270000,2023-05-10,Pune,West,Anil Sharma,Net Banking,Delivered
1224,Vikram Iyer,Webcam,Accessories,12,2500,30000,2023-12-03,Chennai,South,Sunita Rao,Net Banking,Shipped
1225,Kavya Nambiar,Laptop,Electronics,9,45000,405000,2023-06-23,Kolkata,East,Ravi Kumar,Cash on Delivery,Cancelled
1226,Ramesh Kumar,Keyboard,Accessories,2,1200,2400,2023-08-23,Bangalore,South,Deepak Joshi,UPI,Delivered
1227,Rahul Mishra,Mouse,Accessories,6,800,4800,2023-06-08,Mumbai,West,Suresh Iyer,Cash on Delivery,Processing
1228,Kavya Nambiar,Laptop,Electronics,5,45000,225000,2023-07-02,Chennai,South,Anil Sharma,Net Banking,Processing
1229,Pooja Gupta,Monitor,Electronics,7,22000,154000,2023-07-24,Kolkata,East,Kavya Reddy,Cash on Delivery,Processing
1230,Meera Joshi,Keyboard,Accessories,12,1200,14400,2023-09-12,Jaipur,North,Deepak Joshi,Credit Card,Cancelled
1231,Rahul Mishra,Monitor,Electronics,10,22000,220000,2023-04-03,Pune,West,Deepak Joshi,Net Banking,Delivered
1232,Arjun Nair,Monitor,Electronics,11,22000,242000,2023-06-01,Kolkata,East,Kavya Reddy,Cash on Delivery,Shipped
1233,Pooja Gupta,Tablet,Electronics,8,32000,256000,2023-01-22,Kolkata,East,Priya Nair,Cash on Delivery,Processing
1234,Kiran Kumar,Laptop,Electronics,11,45000,495000,2023-11-23,Delhi,North,Priya Nair,UPI,Delivered
1235,Ramesh Kumar,Keyboard,Accessories,11,1200,13200,2023-08-13,Surat,West,Ravi Kumar,Credit Card,Shipped
1236,Ramesh Kumar,Webcam,Accessories,7,2500,17500,2023-10-18,Kolkata,East,Ravi Kumar,Cash on Delivery,Processing
1237,Ananya Das,Webcam,Accessories,13,2500,32500,2023-02-09,Jaipur,North,Ravi Kumar,Net Banking,Cancelled
1238,Ramesh Kumar,Webcam,Accessories,4,2500,10000,2023-02-28,Hyderabad,South,Ravi Kumar,Cash on Delivery,Cancelled
1239,Pooja Gupta,Printer,Electronics,5,12000,60000,2023-05-14,Delhi,North,Kavya Reddy,UPI,Processing
1240,Kavya Nambiar,Tablet,Electronics,2,32000,64000,2023-03-11,Chennai,South,Sunita Rao,Cash on Delivery,Shipped
1241,Kavya Nambiar,Tablet,Electronics,13,32000,416000,2023-12-16,Delhi,North,Priya Nair,Net Banking,Delivered
1242,Kavya Nambiar,Printer,Electronics,5,12000,60000,2023-06-03,Ahmedabad,West,Ravi Kumar,UPI,Processing
1243,Suresh Rao,Printer,Electronics,2,12000,24000,2023-04-13,Chennai,South,Ravi Kumar,UPI,Cancelled
1244,Meera Joshi,Laptop,Electronics,9,45000,405000,2023-10-21,Kolkata,East,Kavya Reddy,UPI,Delivered
1245,Rahul Mishra,Monitor,Electronics,7,22000,154000,2023-09-03,Hyderabad,South,Suresh Iyer,Cash on Delivery,Delivered
1246,Divya Singh,Keyboard,Accessories,11,1200,13200,2023-02-07,Kolkata,East,Kavya Reddy,Net Banking,Shipped
1247,Kiran Kumar,Printer,Electronics,3,12000,36000,2023-03-08,Surat,West,Anil Sharma,Credit Card,Shipped
1248,Tanvi Mehta,Headphones,Electronics,3,3500,10500,2023-06-15,Bangalore,South,Meera Patel,Net Banking,Processing
1249,Rahul Mishra,Monitor,Electronics,4,22000,88000,2023-11-22,Hyderabad,South,Deepak Joshi,UPI,Processing
1250,Vikram Iyer,Speaker,Electronics,2,4500,9000,2023-09-15,Ahmedabad,West,Ravi Kumar,UPI,Shipped
1251,Ramesh Kumar,Speaker,Electronics,6,4500,27000,2023-10-16,Surat,West,Anil Sharma,Credit Card,Delivered
1252,Suresh Rao,Speaker,Electronics,11,4500,49500,2023-04-18,Hyderabad,South,Suresh Iyer,Credit Card,Cancelled
1253,Divya Singh,Printer,Electronics,11,12000,132000,2023-06-04,Hyderabad,South,Meera Patel,Cash on Delivery,Processing
1254,Amit Verma,Tablet,Electronics,12,32000,384000,2023-01-31,Delhi,North,Kavya Reddy,Cash on Delivery,Cancelled
1255,Amit Verma,Tablet,Electronics,6,32000,192000,2023-11-07,Chennai,South,Priya Nair,Net Banking,Processing
1256,Rahul Mishra,USB Hub,Accessories,13,600,7800,2023-07-09,Bangalore,South,Sunita Rao,Net Banking,Shipped
1257,Sneha Reddy,Tablet,Electronics,5,32000,160000,2023-08-19,Delhi,North,Ravi Kumar,Credit Card,Delivered
1258,Kiran Kumar,Headphones,Electronics,14,3500,49000,2023-11-12,Pune,West,Meera Patel,UPI,Processing
1259,Divya Singh,Speaker,Electronics,4,4500,18000,2023-03-23,Kolkata,East,Kavya Reddy,Cash on Delivery,Processing
1260,Rahul Mishra,Tablet,Electronics,2,32000,64000,2023-07-21,Mumbai,West,Kavya Reddy,UPI,Shipped
1261,Arjun Nair,Speaker,Electronics,1,4500,4500,2023-01-26,Kolkata,East,Kavya Reddy,Cash on Delivery,Processing
1262,Kiran Kumar,Printer,Electronics,14,12000,168000,2023-02-25,Mumbai,West,Ravi Kumar,Net Banking,Processing
1263,Ramesh Kumar,USB Hub,Accessories,1,600,600,2023-07-25,Kolkata,East,Meera Patel,Net Banking,Processing
1264,Suresh Rao,Monitor,Electronics,9,22000,198000,2023-08-19,Pune,West,Deepak Joshi,Credit Card,Shipped
1265,Rahul Mishra,Monitor,Electronics,6,22000,132000,2023-06-23,Pune,West,Priya Nair,UPI,Shipped
1266,Ramesh Kumar,Speaker,Electronics,7,4500,31500,2023-09-14,Ahmedabad,West,Anil Sharma,Credit Card,Shipped
1267,Amit Verma,Webcam,Accessories,9,2500,22500,2023-08-22,Jaipur,North,Ravi Kumar,Net Banking,Processing
1268,Ananya Das,Keyboard,Accessories,10,1200,12000,2023-06-03,Pune,West,Priya Nair,Cash on Delivery,Processing
1269,Vikram Iyer,Tablet,Electronics,6,32000,192000,2023-06-19,Mumbai,West,Sunita Rao,Cash on Delivery,Processing
1270,Vikram Iyer,Laptop,Electronics,8,45000,360000,2023-05-16,Surat,West,Meera Patel,Credit Card,Cancelled
1271,Suresh Rao,Keyboard,Accessories,11,1200,13200,2023-11-14,Ahmedabad,West,Suresh Iyer,UPI,Shipped
1272,Sneha Reddy,Laptop,Electronics,12,45000,540000,2023-02-26,Surat,West,Anil Sharma,Cash on Delivery,Processing
1273,Sneha Reddy,USB Hub,Accessories,7,600,4200,2023-12-20,Bangalore,South,Suresh Iyer,Cash on Delivery,Delivered
1274,Meera Joshi,Keyboard,Accessories,4,1200,4800,2023-10-15,Ahmedabad,West,Kavya Reddy,Cash on Delivery,Processing
1275,Meera Joshi,Keyboard,Accessories,15,1200,18000,2023-09-30,Jaipur,North,Priya Nair,Net Banking,Cancelled
1276,Arjun Nair,Mouse,Accessories,5,800,4000,2023-10-13,Chennai,South,Meera Patel,Net Banking,Processing
1277,Meera Joshi,Mouse,Accessories,6,800,4800,2023-09-03,Jaipur,North,Deepak Joshi,Net Banking,Delivered
1278,Kavya Nambiar,Speaker,Electronics,7,4500,31500,2023-07-22,Ahmedabad,West,Priya Nair,UPI,Processing
1279,Meera Joshi,Laptop,Electronics,12,45000,540000,2023-02-10,Hyderabad,South,Kavya Reddy,Net Banking,Cancelled
1280,Arjun Nair,Mouse,Accessories,14,800,11200,2023-10-03,Chennai,South,Deepak Joshi,UPI,Delivered
1281,Ramesh Kumar,Speaker,Electronics,4,4500,18000,2023-05-05,Surat,West,Meera Patel,UPI,Delivered
1282,Priya Patel,Monitor,Electronics,6,22000,132000,2023-08-30,Pune,West,Ravi Kumar,Credit Card,Shipped
1283,Sneha Reddy,USB Hub,Accessories,8,600,4800,2023-11-30,Jaipur,North,Deepak Joshi,Net Banking,Processing
1284,Sneha Reddy,Laptop,Electronics,11,45000,495000,2023-10-21,Delhi,North,Anil Sharma,UPI,Cancelled
1285,Suresh Rao,Keyboard,Accessories,14,1200,16800,2023-07-23,Mumbai,West,Kavya Reddy,UPI,Processing
1286,Ananya Das,Laptop,Electronics,5,45000,225000,2023-10-18,Mumbai,West,Sunita Rao,Net Banking,Processing
1287,Tanvi Mehta,Tablet,Electronics,9,32000,288000,2023-09-10,Ahmedabad,West,Ravi Kumar,Cash on Delivery,Processing
1288,Pooja Gupta,Mouse,Accessories,6,800,4800,2023-03-25,Delhi,North,Kavya Reddy,Net Banking,Shipped
1289,Ananya Das,Laptop,Electronics,13,45000,585000,2023-06-01,Kolkata,East,Meera Patel,UPI,Cancelled
1290,Kiran Kumar,USB Hub,Accessories,6,600,3600,2023-02-14,Ahmedabad,West,Sunita Rao,UPI,Shipped
1291,Ramesh Kumar,Tablet,Electronics,15,32000,480000,2023-05-08,Kolkata,East,Deepak Joshi,Cash on Delivery,Shipped
1292,Ananya Das,Tablet,Electronics,6,32000,192000,2023-06-04,Hyderabad,South,Anil Sharma,Net Banking,Processing
1293,Divya Singh,Mouse,Accessories,11,800,8800,2023-03-02,Mumbai,West,Deepak Joshi,UPI,Cancelled
1294,Vikram Iyer,Printer,Electronics,12,12000,144000,2023-03-02,Hyderabad,South,Deepak Joshi,Net Banking,Shipped
1295,Divya Singh,Mouse,Accessories,8,800,6400,2023-03-20,Bangalore,South,Priya Nair,Cash on Delivery,Cancelled
1296,Vikram Iyer,Printer,Electronics,13,12000,156000,2023-05-07,Chennai,South,Sunita Rao,Cash on Delivery,Processing
1297,Kavya Nambiar,Monitor,Electronics,2,22000,44000,2023-02-01,Surat,West,Meera Patel,UPI,Shipped
1298,Vikram Iyer,Webcam,Accessories,8,2500,20000,2023-03-01,Ahmedabad,West,Meera Patel,Cash on Delivery,Delivered
1299,Divya Singh,Printer,Electronics,13,12000,156000,2023-01-29,Jaipur,North,Ravi Kumar,Cash on Delivery,Cancelled
1300,Vikram Iyer,Speaker,Electronics,9,4500,40500,2023-08-25,Mumbai,West,Deepak Joshi,Credit Card,Cancelled
1301,Ananya Das,Headphones,Electronics,12,3500,42000,2023-04-22,Mumbai,West,Sunita Rao,Credit Card,Cancelled
1302,Tanvi Mehta,Webcam,Accessories,9,2500,22500,2023-01-31,Delhi,North,Sunita Rao,Cash on Delivery,Delivered
1303,Suresh Rao,Headphones,Electronics,3,3500,10500,2023-03-11,Pune,West,Suresh Iyer,Net Banking,Cancelled
1304,Vikram Iyer,Tablet,Electronics,7,32000,224000,2023-02-11,Pune,West,Ravi Kumar,Net Banking,Delivered
1305,Amit Verma,Keyboard,Accessories,7,1200,8400,2023-09-28,Ahmedabad,West,Meera Patel,Credit Card,Delivered
1306,Kiran Kumar,Headphones,Electronics,11,3500,38500,2023-10-06,Jaipur,North,Suresh Iyer,UPI,Shipped
1307,Sneha Reddy,Tablet,Electronics,3,32000,96000,2023-05-22,Kolkata,East,Sunita Rao,Credit Card,Cancelled
1308,Priya Patel,Speaker,Electronics,4,4500,18000,2023-04-16,Mumbai,West,Sunita Rao,Credit Card,Cancelled
1309,Kiran Kumar,Speaker,Electronics,4,4500,18000,2023-01-23,Mumbai,West,Kavya Reddy,UPI,Shipped
1310,Sneha Reddy,Laptop,Electronics,9,45000,405000,2023-05-29,Bangalore,South,Priya Nair,Net Banking,Shipped
1311,Sneha Reddy,Headphones,Electronics,11,3500,38500,2023-09-24,Bangalore,South,Suresh Iyer,Net Banking,Processing
1312,Vikram Iyer,Laptop,Electronics,10,45000,450000,2023-03-31,Ahmedabad,West,Suresh Iyer,Cash on Delivery,Delivered
1313,Meera Joshi,Webcam,Accessories,13,2500,32500,2023-09-26,Pune,West,Suresh Iyer,Cash on Delivery,Shipped
1314,Divya Singh,Headphones,Electronics,3,3500,10500,2023-10-03,Pune,West,Meera Patel,UPI,Processing
1315,Rahul Mishra,Keyboard,Accessories,15,1200,18000,2023-01-30,Jaipur,North,Suresh Iyer,Cash on Delivery,Shipped
1316,Meera Joshi,USB Hub,Accessories,5,600,3000,2023-04-15,Chennai,South,Sunita Rao,Cash on Delivery,Processing
1317,Ramesh Kumar,Monitor,Electronics,12,22000,264000,2023-04-08,Ahmedabad,West,Deepak Joshi,Cash on Delivery,Delivered
1318,Pooja Gupta,Monitor,Electronics,13,22000,286000,2023-10-28,Chennai,South,Meera Patel,Cash on Delivery,Shipped
1319,Sneha Reddy,Webcam,Accessories,15,2500,37500,2023-01-08,Hyderabad,South,Meera Patel,Credit Card,Cancelled
1320,Kiran Kumar,Mouse,Accessories,12,800,9600,2023-04-15,Surat,West,Meera Patel,Net Banking,Processing
1321,Meera Joshi,USB Hub,Accessories,9,600,5400,2023-11-29,Jaipur,North,Deepak Joshi,Net Banking,Processing
1322,Suresh Rao,Printer,Electronics,8,12000,96000,2023-02-20,Jaipur,North,Kavya Reddy,Net Banking,Shipped
1323,Ananya Das,Webcam,Accessories,7,2500,17500,2023-01-24,Kolkata,East,Meera Patel,UPI,Delivered
1324,Ananya Das,Headphones,Electronics,15,3500,52500,2023-10-27,Ahmedabad,West,Suresh Iyer,Net Banking,Shipped
1325,Ananya Das,Mouse,Accessories,4,800,3200,2023-07-14,Kolkata,East,Meera Patel,Cash on Delivery,Processing
1326,Pooja Gupta,Headphones,Electronics,12,3500,42000,2023-11-25,Jaipur,North,Kavya Reddy,Cash on Delivery,Shipped
1327,Divya Singh,Webcam,Accessories,3,2500,7500,2023-10-07,Bangalore,South,Ravi Kumar,Credit Card,Delivered
1328,Kiran Kumar,Monitor,Electronics,13,22000,286000,2023-01-04,Mumbai,West,Ravi Kumar,UPI,Delivered
1329,Divya Singh,Keyboard,Accessories,4,1200,4800,2023-09-16,Mumbai,West,Priya Nair,Credit Card,Cancelled
1330,Rahul Mishra,Tablet,Electronics,1,32000,32000,2023-09-30,Mumbai,West,Suresh Iyer,Credit Card,Delivered
1331,Ramesh Kumar,Printer,Electronics,9,12000,108000,2023-05-27,Hyderabad,South,Suresh Iyer,UPI,Delivered
1332,Sneha Reddy,Monitor,Electronics,3,22000,66000,2023-05-04,Ahmedabad,West,Deepak Joshi,Net Banking,Processing
1333,Divya Singh,USB Hub,Accessories,6,600,3600,2023-07-27,Delhi,North,Meera Patel,UPI,Processing
1334,Kiran Kumar,Monitor,Electronics,2,22000,44000,2023-07-27,Mumbai,West,Suresh Iyer,Cash on Delivery,Delivered
1335,Kavya Nambiar,Laptop,Electronics,2,45000,90000,2023-09-13,Bangalore,South,Suresh Iyer,Net Banking,Delivered
1336,Tanvi Mehta,Printer,Electronics,4,12000,48000,2023-04-19,Mumbai,West,Kavya Reddy,Net Banking,Delivered
1337,Ananya Das,Monitor,Electronics,15,22000,330000,2023-10-06,Hyderabad,South,Anil Sharma,UPI,Processing
1338,Suresh Rao,Laptop,Electronics,10,45000,450000,2023-03-15,Chennai,South,Suresh Iyer,Credit Card,Processing
1339,Kavya Nambiar,Keyboard,Accessories,4,1200,4800,2023-10-18,Surat,West,Suresh Iyer,Net Banking,Cancelled
1340,Ramesh Kumar,Keyboard,Accessories,9,1200,10800,2023-06-27,Delhi,North,Sunita Rao,Cash on Delivery,Shipped
1341,Ananya Das,Monitor,Electronics,10,22000,220000,2023-11-11,Kolkata,East,Suresh Iyer,Net Banking,Delivered
1342,Meera Joshi,Headphones,Electronics,8,3500,28000,2023-04-27,Jaipur,North,Suresh Iyer,Cash on Delivery,Shipped
1343,Arjun Nair,Speaker,Electronics,2,4500,9000,2023-11-13,Pune,West,Meera Patel,Credit Card,Delivered
1344,Suresh Rao,Headphones,Electronics,7,3500,24500,2023-12-31,Bangalore,South,Ravi Kumar,Cash on Delivery,Processing
1345,Arjun Nair,Webcam,Accessories,2,2500,5000,2023-01-03,Delhi,North,Kavya Reddy,Net Banking,Processing
1346,Kiran Kumar,Monitor,Electronics,2,22000,44000,2023-04-06,Bangalore,South,Kavya Reddy,Cash on Delivery,Delivered
1347,Priya Patel,Laptop,Electronics,6,45000,270000,2023-10-11,Delhi,North,Priya Nair,Cash on Delivery,Delivered
1348,Pooja Gupta,Headphones,Electronics,7,3500,24500,2023-02-13,Pune,West,Meera Patel,UPI,Cancelled
1349,Arjun Nair,Keyboard,Accessories,5,1200,6000,2023-06-04,Bangalore,South,Kavya Reddy,UPI,Delivered
1350,Arjun Nair,Keyboard,Accessories,5,1200,6000,2023-08-04,Pune,West,Kavya Reddy,Credit Card,Processing
1351,Divya Singh,Headphones,Electronics,12,3500,42000,2023-11-17,Chennai,South,Meera Patel,Cash on Delivery,Delivered
1352,Meera Joshi,Keyboard,Accessories,1,1200,1200,2023-07-22,Hyderabad,South,Suresh Iyer,Net Banking,Cancelled
1353,Ananya Das,Webcam,Accessories,14,2500,35000,2023-11-30,Pune,West,Ravi Kumar,Net Banking,Processing
1354,Amit Verma,Speaker,Electronics,8,4500,36000,2023-06-10,Chennai,South,Suresh Iyer,Net Banking,Processing
1355,Meera Joshi,Tablet,Electronics,13,32000,416000,2023-05-05,Surat,West,Suresh Iyer,Net Banking,Cancelled
1356,Sneha Reddy,Webcam,Accessories,15,2500,37500,2023-10-16,Delhi,North,Ravi Kumar,Credit Card,Cancelled
1357,Kavya Nambiar,Mouse,Accessories,13,800,10400,2023-05-30,Jaipur,North,Sunita Rao,Cash on Delivery,Cancelled
1358,Vikram Iyer,Keyboard,Accessories,4,1200,4800,2023-05-10,Hyderabad,South,Ravi Kumar,Cash on Delivery,Cancelled
1359,Ananya Das,Monitor,Electronics,10,22000,220000,2023-09-03,Jaipur,North,Suresh Iyer,Cash on Delivery,Delivered
1360,Tanvi Mehta,Webcam,Accessories,10,2500,25000,2023-11-23,Ahmedabad,West,Sunita Rao,Credit Card,Shipped
1361,Ramesh Kumar,Webcam,Accessories,11,2500,27500,2023-11-10,Bangalore,South,Suresh Iyer,Net Banking,Cancelled
1362,Sneha Reddy,Monitor,Electronics,2,22000,44000,2023-05-13,Mumbai,West,Meera Patel,Cash on Delivery,Processing
1363,Ananya Das,USB Hub,Accessories,13,600,7800,2023-12-14,Jaipur,North,Ravi Kumar,Net Banking,Delivered
1364,Tanvi Mehta,Tablet,Electronics,5,32000,160000,2023-08-01,Delhi,North,Sunita Rao,Credit Card,Shipped
1365,Suresh Rao,Webcam,Accessories,6,2500,15000,2023-08-22,Hyderabad,South,Meera Patel,Cash on Delivery,Processing
1366,Divya Singh,Tablet,Electronics,8,32000,256000,2023-12-23,Delhi,North,Priya Nair,Credit Card,Processing
1367,Vikram Iyer,Laptop,Electronics,1,45000,45000,2023-06-25,Delhi,North,Sunita Rao,UPI,Shipped
1368,Meera Joshi,Printer,Electronics,9,12000,108000,2023-03-23,Bangalore,South,Suresh Iyer,Cash on Delivery,Shipped
1369,Vikram Iyer,USB Hub,Accessories,3,600,1800,2023-11-24,Bangalore,South,Suresh Iyer,Cash on Delivery,Delivered
1370,Kiran Kumar,Speaker,Electronics,8,4500,36000,2023-10-31,Chennai,South,Suresh Iyer,Credit Card,Shipped
1371,Suresh Rao,Mouse,Accessories,13,800,10400,2023-12-27,Hyderabad,South,Sunita Rao,Credit Card,Shipped
1372,Priya Patel,Webcam,Accessories,4,2500,10000,2023-08-23,Kolkata,East,Deepak Joshi,Cash on Delivery,Processing
1373,Ananya Das,Speaker,Electronics,10,4500,45000,2023-07-20,Pune,West,Sunita Rao,Net Banking,Processing
1374,Pooja Gupta,Tablet,Electronics,3,32000,96000,2023-12-11,Surat,West,Deepak Joshi,Credit Card,Shipped
1375,Priya Patel,Webcam,Accessories,4,2500,10000,2023-06-06,Delhi,North,Ravi Kumar,Net Banking,Shipped
1376,Amit Verma,Printer,Electronics,7,12000,84000,2023-11-02,Pune,West,Suresh Iyer,Cash on Delivery,Shipped
1377,Tanvi Mehta,Tablet,Electronics,12,32000,384000,2023-11-27,Ahmedabad,West,Ravi Kumar,UPI,Cancelled
1378,Kavya Nambiar,Headphones,Electronics,3,3500,10500,2023-06-11,Bangalore,South,Kavya Reddy,Credit Card,Processing
1379,Kavya Nambiar,Laptop,Electronics,3,45000,135000,2023-04-10,Jaipur,North,Suresh Iyer,Cash on Delivery,Cancelled
1380,Divya Singh,Tablet,Electronics,12,32000,384000,2023-08-16,Pune,West,Ravi Kumar,Credit Card,Delivered
1381,Sneha Reddy,Mouse,Accessories,1,800,800,2023-05-21,Hyderabad,South,Deepak Joshi,UPI,Cancelled
1382,Priya Patel,Speaker,Electronics,9,4500,40500,2023-09-19,Jaipur,North,Sunita Rao,Net Banking,Processing
1383,Rahul Mishra,Printer,Electronics,13,12000,156000,2023-08-14,Mumbai,West,Meera Patel,Cash on Delivery,Delivered
1384,Divya Singh,Mouse,Accessories,14,800,11200,2023-01-17,Hyderabad,South,Deepak Joshi,Net Banking,Delivered
1385,Sneha Reddy,Tablet,Electronics,13,32000,416000,2023-05-02,Delhi,North,Priya Nair,Cash on Delivery,Shipped
1386,Kavya Nambiar,Speaker,Electronics,13,4500,58500,2023-04-16,Bangalore,South,Meera Patel,Credit Card,Processing
1387,Amit Verma,Printer,Electronics,10,12000,120000,2023-10-03,Hyderabad,South,Priya Nair,Net Banking,Processing
1388,Tanvi Mehta,Speaker,Electronics,14,4500,63000,2023-09-21,Hyderabad,South,Sunita Rao,UPI,Cancelled
1389,Amit Verma,Laptop,Electronics,14,45000,630000,2023-12-02,Hyderabad,South,Ravi Kumar,UPI,Shipped
1390,Kiran Kumar,Webcam,Accessories,13,2500,32500,2023-12-13,Chennai,South,Kavya Reddy,UPI,Processing
1391,Vikram Iyer,USB Hub,Accessories,8,600,4800,2023-02-08,Pune,West,Sunita Rao,Cash on Delivery,Processing
1392,Ananya Das,Webcam,Accessories,8,2500,20000,2023-06-17,Jaipur,North,Anil Sharma,Credit Card,Cancelled
1393,Kiran Kumar,Webcam,Accessories,13,2500,32500,2023-10-01,Delhi,North,Meera Patel,Cash on Delivery,Shipped
1394,Meera Joshi,Tablet,Electronics,6,32000,192000,2023-05-26,Hyderabad,South,Ravi Kumar,Cash on Delivery,Processing
1395,Suresh Rao,Laptop,Electronics,2,45000,90000,2023-11-17,Mumbai,West,Kavya Reddy,Credit Card,Delivered
1396,Kiran Kumar,Keyboard,Accessories,8,1200,9600,2023-01-01,Jaipur,North,Meera Patel,UPI,Processing
1397,Meera Joshi,Keyboard,Accessories,2,1200,2400,2023-12-02,Hyderabad,South,Deepak Joshi,Credit Card,Processing
1398,Arjun Nair,Keyboard,Accessories,7,1200,8400,2023-11-17,Mumbai,West,Meera Patel,Cash on Delivery,Delivered
1399,Priya Patel,Monitor,Electronics,4,22000,88000,2023-09-02,Mumbai,West,Ravi Kumar,UPI,Cancelled
1400,Kavya Nambiar,Laptop,Electronics,12,45000,540000,2023-06-25,Mumbai,West,Sunita Rao,Cash on Delivery,Shipped
1401,Priya Patel,Tablet,Electronics,4,32000,128000,2023-07-16,Delhi,North,Sunita Rao,Credit Card,Processing
1402,Suresh Rao,Webcam,Accessories,3,2500,7500,2023-07-15,Hyderabad,South,Ravi Kumar,UPI,Delivered
1403,Vikram Iyer,Printer,Electronics,1,12000,12000,2023-11-09,Surat,West,Ravi Kumar,Cash on Delivery,Processing
1404,Ananya Das,Mouse,Accessories,15,800,12000,2023-07-30,Bangalore,South,Kavya Reddy,UPI,Delivered
1405,Ananya Das,Monitor,Electronics,13,22000,286000,2023-03-05,Bangalore,South,Suresh Iyer,Net Banking,Cancelled
1406,Vikram Iyer,Webcam,Accessories,4,2500,10000,2023-05-22,Bangalore,South,Sunita Rao,UPI,Processing
1407,Ananya Das,Laptop,Electronics,4,45000,180000,2023-09-23,Hyderabad,South,Meera Patel,Cash on Delivery,Processing
1408,Priya Patel,Laptop,Electronics,8,45000,360000,2023-07-17,Chennai,South,Meera Patel,Cash on Delivery,Delivered
1409,Amit Verma,Printer,Electronics,6,12000,72000,2023-06-12,Mumbai,West,Suresh Iyer,Cash on Delivery,Processing
1410,Suresh Rao,Printer,Electronics,13,12000,156000,2023-08-30,Bangalore,South,Sunita Rao,Credit Card,Delivered
1411,Tanvi Mehta,Laptop,Electronics,4,45000,180000,2023-01-21,Hyderabad,South,Anil Sharma,Cash on Delivery,Processing
1412,Kiran Kumar,Printer,Electronics,7,12000,84000,2023-12-26,Pune,West,Sunita Rao,UPI,Processing
1413,Tanvi Mehta,Monitor,Electronics,2,22000,44000,2023-09-19,Hyderabad,South,Meera Patel,UPI,Processing
1414,Vikram Iyer,USB Hub,Accessories,11,600,6600,2023-11-29,Surat,West,Sunita Rao,Net Banking,Cancelled
1415,Tanvi Mehta,Mouse,Accessories,4,800,3200,2023-02-14,Mumbai,West,Suresh Iyer,Credit Card,Cancelled
1416,Vikram Iyer,Speaker,Electronics,1,4500,4500,2023-06-08,Surat,West,Ravi Kumar,Credit Card,Delivered
1417,Meera Joshi,Keyboard,Accessories,3,1200,3600,2023-09-12,Mumbai,West,Deepak Joshi,UPI,Processing
1418,Suresh Rao,Keyboard,Accessories,12,1200,14400,2023-03-02,Hyderabad,South,Anil Sharma,Net Banking,Cancelled
1419,Pooja Gupta,Headphones,Electronics,2,3500,7000,2023-05-15,Ahmedabad,West,Sunita Rao,Cash on Delivery,Cancelled
1420,Kavya Nambiar,Printer,Electronics,1,12000,12000,2023-09-13,Kolkata,East,Ravi Kumar,Net Banking,Shipped
1421,Vikram Iyer,Headphones,Electronics,15,3500,52500,2023-10-21,Delhi,North,Sunita Rao,UPI,Delivered
1422,Divya Singh,Laptop,Electronics,4,45000,180000,2023-01-24,Mumbai,West,Priya Nair,Cash on Delivery,Shipped
1423,Kiran Kumar,Keyboard,Accessories,9,1200,10800,2023-12-02,Mumbai,West,Meera Patel,Net Banking,Shipped
1424,Ananya Das,USB Hub,Accessories,5,600,3000,2023-02-09,Kolkata,East,Priya Nair,Credit Card,Delivered
1425,Ramesh Kumar,Keyboard,Accessories,13,1200,15600,2023-09-22,Chennai,South,Suresh Iyer,Credit Card,Cancelled
1426,Rahul Mishra,Headphones,Electronics,6,3500,21000,2023-02-14,Hyderabad,South,Kavya Reddy,Credit Card,Processing
1427,Pooja Gupta,Mouse,Accessories,10,800,8000,2023-06-05,Hyderabad,South,Meera Patel,Cash on Delivery,Processing
1428,Pooja Gupta,Speaker,Electronics,13,4500,58500,2023-04-11,Jaipur,North,Meera Patel,UPI,Delivered
1429,Meera Joshi,USB Hub,Accessories,4,600,2400,2023-10-05,Mumbai,West,Anil Sharma,Net Banking,Delivered
1430,Rahul Mishra,USB Hub,Accessories,2,600,1200,2023-04-16,Hyderabad,South,Meera Patel,Cash on Delivery,Cancelled
1431,Priya Patel,Laptop,Electronics,12,45000,540000,2023-05-24,Bangalore,South,Anil Sharma,UPI,Cancelled
1432,Ananya Das,Webcam,Accessories,12,2500,30000,2023-02-13,Jaipur,North,Sunita Rao,UPI,Cancelled
1433,Kiran Kumar,Monitor,Electronics,10,22000,220000,2023-02-01,Surat,West,Ravi Kumar,UPI,Processing
1434,Pooja Gupta,Headphones,Electronics,15,3500,52500,2023-07-21,Kolkata,East,Priya Nair,Net Banking,Cancelled
1435,Amit Verma,Headphones,Electronics,2,3500,7000,2023-04-14,Chennai,South,Sunita Rao,UPI,Delivered
1436,Kiran Kumar,Keyboard,Accessories,8,1200,9600,2023-06-10,Jaipur,North,Sunita Rao,Net Banking,Shipped
1437,Kavya Nambiar,Tablet,Electronics,8,32000,256000,2023-05-16,Hyderabad,South,Sunita Rao,Credit Card,Shipped
1438,Kavya Nambiar,Headphones,Electronics,1,3500,3500,2023-04-21,Surat,West,Priya Nair,UPI,Delivered
1439,Ramesh Kumar,Mouse,Accessories,7,800,5600,2023-09-20,Kolkata,East,Deepak Joshi,Net Banking,Shipped
1440,Rahul Mishra,Laptop,Electronics,14,45000,630000,2023-08-20,Pune,West,Meera Patel,Credit Card,Cancelled
1441,Ramesh Kumar,Monitor,Electronics,2,22000,44000,2023-01-07,Bangalore,South,Meera Patel,UPI,Shipped
1442,Vikram Iyer,USB Hub,Accessories,11,600,6600,2023-11-19,Kolkata,East,Sunita Rao,Net Banking,Delivered
1443,Divya Singh,Laptop,Electronics,4,45000,180000,2023-11-27,Delhi,North,Ravi Kumar,Credit Card,Processing
1444,Amit Verma,Monitor,Electronics,8,22000,176000,2023-01-26,Mumbai,West,Suresh Iyer,Cash on Delivery,Cancelled
1445,Amit Verma,Laptop,Electronics,11,45000,495000,2023-08-07,Pune,West,Priya Nair,UPI,Shipped
1446,Ramesh Kumar,Headphones,Electronics,8,3500,28000,2023-03-18,Hyderabad,South,Meera Patel,Net Banking,Cancelled
1447,Priya Patel,USB Hub,Accessories,8,600,4800,2023-02-01,Ahmedabad,West,Deepak Joshi,Cash on Delivery,Shipped
1448,Sneha Reddy,USB Hub,Accessories,11,600,6600,2023-09-27,Chennai,South,Anil Sharma,Cash on Delivery,Processing
1449,Meera Joshi,Tablet,Electronics,13,32000,416000,2023-09-06,Ahmedabad,West,Priya Nair,Cash on Delivery,Processing
1450,Sneha Reddy,Keyboard,Accessories,6,1200,7200,2023-11-02,Mumbai,West,Anil Sharma,Net Banking,Delivered
1451,Sneha Reddy,Tablet,Electronics,6,32000,192000,2023-10-27,Ahmedabad,West,Ravi Kumar,Credit Card,Shipped
1452,Suresh Rao,Mouse,Accessories,9,800,7200,2023-01-29,Hyderabad,South,Meera Patel,Cash on Delivery,Processing
1453,Meera Joshi,Keyboard,Accessories,4,1200,4800,2023-10-31,Bangalore,South,Priya Nair,Credit Card,Processing
1454,Sneha Reddy,Speaker,Electronics,3,4500,13500,2023-10-16,Surat,West,Kavya Reddy,Net Banking,Shipped
1455,Sneha Reddy,Tablet,Electronics,2,32000,64000,2023-01-29,Mumbai,West,Meera Patel,Credit Card,Cancelled
1456,Sneha Reddy,Laptop,Electronics,15,45000,675000,2023-11-11,Kolkata,East,Ravi Kumar,Net Banking,Shipped
1457,Ananya Das,Webcam,Accessories,1,2500,2500,2023-03-17,Mumbai,West,Ravi Kumar,Credit Card,Processing
1458,Kiran Kumar,Monitor,Electronics,12,22000,264000,2023-12-06,Kolkata,East,Sunita Rao,Net Banking,Processing
1459,Suresh Rao,Webcam,Accessories,3,2500,7500,2023-08-12,Bangalore,South,Kavya Reddy,Net Banking,Shipped
1460,Sneha Reddy,Printer,Electronics,13,12000,156000,2023-07-02,Surat,West,Ravi Kumar,Cash on Delivery,Processing
1461,Pooja Gupta,Headphones,Electronics,3,3500,10500,2023-01-01,Bangalore,South,Suresh Iyer,Credit Card,Shipped
1462,Sneha Reddy,Speaker,Electronics,15,4500,67500,2023-11-10,Kolkata,East,Sunita Rao,Cash on Delivery,Shipped
1463,Meera Joshi,Webcam,Accessories,4,2500,10000,2023-06-27,Delhi,North,Ravi Kumar,Credit Card,Processing
1464,Sneha Reddy,Tablet,Electronics,5,32000,160000,2023-04-18,Mumbai,West,Sunita Rao,Net Banking,Processing
1465,Divya Singh,Monitor,Electronics,1,22000,22000,2023-07-17,Mumbai,West,Suresh Iyer,UPI,Cancelled
1466,Kiran Kumar,Tablet,Electronics,6,32000,192000,2023-10-07,Pune,West,Sunita Rao,Cash on Delivery,Shipped
1467,Arjun Nair,Keyboard,Accessories,2,1200,2400,2023-01-18,Jaipur,North,Anil Sharma,Net Banking,Processing
1468,Tanvi Mehta,Monitor,Electronics,6,22000,132000,2023-03-29,Delhi,North,Suresh Iyer,UPI,Delivered
1469,Ananya Das,Printer,Electronics,6,12000,72000,2023-11-01,Delhi,North,Kavya Reddy,Credit Card,Cancelled
1470,Amit Verma,Keyboard,Accessories,15,1200,18000,2023-08-11,Surat,West,Anil Sharma,Credit Card,Processing
1471,Rahul Mishra,Mouse,Accessories,7,800,5600,2023-12-23,Chennai,South,Deepak Joshi,Net Banking,Processing
1472,Ananya Das,Mouse,Accessories,1,800,800,2023-07-21,Delhi,North,Kavya Reddy,UPI,Delivered
1473,Arjun Nair,Webcam,Accessories,7,2500,17500,2023-02-14,Mumbai,West,Kavya Reddy,UPI,Delivered
1474,Arjun Nair,Laptop,Electronics,3,45000,135000,2023-11-23,Chennai,South,Sunita Rao,Cash on Delivery,Delivered
1475,Tanvi Mehta,Headphones,Electronics,8,3500,28000,2023-09-08,Pune,West,Deepak Joshi,Credit Card,Cancelled
1476,Meera Joshi,Keyboard,Accessories,15,1200,18000,2023-07-15,Kolkata,East,Ravi Kumar,Cash on Delivery,Delivered
1477,Sneha Reddy,Headphones,Electronics,8,3500,28000,2023-05-15,Jaipur,North,Deepak Joshi,Credit Card,Shipped
1478,Suresh Rao,Monitor,Electronics,11,22000,242000,2023-06-26,Delhi,North,Suresh Iyer,UPI,Delivered
1479,Vikram Iyer,USB Hub,Accessories,7,600,4200,2023-10-02,Ahmedabad,West,Kavya Reddy,UPI,Cancelled
1480,Rahul Mishra,Headphones,Electronics,7,3500,24500,2023-01-18,Delhi,North,Ravi Kumar,Credit Card,Cancelled
1481,Amit Verma,Keyboard,Accessories,4,1200,4800,2023-04-09,Bangalore,South,Anil Sharma,Cash on Delivery,Delivered
1482,Amit Verma,USB Hub,Accessories,14,600,8400,2023-11-18,Chennai,South,Deepak Joshi,Net Banking,Delivered
1483,Rahul Mishra,Monitor,Electronics,9,22000,198000,2023-07-23,Pune,West,Priya Nair,Net Banking,Cancelled
1484,Suresh Rao,Laptop,Electronics,10,45000,450000,2023-09-25,Surat,West,Suresh Iyer,Credit Card,Cancelled
1485,Ananya Das,Keyboard,Accessories,10,1200,12000,2023-10-29,Bangalore,South,Sunita Rao,Credit Card,Delivered
1486,Tanvi Mehta,Headphones,Electronics,15,3500,52500,2023-06-26,Ahmedabad,West,Suresh Iyer,Net Banking,Cancelled
1487,Ramesh Kumar,Tablet,Electronics,10,32000,320000,2023-08-31,Surat,West,Ravi Kumar,Net Banking,Cancelled
1488,Pooja Gupta,Keyboard,Accessories,10,1200,12000,2023-12-15,Surat,West,Suresh Iyer,Credit Card,Cancelled
1489,Tanvi Mehta,Webcam,Accessories,1,2500,2500,2023-09-01,Chennai,South,Deepak Joshi,Net Banking,Delivered
1490,Kavya Nambiar,Webcam,Accessories,5,2500,12500,2023-05-24,Hyderabad,South,Kavya Reddy,Credit Card,Shipped
1491,Suresh Rao,Keyboard,Accessories,12,1200,14400,2023-08-15,Hyderabad,South,Priya Nair,Net Banking,Cancelled
1492,Sneha Reddy,Speaker,Electronics,4,4500,18000,2023-08-15,Delhi,North,Suresh Iyer,Cash on Delivery,Processing
1493,Priya Patel,Laptop,Electronics,13,45000,585000,2023-03-23,Ahmedabad,West,Deepak Joshi,Cash on Delivery,Shipped
1494,Sneha Reddy,Printer,Electronics,1,12000,12000,2023-03-30,Surat,West,Meera Patel,Credit Card,Shipped
1495,Pooja Gupta,Laptop,Electronics,1,45000,45000,2023-07-04,Jaipur,North,Meera Patel,Net Banking,Processing
1496,Tanvi Mehta,Tablet,Electronics,7,32000,224000,2023-11-22,Ahmedabad,West,Sunita Rao,Credit Card,Shipped
1497,Amit Verma,Webcam,Accessories,10,2500,25000,2023-08-17,Jaipur,North,Kavya Reddy,Net Banking,Processing
1498,Priya Patel,Keyboard,Accessories,12,1200,14400,2023-12-19,Hyderabad,South,Deepak Joshi,Credit Card,Cancelled
1499,Suresh Rao,Laptop,Electronics,14,45000,630000,2023-10-20,Bangalore,South,Meera Patel,UPI,Shipped
1500,Rahul Mishra,Mouse,Accessories,11,800,8800,2023-07-29,Hyderabad,South,Anil Sharma,Credit Card,Cancelled
1501,Sneha Reddy,Keyboard,Accessories,10,1200,12000,2023-01-05,Bangalore,South,Deepak Joshi,Net Banking,Processing
1502,Divya Singh,USB Hub,Accessories,14,600,8400,2023-06-28,Pune,West,Deepak Joshi,UPI,Cancelled
1503,Kiran Kumar,Headphones,Electronics,14,3500,49000,2023-11-16,Ahmedabad,West,Sunita Rao,Credit Card,Processing
1504,Arjun Nair,Printer,Electronics,10,12000,120000,2023-05-25,Surat,West,Sunita Rao,Cash on Delivery,Delivered
1505,Kavya Nambiar,Webcam,Accessories,11,2500,27500,2023-06-16,Hyderabad,South,Deepak Joshi,Net Banking,Processing
1506,Tanvi Mehta,Mouse,Accessories,9,800,7200,2023-05-04,Bangalore,South,Anil Sharma,Cash on Delivery,Processing
1507,Arjun Nair,Keyboard,Accessories,11,1200,13200,2023-09-12,Mumbai,West,Deepak Joshi,Cash on Delivery,Cancelled
1508,Ananya Das,USB Hub,Accessories,10,600,6000,2023-12-29,Mumbai,West,Meera Patel,Net Banking,Shipped
1509,Meera Joshi,Printer,Electronics,15,12000,180000,2023-12-10,Jaipur,North,Deepak Joshi,UPI,Shipped
1510,Pooja Gupta,Headphones,Electronics,8,3500,28000,2023-03-07,Delhi,North,Deepak Joshi,UPI,Processing
1511,Pooja Gupta,Monitor,Electronics,6,22000,132000,2023-04-25,Chennai,South,Deepak Joshi,Cash on Delivery,Processing
1512,Divya Singh,Webcam,Accessories,10,2500,25000,2023-05-31,Hyderabad,South,Sunita Rao,Cash on Delivery,Delivered
1513,Divya Singh,Speaker,Electronics,10,4500,45000,2023-02-06,Surat,West,Meera Patel,Credit Card,Cancelled
1514,Kavya Nambiar,Printer,Electronics,7,12000,84000,2023-01-28,Hyderabad,South,Ravi Kumar,UPI,Shipped
1515,Amit Verma,Webcam,Accessories,10,2500,25000,2023-08-23,Pune,West,Priya Nair,UPI,Delivered
1516,Meera Joshi,Tablet,Electronics,11,32000,352000,2023-04-01,Kolkata,East,Anil Sharma,Credit Card,Cancelled
1517,Ananya Das,Headphones,Electronics,13,3500,45500,2023-03-28,Chennai,South,Ravi Kumar,Cash on Delivery,Delivered
1518,Kiran Kumar,Keyboard,Accessories,7,1200,8400,2023-11-21,Surat,West,Suresh Iyer,Cash on Delivery,Cancelled
1519,Sneha Reddy,USB Hub,Accessories,1,600,600,2023-10-01,Mumbai,West,Priya Nair,Credit Card,Processing
1520,Ramesh Kumar,Printer,Electronics,1,12000,12000,2023-12-13,Chennai,South,Meera Patel,UPI,Processing
1521,Rahul Mishra,Headphones,Electronics,2,3500,7000,2023-07-16,Bangalore,South,Deepak Joshi,UPI,Delivered
1522,Pooja Gupta,Laptop,Electronics,5,45000,225000,2023-08-22,Hyderabad,South,Priya Nair,Cash on Delivery,Shipped
1523,Amit Verma,Webcam,Accessories,6,2500,15000,2023-04-07,Jaipur,North,Suresh Iyer,Credit Card,Shipped
1524,Ananya Das,Mouse,Accessories,4,800,3200,2023-01-12,Bangalore,South,Ravi Kumar,Credit Card,Processing
1525,Arjun Nair,Laptop,Electronics,15,45000,675000,2023-11-24,Pune,West,Anil Sharma,Credit Card,Delivered
1526,Kiran Kumar,Laptop,Electronics,12,45000,540000,2023-03-01,Mumbai,West,Kavya Reddy,Cash on Delivery,Delivered
1527,Amit Verma,Printer,Electronics,8,12000,96000,2023-12-26,Hyderabad,South,Meera Patel,Credit Card,Processing
1528,Arjun Nair,USB Hub,Accessories,11,600,6600,2023-09-24,Delhi,North,Ravi Kumar,Cash on Delivery,Delivered
1529,Priya Patel,Printer,Electronics,2,12000,24000,2023-05-25,Surat,West,Sunita Rao,Cash on Delivery,Shipped
1530,Kavya Nambiar,Speaker,Electronics,13,4500,58500,2023-05-15,Chennai,South,Meera Patel,Net Banking,Cancelled
1531,Divya Singh,Headphones,Electronics,1,3500,3500,2023-10-08,Bangalore,South,Meera Patel,Cash on Delivery,Processing
1532,Priya Patel,Mouse,Accessories,1,800,800,2023-12-10,Mumbai,West,Sunita Rao,Cash on Delivery,Shipped
1533,Tanvi Mehta,Monitor,Electronics,2,22000,44000,2023-02-21,Ahmedabad,West,Deepak Joshi,UPI,Cancelled
1534,Priya Patel,Headphones,Electronics,8,3500,28000,2023-01-26,Hyderabad,South,Ravi Kumar,Credit Card,Processing
1535,Priya Patel,Webcam,Accessories,7,2500,17500,2023-03-01,Kolkata,East,Anil Sharma,Credit Card,Shipped
1536,Ananya Das,Keyboard,Accessories,6,1200,7200,2023-08-13,Kolkata,East,Deepak Joshi,Credit Card,Processing
1537,Kiran Kumar,Webcam,Accessories,2,2500,5000,2023-07-25,Bangalore,South,Kavya Reddy,Net Banking,Cancelled
1538,Priya Patel,Tablet,Electronics,11,32000,352000,2023-03-27,Pune,West,Ravi Kumar,Credit Card,Shipped
1539,Divya Singh,Monitor,Electronics,15,22000,330000,2023-10-30,Pune,West,Kavya Reddy,UPI,Cancelled
1540,Tanvi Mehta,Webcam,Accessories,1,2500,2500,2023-12-17,Surat,West,Ravi Kumar,Cash on Delivery,Cancelled
1541,Priya Patel,Monitor,Electronics,8,22000,176000,2023-01-24,Pune,West,Deepak Joshi,Net Banking,Delivered
1542,Sneha Reddy,Printer,Electronics,12,12000,144000,2023-10-17,Surat,West,Priya Nair,Credit Card,Cancelled
1543,Vikram Iyer,Mouse,Accessories,6,800,4800,2023-12-06,Jaipur,North,Suresh Iyer,UPI,Delivered
1544,Kavya Nambiar,Laptop,Electronics,9,45000,405000,2023-08-29,Bangalore,South,Kavya Reddy,UPI,Delivered
1545,Arjun Nair,Tablet,Electronics,4,32000,128000,2023-06-19,Kolkata,East,Anil Sharma,UPI,Cancelled
1546,Divya Singh,USB Hub,Accessories,2,600,1200,2023-08-24,Chennai,South,Kavya Reddy,Credit Card,Cancelled
1547,Pooja Gupta,Tablet,Electronics,2,32000,64000,2023-09-12,Kolkata,East,Anil Sharma,Credit Card,Cancelled
1548,Ramesh Kumar,USB Hub,Accessories,9,600,5400,2023-10-09,Mumbai,West,Sunita Rao,Net Banking,Shipped
1549,Kavya Nambiar,Tablet,Electronics,6,32000,192000,2023-01-28,Kolkata,East,Meera Patel,Cash on Delivery,Processing
1550,Pooja Gupta,Printer,Electronics,10,12000,120000,2023-08-31,Surat,West,Priya Nair,Cash on Delivery,Delivered
1551,Meera Joshi,Monitor,Electronics,1,22000,22000,2023-06-24,Chennai,South,Deepak Joshi,Net Banking,Delivered
1552,Kavya Nambiar,Laptop,Electronics,8,45000,360000,2023-03-13,Bangalore,South,Suresh Iyer,Credit Card,Processing
1553,Tanvi Mehta,Speaker,Electronics,4,4500,18000,2023-03-03,Chennai,South,Suresh Iyer,UPI,Cancelled
1554,Ramesh Kumar,Mouse,Accessories,2,800,1600,2023-08-01,Kolkata,East,Sunita Rao,Cash on Delivery,Cancelled
1555,Ramesh Kumar,Speaker,Electronics,3,4500,13500,2023-09-13,Ahmedabad,West,Anil Sharma,Cash on Delivery,Cancelled
1556,Amit Verma,Printer,Electronics,12,12000,144000,2023-10-24,Bangalore,South,Ravi Kumar,Credit Card,Cancelled
1557,Rahul Mishra,Speaker,Electronics,15,4500,67500,2023-06-14,Surat,West,Suresh Iyer,Cash on Delivery,Shipped
1558,Divya Singh,Headphones,Electronics,6,3500,21000,2023-05-31,Pune,West,Ravi Kumar,UPI,Cancelled
1559,Rahul Mishra,Speaker,Electronics,5,4500,22500,2023-12-26,Ahmedabad,West,Priya Nair,UPI,Shipped
1560,Vikram Iyer,Mouse,Accessories,12,800,9600,2023-05-29,Surat,West,Priya Nair,UPI,Shipped
1561,Meera Joshi,Printer,Electronics,12,12000,144000,2023-11-23,Ahmedabad,West,Sunita Rao,Net Banking,Cancelled
1562,Kiran Kumar,Speaker,Electronics,11,4500,49500,2023-12-30,Surat,West,Deepak Joshi,Cash on Delivery,Delivered
1563,Amit Verma,Printer,Electronics,1,12000,12000,2023-07-15,Delhi,North,Anil Sharma,Credit Card,Shipped
1564,Arjun Nair,Headphones,Electronics,5,3500,17500,2023-12-16,Bangalore,South,Ravi Kumar,Credit Card,Processing
1565,Kavya Nambiar,Mouse,Accessories,1,800,800,2023-07-03,Ahmedabad,West,Kavya Reddy,Credit Card,Shipped
1566,Suresh Rao,Printer,Electronics,4,12000,48000,2023-09-19,Pune,West,Deepak Joshi,Credit Card,Cancelled
1567,Meera Joshi,USB Hub,Accessories,13,600,7800,2023-12-17,Pune,West,Anil Sharma,Credit Card,Processing
1568,Kavya Nambiar,Mouse,Accessories,14,800,11200,2023-08-15,Surat,West,Meera Patel,Net Banking,Shipped
1569,Vikram Iyer,Mouse,Accessories,8,800,6400,2023-04-01,Hyderabad,South,Sunita Rao,UPI,Shipped
1570,Kiran Kumar,Printer,Electronics,7,12000,84000,2023-01-21,Delhi,North,Deepak Joshi,Net Banking,Shipped
1571,Ramesh Kumar,Keyboard,Accessories,14,1200,16800,2023-05-11,Surat,West,Priya Nair,Cash on Delivery,Shipped
1572,Ananya Das,Laptop,Electronics,15,45000,675000,2023-06-15,Bangalore,South,Anil Sharma,Net Banking,Cancelled
1573,Suresh Rao,Speaker,Electronics,6,4500,27000,2023-02-07,Ahmedabad,West,Priya Nair,UPI,Shipped
1574,Amit Verma,Printer,Electronics,13,12000,156000,2023-09-16,Delhi,North,Suresh Iyer,Cash on Delivery,Delivered
1575,Vikram Iyer,Webcam,Accessories,15,2500,37500,2023-04-20,Chennai,South,Priya Nair,Net Banking,Processing
1576,Rahul Mishra,Headphones,Electronics,13,3500,45500,2023-11-13,Chennai,South,Kavya Reddy,Credit Card,Delivered
1577,Ananya Das,Webcam,Accessories,4,2500,10000,2023-11-25,Jaipur,North,Meera Patel,Credit Card,Processing
1578,Rahul Mishra,USB Hub,Accessories,7,600,4200,2023-05-12,Delhi,North,Deepak Joshi,Credit Card,Processing
1579,Ramesh Kumar,Printer,Electronics,8,12000,96000,2023-09-07,Ahmedabad,West,Deepak Joshi,UPI,Processing
1580,Suresh Rao,Printer,Electronics,2,12000,24000,2023-03-27,Delhi,North,Anil Sharma,Credit Card,Shipped
1581,Sneha Reddy,Mouse,Accessories,14,800,11200,2023-02-23,Pune,West,Suresh Iyer,Credit Card,Shipped
1582,Ramesh Kumar,Laptop,Electronics,12,45000,540000,2023-06-19,Jaipur,North,Sunita Rao,Credit Card,Delivered
1583,Ananya Das,Keyboard,Accessories,9,1200,10800,2023-02-06,Hyderabad,South,Meera Patel,Net Banking,Cancelled
1584,Kiran Kumar,USB Hub,Accessories,11,600,6600,2023-07-27,Jaipur,North,Priya Nair,Credit Card,Cancelled
1585,Pooja Gupta,Monitor,Electronics,1,22000,22000,2023-11-25,Ahmedabad,West,Sunita Rao,Credit Card,Delivered
1586,Suresh Rao,Webcam,Accessories,2,2500,5000,2023-05-29,Ahmedabad,West,Deepak Joshi,Credit Card,Processing
1587,Ramesh Kumar,Tablet,Electronics,7,32000,224000,2023-12-05,Pune,West,Kavya Reddy,UPI,Shipped
1588,Arjun Nair,Keyboard,Accessories,13,1200,15600,2023-10-07,Pune,West,Ravi Kumar,Net Banking,Processing
1589,Amit Verma,Laptop,Electronics,14,45000,630000,2023-10-12,Ahmedabad,West,Sunita Rao,Credit Card,Delivered
1590,Rahul Mishra,Speaker,Electronics,7,4500,31500,2023-10-03,Surat,West,Sunita Rao,Net Banking,Shipped
1591,Kavya Nambiar,Webcam,Accessories,7,2500,17500,2023-11-27,Chennai,South,Ravi Kumar,UPI,Shipped
1592,Sneha Reddy,Mouse,Accessories,14,800,11200,2023-05-10,Surat,West,Sunita Rao,UPI,Delivered
1593,Priya Patel,Printer,Electronics,11,12000,132000,2023-10-09,Jaipur,North,Deepak Joshi,Credit Card,Processing
1594,Divya Singh,Monitor,Electronics,12,22000,264000,2023-10-25,Chennai,South,Priya Nair,Net Banking,Shipped
1595,Priya Patel,Mouse,Accessories,5,800,4000,2023-11-14,Delhi,North,Meera Patel,Net Banking,Cancelled
1596,Arjun Nair,Tablet,Electronics,10,32000,320000,2023-12-04,Kolkata,East,Ravi Kumar,Net Banking,Processing
1597,Sneha Reddy,USB Hub,Accessories,1,600,600,2023-06-10,Bangalore,South,Meera Patel,Cash on Delivery,Processing
1598,Tanvi Mehta,Webcam,Accessories,11,2500,27500,2023-06-19,Bangalore,South,Kavya Reddy,Cash on Delivery,Cancelled
1599,Priya Patel,Webcam,Accessories,8,2500,20000,2023-10-10,Hyderabad,South,Ravi Kumar,Credit Card,Processing
1600,Pooja Gupta,Keyboard,Accessories,4,1200,4800,2023-05-15,Ahmedabad,West,Sunita Rao,Credit Card,Delivered
1601,Ananya Das,Printer,Electronics,14,12000,168000,2023-10-25,Mumbai,West,Suresh Iyer,UPI,Delivered
1602,Divya Singh,Printer,Electronics,9,12000,108000,2023-10-04,Hyderabad,South,Ravi Kumar,Net Banking,Cancelled
1603,Amit Verma,Mouse,Accessories,12,800,9600,2023-05-29,Surat,West,Kavya Reddy,Credit Card,Cancelled
1604,Sneha Reddy,Webcam,Accessories,1,2500,2500,2023-12-06,Ahmedabad,West,Ravi Kumar,UPI,Cancelled
1605,Vikram Iyer,Keyboard,Accessories,10,1200,12000,2023-10-17,Bangalore,South,Ravi Kumar,Cash on Delivery,Processing
1606,Sneha Reddy,Laptop,Electronics,13,45000,585000,2023-09-07,Chennai,South,Sunita Rao,Net Banking,Processing
1607,Rahul Mishra,Mouse,Accessories,11,800,8800,2023-04-16,Mumbai,West,Priya Nair,Cash on Delivery,Cancelled
1608,Meera Joshi,Tablet,Electronics,1,32000,32000,2023-11-29,Mumbai,West,Sunita Rao,Net Banking,Processing
1609,Kiran Kumar,Speaker,Electronics,10,4500,45000,2023-03-31,Ahmedabad,West,Suresh Iyer,Net Banking,Delivered
1610,Rahul Mishra,Printer,Electronics,7,12000,84000,2023-04-25,Hyderabad,South,Suresh Iyer,Net Banking,Processing
1611,Ramesh Kumar,Tablet,Electronics,15,32000,480000,2023-11-06,Jaipur,North,Ravi Kumar,Cash on Delivery,Shipped
1612,Arjun Nair,Mouse,Accessories,9,800,7200,2023-11-26,Delhi,North,Meera Patel,UPI,Shipped
1613,Vikram Iyer,Keyboard,Accessories,10,1200,12000,2023-03-02,Kolkata,East,Meera Patel,Cash on Delivery,Processing
1614,Divya Singh,Monitor,Electronics,11,22000,242000,2023-09-03,Jaipur,North,Meera Patel,UPI,Cancelled
1615,Ananya Das,Laptop,Electronics,1,45000,45000,2023-03-07,Chennai,South,Ravi Kumar,UPI,Delivered
1616,Arjun Nair,Speaker,Electronics,1,4500,4500,2023-03-27,Bangalore,South,Ravi Kumar,Cash on Delivery,Delivered
1617,Ananya Das,Headphones,Electronics,4,3500,14000,2023-08-18,Delhi,North,Kavya Reddy,Cash on Delivery,Shipped
1618,Suresh Rao,Mouse,Accessories,10,800,8000,2023-03-15,Pune,West,Ravi Kumar,Net Banking,Shipped
1619,Priya Patel,Webcam,Accessories,10,2500,25000,2023-10-30,Jaipur,North,Meera Patel,Cash on Delivery,Cancelled
1620,Rahul Mishra,Keyboard,Accessories,1,1200,1200,2023-04-14,Delhi,North,Suresh Iyer,UPI,Delivered
1621,Ananya Das,Keyboard,Accessories,15,1200,18000,2023-11-11,Jaipur,North,Anil Sharma,Credit Card,Delivered
1622,Rahul Mishra,Tablet,Electronics,15,32000,480000,2023-11-05,Bangalore,South,Anil Sharma,Cash on Delivery,Cancelled
1623,Kiran Kumar,Webcam,Accessories,12,2500,30000,2023-09-29,Mumbai,West,Meera Patel,Cash on Delivery,Cancelled
1624,Ananya Das,Webcam,Accessories,13,2500,32500,2023-12-23,Surat,West,Sunita Rao,Cash on Delivery,Shipped
1625,Tanvi Mehta,Headphones,Electronics,13,3500,45500,2023-04-30,Jaipur,North,Sunita Rao,Net Banking,Cancelled
1626,Pooja Gupta,Headphones,Electronics,1,3500,3500,2023-12-30,Chennai,South,Anil Sharma,Credit Card,Delivered
1627,Kiran Kumar,USB Hub,Accessories,12,600,7200,2023-06-11,Chennai,South,Priya Nair,Credit Card,Shipped
1628,Kavya Nambiar,USB Hub,Accessories,5,600,3000,2023-05-14,Surat,West,Suresh Iyer,Net Banking,Processing
1629,Suresh Rao,USB Hub,Accessories,7,600,4200,2023-10-10,Chennai,South,Kavya Reddy,UPI,Processing
1630,Arjun Nair,Printer,Electronics,8,12000,96000,2023-05-10,Ahmedabad,West,Priya Nair,Cash on Delivery,Shipped
1631,Amit Verma,Monitor,Electronics,8,22000,176000,2023-12-25,Chennai,South,Sunita Rao,UPI,Cancelled
1632,Vikram Iyer,Webcam,Accessories,10,2500,25000,2023-12-23,Ahmedabad,West,Anil Sharma,UPI,Cancelled
1633,Divya Singh,Laptop,Electronics,14,45000,630000,2023-03-16,Delhi,North,Suresh Iyer,Credit Card,Delivered
1634,Ananya Das,Headphones,Electronics,6,3500,21000,2023-02-10,Chennai,South,Anil Sharma,Cash on Delivery,Cancelled
1635,Ananya Das,Speaker,Electronics,5,4500,22500,2023-12-31,Ahmedabad,West,Anil Sharma,UPI,Cancelled
1636,Tanvi Mehta,Tablet,Electronics,4,32000,128000,2023-12-03,Mumbai,West,Deepak Joshi,UPI,Delivered
1637,Sneha Reddy,Speaker,Electronics,9,4500,40500,2023-12-24,Ahmedabad,West,Ravi Kumar,Credit Card,Processing
1638,Arjun Nair,Mouse,Accessories,3,800,2400,2023-02-14,Mumbai,West,Suresh Iyer,Net Banking,Cancelled
1639,Ramesh Kumar,USB Hub,Accessories,4,600,2400,2023-09-23,Surat,West,Sunita Rao,Credit Card,Processing
1640,Kavya Nambiar,Printer,Electronics,6,12000,72000,2023-06-27,Surat,West,Deepak Joshi,UPI,Shipped
1641,Arjun Nair,Tablet,Electronics,10,32000,320000,2023-01-03,Pune,West,Ravi Kumar,Cash on Delivery,Delivered
1642,Meera Joshi,Printer,Electronics,9,12000,108000,2023-05-31,Delhi,North,Sunita Rao,Net Banking,Processing
1643,Suresh Rao,Tablet,Electronics,10,32000,320000,2023-09-05,Pune,West,Meera Patel,Net Banking,Cancelled
1644,Divya Singh,Tablet,Electronics,14,32000,448000,2023-01-15,Surat,West,Sunita Rao,Net Banking,Delivered
1645,Sneha Reddy,USB Hub,Accessories,11,600,6600,2023-12-26,Chennai,South,Priya Nair,Cash on Delivery,Processing
1646,Kavya Nambiar,Printer,Electronics,1,12000,12000,2023-12-25,Ahmedabad,West,Deepak Joshi,UPI,Processing
1647,Priya Patel,Monitor,Electronics,11,22000,242000,2023-06-25,Pune,West,Ravi Kumar,Cash on Delivery,Processing
1648,Arjun Nair,Webcam,Accessories,15,2500,37500,2023-10-21,Chennai,South,Ravi Kumar,UPI,Cancelled
1649,Kavya Nambiar,Mouse,Accessories,12,800,9600,2023-05-04,Chennai,South,Deepak Joshi,UPI,Shipped
1650,Meera Joshi,Mouse,Accessories,14,800,11200,2023-11-13,Chennai,South,Ravi Kumar,Credit Card,Delivered
1651,Suresh Rao,Monitor,Electronics,10,22000,220000,2023-01-04,Jaipur,North,Anil Sharma,Cash on Delivery,Processing
1652,Kavya Nambiar,Speaker,Electronics,8,4500,36000,2023-10-22,Kolkata,East,Deepak Joshi,Cash on Delivery,Shipped
1653,Suresh Rao,Printer,Electronics,7,12000,84000,2023-04-24,Hyderabad,South,Ravi Kumar,Credit Card,Cancelled
1654,Meera Joshi,Tablet,Electronics,1,32000,32000,2023-09-15,Ahmedabad,West,Suresh Iyer,UPI,Cancelled
1655,Pooja Gupta,Monitor,Electronics,8,22000,176000,2023-06-11,Ahmedabad,West,Anil Sharma,Credit Card,Shipped
1656,Meera Joshi,USB Hub,Accessories,2,600,1200,2023-06-16,Surat,West,Deepak Joshi,UPI,Processing
1657,Meera Joshi,Mouse,Accessories,8,800,6400,2023-11-10,Hyderabad,South,Priya Nair,UPI,Cancelled
1658,Suresh Rao,USB Hub,Accessories,7,600,4200,2023-12-25,Chennai,South,Priya Nair,Net Banking,Cancelled
1659,Amit Verma,Headphones,Electronics,3,3500,10500,2023-10-20,Jaipur,North,Meera Patel,Credit Card,Processing
1660,Sneha Reddy,Mouse,Accessories,7,800,5600,2023-07-15,Ahmedabad,West,Ravi Kumar,UPI,Cancelled
1661,Amit Verma,Laptop,Electronics,7,45000,315000,2023-09-13,Bangalore,South,Priya Nair,Cash on Delivery,Processing
1662,Ramesh Kumar,Headphones,Electronics,14,3500,49000,2023-10-18,Ahmedabad,West,Suresh Iyer,Credit Card,Shipped
1663,Divya Singh,Laptop,Electronics,14,45000,630000,2023-05-11,Chennai,South,Sunita Rao,Cash on Delivery,Processing
1664,Rahul Mishra,Headphones,Electronics,6,3500,21000,2023-10-14,Kolkata,East,Deepak Joshi,Net Banking,Delivered
1665,Ananya Das,USB Hub,Accessories,6,600,3600,2023-12-14,Delhi,North,Meera Patel,UPI,Processing
1666,Divya Singh,Webcam,Accessories,11,2500,27500,2023-09-19,Kolkata,East,Kavya Reddy,Credit Card,Cancelled
1667,Amit Verma,Speaker,Electronics,8,4500,36000,2023-11-20,Hyderabad,South,Ravi Kumar,Net Banking,Cancelled
1668,Priya Patel,Speaker,Electronics,7,4500,31500,2023-02-06,Surat,West,Ravi Kumar,Net Banking,Shipped
1669,Pooja Gupta,Webcam,Accessories,11,2500,27500,2023-05-30,Kolkata,East,Deepak Joshi,Cash on Delivery,Processing
1670,Rahul Mishra,Tablet,Electronics,12,32000,384000,2023-10-28,Kolkata,East,Kavya Reddy,Cash on Delivery,Shipped
1671,Vikram Iyer,Keyboard,Accessories,3,1200,3600,2023-05-01,Mumbai,West,Deepak Joshi,Credit Card,Shipped
1672,Priya Patel,Keyboard,Accessories,2,1200,2400,2023-02-18,Pune,West,Kavya Reddy,Credit Card,Delivered
1673,Priya Patel,USB Hub,Accessories,13,600,7800,2023-02-12,Ahmedabad,West,Deepak Joshi,UPI,Delivered
1674,Pooja Gupta,USB Hub,Accessories,4,600,2400,2023-05-07,Hyderabad,South,Deepak Joshi,Cash on Delivery,Shipped
1675,Ramesh Kumar,Keyboard,Accessories,14,1200,16800,2023-03-29,Ahmedabad,West,Anil Sharma,Net Banking,Processing
1676,Tanvi Mehta,Tablet,Electronics,14,32000,448000,2023-10-04,Jaipur,North,Deepak Joshi,Cash on Delivery,Shipped
1677,Divya Singh,Printer,Electronics,10,12000,120000,2023-11-02,Bangalore,South,Suresh Iyer,Net Banking,Processing
1678,Divya Singh,Tablet,Electronics,4,32000,128000,2023-02-15,Ahmedabad,West,Deepak Joshi,Net Banking,Cancelled
1679,Ramesh Kumar,Headphones,Electronics,5,3500,17500,2023-01-06,Bangalore,South,Ravi Kumar,Net Banking,Processing
1680,Tanvi Mehta,Tablet,Electronics,1,32000,32000,2023-12-19,Ahmedabad,West,Kavya Reddy,Cash on Delivery,Processing
1681,Ananya Das,Laptop,Electronics,13,45000,585000,2023-05-30,Pune,West,Meera Patel,Credit Card,Processing
1682,Kiran Kumar,Mouse,Accessories,15,800,12000,2023-10-15,Pune,West,Suresh Iyer,UPI,Shipped
1683,Priya Patel,USB Hub,Accessories,4,600,2400,2023-05-15,Pune,West,Suresh Iyer,UPI,Processing
1684,Kiran Kumar,Headphones,Electronics,13,3500,45500,2023-05-18,Ahmedabad,West,Meera Patel,Credit Card,Shipped
1685,Divya Singh,Keyboard,Accessories,2,1200,2400,2023-11-23,Hyderabad,South,Kavya Reddy,Net Banking,Cancelled
1686,Ramesh Kumar,Mouse,Accessories,1,800,800,2023-03-19,Kolkata,East,Anil Sharma,UPI,Delivered
1687,Pooja Gupta,Headphones,Electronics,3,3500,10500,2023-08-13,Hyderabad,South,Anil Sharma,UPI,Delivered
1688,Meera Joshi,Keyboard,Accessories,8,1200,9600,2023-04-22,Mumbai,West,Suresh Iyer,Net Banking,Cancelled
1689,Meera Joshi,Webcam,Accessories,12,2500,30000,2023-01-17,Jaipur,North,Sunita Rao,UPI,Delivered
1690,Divya Singh,Headphones,Electronics,2,3500,7000,2023-10-06,Pune,West,Ravi Kumar,UPI,Processing
1691,Kiran Kumar,USB Hub,Accessories,2,600,1200,2023-05-08,Mumbai,West,Kavya Reddy,UPI,Delivered
1692,Rahul Mishra,Mouse,Accessories,12,800,9600,2023-02-18,Jaipur,North,Meera Patel,Cash on Delivery,Cancelled
1693,Pooja Gupta,Headphones,Electronics,3,3500,10500,2023-11-19,Kolkata,East,Anil Sharma,Credit Card,Processing
1694,Tanvi Mehta,Tablet,Electronics,4,32000,128000,2023-07-04,Hyderabad,South,Anil Sharma,UPI,Delivered
1695,Amit Verma,Mouse,Accessories,6,800,4800,2023-01-08,Pune,West,Deepak Joshi,Credit Card,Cancelled
1696,Suresh Rao,Mouse,Accessories,1,800,800,2023-10-25,Mumbai,West,Kavya Reddy,UPI,Processing
1697,Priya Patel,Monitor,Electronics,3,22000,66000,2023-09-13,Chennai,South,Priya Nair,Credit Card,Delivered
1698,Suresh Rao,Webcam,Accessories,12,2500,30000,2023-10-02,Bangalore,South,Sunita Rao,UPI,Cancelled
1699,Suresh Rao,Mouse,Accessories,9,800,7200,2023-11-27,Kolkata,East,Priya Nair,Cash on Delivery,Shipped
1700,Arjun Nair,Laptop,Electronics,6,45000,270000,2023-03-10,Pune,West,Anil Sharma,Cash on Delivery,Cancelled
1701,Divya Singh,Printer,Electronics,9,12000,108000,2023-12-23,Hyderabad,South,Meera Patel,UPI,Processing
1702,Tanvi Mehta,Webcam,Accessories,5,2500,12500,2023-11-03,Jaipur,North,Ravi Kumar,Credit Card,Shipped
1703,Rahul Mishra,Tablet,Electronics,14,32000,448000,2023-05-15,Hyderabad,South,Priya Nair,Cash on Delivery,Delivered
1704,Tanvi Mehta,Printer,Electronics,12,12000,144000,2023-04-05,Pune,West,Anil Sharma,Net Banking,Shipped
1705,Kavya Nambiar,Webcam,Accessories,11,2500,27500,2023-10-03,Delhi,North,Suresh Iyer,UPI,Cancelled
1706,Meera Joshi,Printer,Electronics,10,12000,120000,2023-05-25,Bangalore,South,Suresh Iyer,Net Banking,Delivered
1707,Ramesh Kumar,Monitor,Electronics,11,22000,242000,2023-02-04,Ahmedabad,West,Ravi Kumar,UPI,Delivered
1708,Priya Patel,Mouse,Accessories,8,800,6400,2023-04-09,Delhi,North,Anil Sharma,Cash on Delivery,Cancelled
1709,Arjun Nair,Printer,Electronics,12,12000,144000,2023-10-30,Surat,West,Anil Sharma,Net Banking,Shipped
1710,Vikram Iyer,Speaker,Electronics,1,4500,4500,2023-04-17,Delhi,North,Kavya Reddy,Credit Card,Cancelled
1711,Kavya Nambiar,Laptop,Electronics,9,45000,405000,2023-08-01,Kolkata,East,Priya Nair,Credit Card,Processing
1712,Kavya Nambiar,Printer,Electronics,12,12000,144000,2023-02-06,Mumbai,West,Deepak Joshi,Credit Card,Shipped
1713,Rahul Mishra,Printer,Electronics,2,12000,24000,2023-04-29,Delhi,North,Suresh Iyer,UPI,Shipped
1714,Amit Verma,Printer,Electronics,10,12000,120000,2023-11-17,Chennai,South,Suresh Iyer,Credit Card,Processing
1715,Amit Verma,Tablet,Electronics,15,32000,480000,2023-02-23,Pune,West,Ravi Kumar,Cash on Delivery,Processing
1716,Tanvi Mehta,Keyboard,Accessories,10,1200,12000,2023-08-15,Ahmedabad,West,Priya Nair,Net Banking,Processing
1717,Kiran Kumar,Webcam,Accessories,13,2500,32500,2023-11-21,Pune,West,Priya Nair,UPI,Shipped
1718,Meera Joshi,USB Hub,Accessories,15,600,9000,2023-05-11,Ahmedabad,West,Kavya Reddy,Cash on Delivery,Cancelled
1719,Ramesh Kumar,Laptop,Electronics,5,45000,225000,2023-11-02,Mumbai,West,Ravi Kumar,Net Banking,Delivered
1720,Ramesh Kumar,Headphones,Electronics,4,3500,14000,2023-06-11,Chennai,South,Deepak Joshi,UPI,Delivered
1721,Amit Verma,Laptop,Electronics,6,45000,270000,2023-03-21,Jaipur,North,Deepak Joshi,Net Banking,Shipped
1722,Priya Patel,Mouse,Accessories,13,800,10400,2023-06-03,Hyderabad,South,Suresh Iyer,UPI,Delivered
1723,Kavya Nambiar,Webcam,Accessories,3,2500,7500,2023-09-07,Jaipur,North,Sunita Rao,Net Banking,Delivered
1724,Tanvi Mehta,Speaker,Electronics,2,4500,9000,2023-01-29,Pune,West,Priya Nair,Net Banking,Cancelled
1725,Pooja Gupta,USB Hub,Accessories,14,600,8400,2023-04-27,Delhi,North,Anil Sharma,Cash on Delivery,Delivered
1726,Rahul Mishra,Headphones,Electronics,1,3500,3500,2023-06-13,Ahmedabad,West,Ravi Kumar,Net Banking,Shipped
1727,Divya Singh,Keyboard,Accessories,11,1200,13200,2023-07-21,Mumbai,West,Sunita Rao,UPI,Cancelled
1728,Meera Joshi,Headphones,Electronics,3,3500,10500,2023-03-09,Pune,West,Sunita Rao,Cash on Delivery,Delivered
1729,Kiran Kumar,Printer,Electronics,5,12000,60000,2023-02-13,Pune,West,Suresh Iyer,UPI,Shipped
1730,Kiran Kumar,Tablet,Electronics,4,32000,128000,2023-09-07,Ahmedabad,West,Meera Patel,UPI,Shipped
1731,Meera Joshi,Monitor,Electronics,13,22000,286000,2023-08-09,Hyderabad,South,Sunita Rao,Credit Card,Cancelled
1732,Meera Joshi,USB Hub,Accessories,6,600,3600,2023-04-08,Kolkata,East,Priya Nair,Credit Card,Processing
1733,Ananya Das,Keyboard,Accessories,10,1200,12000,2023-08-15,Kolkata,East,Ravi Kumar,Cash on Delivery,Delivered
1734,Amit Verma,Mouse,Accessories,11,800,8800,2023-07-11,Chennai,South,Sunita Rao,Credit Card,Delivered
1735,Kavya Nambiar,Mouse,Accessories,15,800,12000,2023-03-17,Surat,West,Deepak Joshi,Credit Card,Processing
1736,Ramesh Kumar,Monitor,Electronics,8,22000,176000,2023-08-30,Hyderabad,South,Priya Nair,UPI,Shipped
1737,Rahul Mishra,Mouse,Accessories,9,800,7200,2023-05-13,Ahmedabad,West,Kavya Reddy,UPI,Delivered
1738,Rahul Mishra,USB Hub,Accessories,15,600,9000,2023-12-06,Surat,West,Anil Sharma,Net Banking,Shipped
1739,Ananya Das,Laptop,Electronics,4,45000,180000,2023-12-23,Hyderabad,South,Deepak Joshi,Credit Card,Cancelled
1740,Arjun Nair,Laptop,Electronics,7,45000,315000,2023-12-05,Delhi,North,Priya Nair,Credit Card,Delivered
1741,Rahul Mishra,Headphones,Electronics,4,3500,14000,2023-07-14,Pune,West,Sunita Rao,Net Banking,Cancelled
1742,Sneha Reddy,Speaker,Electronics,2,4500,9000,2023-04-06,Ahmedabad,West,Kavya Reddy,Credit Card,Delivered
1743,Divya Singh,Mouse,Accessories,5,800,4000,2023-06-20,Ahmedabad,West,Suresh Iyer,UPI,Delivered
1744,Arjun Nair,Webcam,Accessories,6,2500,15000,2023-11-17,Kolkata,East,Meera Patel,Net Banking,Delivered
1745,Rahul Mishra,Headphones,Electronics,15,3500,52500,2023-01-16,Pune,West,Deepak Joshi,UPI,Shipped
1746,Priya Patel,Webcam,Accessories,11,2500,27500,2023-03-12,Pune,West,Suresh Iyer,UPI,Cancelled
1747,Arjun Nair,Mouse,Accessories,3,800,2400,2023-08-07,Surat,West,Priya Nair,Cash on Delivery,Shipped
1748,Vikram Iyer,Mouse,Accessories,10,800,8000,2023-10-05,Bangalore,South,Meera Patel,UPI,Processing
1749,Vikram Iyer,Printer,Electronics,7,12000,84000,2023-03-16,Bangalore,South,Ravi Kumar,Net Banking,Delivered
1750,Amit Verma,Printer,Electronics,12,12000,144000,2023-03-02,Ahmedabad,West,Priya Nair,UPI,Delivered
1751,Divya Singh,Webcam,Accessories,7,2500,17500,2023-06-05,Pune,West,Deepak Joshi,UPI,Shipped
1752,Suresh Rao,Monitor,Electronics,3,22000,66000,2023-01-14,Bangalore,South,Deepak Joshi,UPI,Shipped
1753,Pooja Gupta,Mouse,Accessories,6,800,4800,2023-02-10,Mumbai,West,Kavya Reddy,UPI,Cancelled
1754,Divya Singh,Webcam,Accessories,14,2500,35000,2023-07-18,Bangalore,South,Kavya Reddy,UPI,Shipped
1755,Suresh Rao,Mouse,Accessories,1,800,800,2023-07-29,Chennai,South,Anil Sharma,Net Banking,Cancelled
1756,Priya Patel,Mouse,Accessories,13,800,10400,2023-04-15,Chennai,South,Ravi Kumar,Cash on Delivery,Cancelled
1757,Kiran Kumar,Webcam,Accessories,15,2500,37500,2023-05-07,Jaipur,North,Suresh Iyer,Credit Card,Cancelled
1758,Ananya Das,Webcam,Accessories,10,2500,25000,2023-10-20,Pune,West,Anil Sharma,Credit Card,Cancelled
1759,Rahul Mishra,Tablet,Electronics,15,32000,480000,2023-05-06,Mumbai,West,Suresh Iyer,Credit Card,Cancelled
1760,Divya Singh,Printer,Electronics,4,12000,48000,2023-05-30,Mumbai,West,Suresh Iyer,Net Banking,Processing
1761,Ananya Das,Tablet,Electronics,7,32000,224000,2023-05-31,Bangalore,South,Anil Sharma,UPI,Cancelled
1762,Priya Patel,Tablet,Electronics,12,32000,384000,2023-09-14,Delhi,North,Ravi Kumar,UPI,Cancelled
1763,Amit Verma,USB Hub,Accessories,8,600,4800,2023-01-13,Kolkata,East,Kavya Reddy,UPI,Cancelled
1764,Vikram Iyer,Monitor,Electronics,6,22000,132000,2023-12-21,Hyderabad,South,Ravi Kumar,Credit Card,Delivered
1765,Priya Patel,Monitor,Electronics,11,22000,242000,2023-07-05,Jaipur,North,Suresh Iyer,UPI,Cancelled
1766,Tanvi Mehta,Printer,Electronics,1,12000,12000,2023-03-29,Pune,West,Priya Nair,UPI,Shipped
1767,Ramesh Kumar,Keyboard,Accessories,13,1200,15600,2023-12-31,Bangalore,South,Suresh Iyer,Net Banking,Processing
1768,Priya Patel,Tablet,Electronics,11,32000,352000,2023-04-03,Hyderabad,South,Ravi Kumar,UPI,Delivered
1769,Divya Singh,Speaker,Electronics,1,4500,4500,2023-08-23,Hyderabad,South,Kavya Reddy,Credit Card,Cancelled
1770,Divya Singh,Mouse,Accessories,10,800,8000,2023-12-04,Chennai,South,Kavya Reddy,Cash on Delivery,Cancelled
1771,Sneha Reddy,Monitor,Electronics,10,22000,220000,2023-01-04,Surat,West,Deepak Joshi,UPI,Delivered
1772,Meera Joshi,Keyboard,Accessories,1,1200,1200,2023-12-01,Bangalore,South,Anil Sharma,UPI,Delivered
1773,Tanvi Mehta,Speaker,Electronics,5,4500,22500,2023-06-19,Surat,West,Sunita Rao,Credit Card,Delivered
1774,Arjun Nair,USB Hub,Accessories,3,600,1800,2023-12-11,Bangalore,South,Ravi Kumar,Cash on Delivery,Processing
1775,Meera Joshi,Laptop,Electronics,13,45000,585000,2023-06-03,Delhi,North,Priya Nair,Cash on Delivery,Delivered
1776,Divya Singh,USB Hub,Accessories,2,600,1200,2023-05-30,Ahmedabad,West,Ravi Kumar,Credit Card,Processing
1777,Sneha Reddy,Webcam,Accessories,7,2500,17500,2023-09-26,Ahmedabad,West,Meera Patel,Credit Card,Delivered
1778,Pooja Gupta,Speaker,Electronics,2,4500,9000,2023-09-05,Ahmedabad,West,Deepak Joshi,Cash on Delivery,Processing
1779,Meera Joshi,Headphones,Electronics,10,3500,35000,2023-11-16,Ahmedabad,West,Ravi Kumar,Cash on Delivery,Cancelled
1780,Sneha Reddy,Tablet,Electronics,15,32000,480000,2023-11-09,Bangalore,South,Deepak Joshi,UPI,Delivered
1781,Suresh Rao,Monitor,Electronics,8,22000,176000,2023-11-17,Mumbai,West,Sunita Rao,UPI,Cancelled
1782,Rahul Mishra,USB Hub,Accessories,6,600,3600,2023-06-29,Mumbai,West,Meera Patel,Credit Card,Shipped
1783,Arjun Nair,Headphones,Electronics,13,3500,45500,2023-02-04,Hyderabad,South,Deepak Joshi,Net Banking,Delivered
1784,Pooja Gupta,Monitor,Electronics,6,22000,132000,2023-07-22,Kolkata,East,Anil Sharma,UPI,Shipped
1785,Divya Singh,Webcam,Accessories,15,2500,37500,2023-12-11,Kolkata,East,Kavya Reddy,Credit Card,Shipped
1786,Tanvi Mehta,Tablet,Electronics,11,32000,352000,2023-08-24,Bangalore,South,Priya Nair,Cash on Delivery,Cancelled
1787,Pooja Gupta,Laptop,Electronics,5,45000,225000,2023-10-17,Ahmedabad,West,Priya Nair,Credit Card,Shipped
1788,Priya Patel,Speaker,Electronics,13,4500,58500,2023-07-01,Kolkata,East,Ravi Kumar,Net Banking,Delivered
1789,Kavya Nambiar,Webcam,Accessories,11,2500,27500,2023-10-01,Pune,West,Ravi Kumar,Cash on Delivery,Shipped
1790,Pooja Gupta,Speaker,Electronics,14,4500,63000,2023-06-07,Delhi,North,Priya Nair,Credit Card,Processing
1791,Meera Joshi,USB Hub,Accessories,8,600,4800,2023-05-02,Delhi,North,Kavya Reddy,Net Banking,Shipped
1792,Meera Joshi,Printer,Electronics,3,12000,36000,2023-02-27,Hyderabad,South,Anil Sharma,UPI,Delivered
1793,Tanvi Mehta,Tablet,Electronics,1,32000,32000,2023-09-05,Ahmedabad,West,Ravi Kumar,UPI,Processing
1794,Amit Verma,Tablet,Electronics,5,32000,160000,2023-06-17,Ahmedabad,West,Sunita Rao,UPI,Shipped
1795,Priya Patel,Laptop,Electronics,7,45000,315000,2023-09-25,Jaipur,North,Anil Sharma,Net Banking,Delivered
1796,Tanvi Mehta,Speaker,Electronics,6,4500,27000,2023-08-28,Delhi,North,Anil Sharma,Credit Card,Processing
1797,Vikram Iyer,Laptop,Electronics,13,45000,585000,2023-06-09,Surat,West,Meera Patel,Net Banking,Shipped
1798,Meera Joshi,Mouse,Accessories,5,800,4000,2023-09-30,Hyderabad,South,Kavya Reddy,Credit Card,Processing
1799,Ramesh Kumar,Keyboard,Accessories,5,1200,6000,2023-02-28,Bangalore,South,Sunita Rao,UPI,Processing
1800,Pooja Gupta,Printer,Electronics,5,12000,60000,2023-03-14,Kolkata,East,Deepak Joshi,UPI,Shipped
1801,Rahul Mishra,Monitor,Electronics,10,22000,220000,2023-06-23,Hyderabad,South,Kavya Reddy,Credit Card,Shipped
1802,Ramesh Kumar,Laptop,Electronics,15,45000,675000,2023-12-12,Jaipur,North,Sunita Rao,Cash on Delivery,Delivered
1803,Pooja Gupta,Monitor,Electronics,7,22000,154000,2023-04-02,Pune,West,Kavya Reddy,Net Banking,Processing
1804,Suresh Rao,Webcam,Accessories,12,2500,30000,2023-12-10,Chennai,South,Sunita Rao,Cash on Delivery,Shipped
1805,Arjun Nair,Monitor,Electronics,2,22000,44000,2023-08-22,Jaipur,North,Kavya Reddy,Cash on Delivery,Shipped
1806,Arjun Nair,Mouse,Accessories,14,800,11200,2023-11-12,Bangalore,South,Priya Nair,Cash on Delivery,Shipped
1807,Ramesh Kumar,Webcam,Accessories,8,2500,20000,2023-09-07,Kolkata,East,Sunita Rao,Cash on Delivery,Delivered
1808,Arjun Nair,Webcam,Accessories,8,2500,20000,2023-03-29,Jaipur,North,Priya Nair,UPI,Delivered
1809,Vikram Iyer,USB Hub,Accessories,6,600,3600,2023-10-12,Delhi,North,Sunita Rao,Net Banking,Cancelled
1810,Ananya Das,USB Hub,Accessories,7,600,4200,2023-05-03,Surat,West,Meera Patel,UPI,Cancelled
1811,Kavya Nambiar,USB Hub,Accessories,6,600,3600,2023-04-17,Delhi,North,Suresh Iyer,Cash on Delivery,Processing
1812,Vikram Iyer,Printer,Electronics,3,12000,36000,2023-12-06,Chennai,South,Sunita Rao,Cash on Delivery,Delivered
1813,Rahul Mishra,Speaker,Electronics,8,4500,36000,2023-06-16,Surat,West,Sunita Rao,Cash on Delivery,Shipped
1814,Priya Patel,Headphones,Electronics,2,3500,7000,2023-11-03,Pune,West,Suresh Iyer,Net Banking,Cancelled
1815,Tanvi Mehta,Laptop,Electronics,4,45000,180000,2023-03-13,Delhi,North,Anil Sharma,UPI,Shipped
1816,Ananya Das,Tablet,Electronics,5,32000,160000,2023-07-19,Ahmedabad,West,Kavya Reddy,UPI,Shipped
1817,Arjun Nair,Webcam,Accessories,10,2500,25000,2023-12-14,Hyderabad,South,Suresh Iyer,Net Banking,Delivered
1818,Kiran Kumar,Speaker,Electronics,10,4500,45000,2023-09-19,Mumbai,West,Ravi Kumar,Net Banking,Delivered
1819,Pooja Gupta,Webcam,Accessories,1,2500,2500,2023-01-01,Ahmedabad,West,Priya Nair,Credit Card,Processing
1820,Ananya Das,Laptop,Electronics,7,45000,315000,2023-12-26,Chennai,South,Suresh Iyer,Net Banking,Cancelled
1821,Sneha Reddy,USB Hub,Accessories,7,600,4200,2023-10-07,Pune,West,Ravi Kumar,Cash on Delivery,Shipped
1822,Kavya Nambiar,Mouse,Accessories,7,800,5600,2023-07-04,Ahmedabad,West,Suresh Iyer,UPI,Processing
1823,Vikram Iyer,Keyboard,Accessories,1,1200,1200,2023-02-06,Bangalore,South,Anil Sharma,UPI,Cancelled
1824,Vikram Iyer,USB Hub,Accessories,2,600,1200,2023-03-12,Bangalore,South,Suresh Iyer,Cash on Delivery,Cancelled
1825,Kiran Kumar,Speaker,Electronics,8,4500,36000,2023-09-18,Bangalore,South,Kavya Reddy,Cash on Delivery,Processing
1826,Ramesh Kumar,Mouse,Accessories,7,800,5600,2023-11-06,Bangalore,South,Kavya Reddy,UPI,Processing
1827,Ramesh Kumar,USB Hub,Accessories,10,600,6000,2023-07-07,Ahmedabad,West,Anil Sharma,Cash on Delivery,Processing
1828,Priya Patel,Monitor,Electronics,8,22000,176000,2023-12-20,Surat,West,Ravi Kumar,Net Banking,Cancelled
1829,Priya Patel,Printer,Electronics,9,12000,108000,2023-11-09,Delhi,North,Meera Patel,Cash on Delivery,Delivered
1830,Ramesh Kumar,Printer,Electronics,5,12000,60000,2023-11-10,Surat,West,Priya Nair,Credit Card,Cancelled
1831,Ananya Das,Tablet,Electronics,15,32000,480000,2023-08-29,Ahmedabad,West,Priya Nair,Cash on Delivery,Processing
1832,Pooja Gupta,Headphones,Electronics,3,3500,10500,2023-01-19,Hyderabad,South,Deepak Joshi,Net Banking,Delivered
1833,Ramesh Kumar,Tablet,Electronics,3,32000,96000,2023-10-21,Surat,West,Deepak Joshi,Credit Card,Processing
1834,Priya Patel,Tablet,Electronics,3,32000,96000,2023-09-16,Delhi,North,Deepak Joshi,Net Banking,Shipped
1835,Ramesh Kumar,Speaker,Electronics,5,4500,22500,2023-05-12,Hyderabad,South,Sunita Rao,UPI,Shipped
1836,Arjun Nair,Tablet,Electronics,13,32000,416000,2023-03-31,Kolkata,East,Meera Patel,Cash on Delivery,Shipped
1837,Amit Verma,Printer,Electronics,6,12000,72000,2023-02-13,Mumbai,West,Ravi Kumar,Cash on Delivery,Cancelled
1838,Pooja Gupta,USB Hub,Accessories,11,600,6600,2023-08-14,Chennai,South,Ravi Kumar,UPI,Processing
1839,Ramesh Kumar,Laptop,Electronics,13,45000,585000,2023-03-01,Hyderabad,South,Ravi Kumar,Cash on Delivery,Cancelled
1840,Sneha Reddy,Tablet,Electronics,8,32000,256000,2023-09-30,Hyderabad,South,Suresh Iyer,Cash on Delivery,Cancelled
1841,Ramesh Kumar,Headphones,Electronics,9,3500,31500,2023-08-11,Bangalore,South,Deepak Joshi,Cash on Delivery,Cancelled
1842,Priya Patel,Webcam,Accessories,11,2500,27500,2023-01-22,Ahmedabad,West,Priya Nair,Cash on Delivery,Processing
1843,Arjun Nair,Webcam,Accessories,5,2500,12500,2023-02-20,Hyderabad,South,Suresh Iyer,Cash on Delivery,Shipped
1844,Vikram Iyer,Speaker,Electronics,9,4500,40500,2023-06-22,Chennai,South,Ravi Kumar,Net Banking,Delivered
1845,Priya Patel,Laptop,Electronics,1,45000,45000,2023-07-30,Delhi,North,Sunita Rao,Cash on Delivery,Processing
1846,Ramesh Kumar,Mouse,Accessories,5,800,4000,2023-04-09,Hyderabad,South,Anil Sharma,Credit Card,Delivered
1847,Priya Patel,Speaker,Electronics,10,4500,45000,2023-11-23,Chennai,South,Sunita Rao,Credit Card,Shipped
1848,Tanvi Mehta,USB Hub,Accessories,13,600,7800,2023-04-05,Surat,West,Sunita Rao,UPI,Processing
1849,Vikram Iyer,Headphones,Electronics,11,3500,38500,2023-02-08,Jaipur,North,Kavya Reddy,Net Banking,Cancelled
1850,Arjun Nair,Webcam,Accessories,3,2500,7500,2023-02-07,Hyderabad,South,Anil Sharma,Cash on Delivery,Cancelled
1851,Amit Verma,Webcam,Accessories,5,2500,12500,2023-05-16,Mumbai,West,Kavya Reddy,Credit Card,Cancelled
1852,Vikram Iyer,Mouse,Accessories,7,800,5600,2023-04-02,Surat,West,Kavya Reddy,Credit Card,Shipped
1853,Vikram Iyer,Printer,Electronics,4,12000,48000,2023-11-11,Pune,West,Sunita Rao,Cash on Delivery,Processing
1854,Ananya Das,Monitor,Electronics,2,22000,44000,2023-02-06,Mumbai,West,Deepak Joshi,Cash on Delivery,Delivered
1855,Ramesh Kumar,Tablet,Electronics,11,32000,352000,2023-11-24,Bangalore,South,Anil Sharma,Cash on Delivery,Processing
1856,Ananya Das,Keyboard,Accessories,15,1200,18000,2023-07-20,Kolkata,East,Anil Sharma,Cash on Delivery,Cancelled
1857,Rahul Mishra,USB Hub,Accessories,14,600,8400,2023-02-05,Pune,West,Meera Patel,Credit Card,Cancelled
1858,Tanvi Mehta,Tablet,Electronics,10,32000,320000,2023-10-02,Delhi,North,Priya Nair,Net Banking,Processing
1859,Priya Patel,USB Hub,Accessories,11,600,6600,2023-11-28,Mumbai,West,Priya Nair,Net Banking,Delivered
1860,Amit Verma,Tablet,Electronics,11,32000,352000,2023-04-14,Hyderabad,South,Anil Sharma,Cash on Delivery,Shipped
1861,Vikram Iyer,Headphones,Electronics,15,3500,52500,2023-02-24,Pune,West,Priya Nair,Cash on Delivery,Delivered
1862,Sneha Reddy,Tablet,Electronics,3,32000,96000,2023-01-19,Chennai,South,Anil Sharma,UPI,Cancelled
1863,Vikram Iyer,USB Hub,Accessories,13,600,7800,2023-10-04,Delhi,North,Deepak Joshi,Cash on Delivery,Cancelled
1864,Meera Joshi,Laptop,Electronics,6,45000,270000,2023-01-29,Mumbai,West,Anil Sharma,Cash on Delivery,Delivered
1865,Kavya Nambiar,Mouse,Accessories,8,800,6400,2023-12-14,Ahmedabad,West,Ravi Kumar,UPI,Delivered
1866,Ramesh Kumar,Laptop,Electronics,8,45000,360000,2023-12-01,Bangalore,South,Kavya Reddy,Credit Card,Shipped
1867,Ramesh Kumar,Keyboard,Accessories,3,1200,3600,2023-11-20,Mumbai,West,Deepak Joshi,Credit Card,Cancelled
1868,Priya Patel,Speaker,Electronics,14,4500,63000,2023-10-30,Bangalore,South,Sunita Rao,Credit Card,Cancelled
1869,Suresh Rao,Speaker,Electronics,4,4500,18000,2023-02-02,Surat,West,Meera Patel,Cash on Delivery,Processing
1870,Ananya Das,USB Hub,Accessories,2,600,1200,2023-12-17,Kolkata,East,Ravi Kumar,Net Banking,Shipped
1871,Priya Patel,Laptop,Electronics,3,45000,135000,2023-06-21,Surat,West,Sunita Rao,Net Banking,Shipped
1872,Rahul Mishra,USB Hub,Accessories,12,600,7200,2023-07-09,Bangalore,South,Ravi Kumar,Cash on Delivery,Shipped
1873,Suresh Rao,Speaker,Electronics,3,4500,13500,2023-02-21,Mumbai,West,Suresh Iyer,UPI,Delivered
1874,Amit Verma,Tablet,Electronics,1,32000,32000,2023-01-04,Delhi,North,Sunita Rao,Net Banking,Cancelled
1875,Vikram Iyer,Tablet,Electronics,4,32000,128000,2023-03-15,Bangalore,South,Deepak Joshi,Cash on Delivery,Cancelled
1876,Ramesh Kumar,Mouse,Accessories,10,800,8000,2023-12-21,Bangalore,South,Ravi Kumar,Cash on Delivery,Delivered
1877,Rahul Mishra,Headphones,Electronics,7,3500,24500,2023-01-03,Kolkata,East,Meera Patel,UPI,Delivered
1878,Kavya Nambiar,Printer,Electronics,10,12000,120000,2023-07-05,Delhi,North,Meera Patel,Cash on Delivery,Shipped
1879,Suresh Rao,Headphones,Electronics,4,3500,14000,2023-02-27,Mumbai,West,Ravi Kumar,Cash on Delivery,Cancelled
1880,Ramesh Kumar,Keyboard,Accessories,11,1200,13200,2023-01-23,Bangalore,South,Priya Nair,Net Banking,Shipped
1881,Suresh Rao,USB Hub,Accessories,6,600,3600,2023-11-12,Hyderabad,South,Kavya Reddy,Credit Card,Delivered
1882,Suresh Rao,Laptop,Electronics,3,45000,135000,2023-03-22,Ahmedabad,West,Anil Sharma,Cash on Delivery,Delivered
1883,Ananya Das,Monitor,Electronics,12,22000,264000,2023-08-16,Chennai,South,Priya Nair,Cash on Delivery,Shipped
1884,Meera Joshi,Webcam,Accessories,13,2500,32500,2023-02-26,Chennai,South,Meera Patel,Credit Card,Shipped
1885,Priya Patel,USB Hub,Accessories,7,600,4200,2023-04-23,Chennai,South,Kavya Reddy,Cash on Delivery,Delivered
1886,Divya Singh,USB Hub,Accessories,4,600,2400,2023-11-09,Bangalore,South,Ravi Kumar,Cash on Delivery,Processing
1887,Vikram Iyer,Keyboard,Accessories,12,1200,14400,2023-04-10,Jaipur,North,Priya Nair,Net Banking,Shipped
1888,Ananya Das,Webcam,Accessories,1,2500,2500,2023-12-21,Bangalore,South,Anil Sharma,Net Banking,Shipped
1889,Amit Verma,Monitor,Electronics,8,22000,176000,2023-08-03,Jaipur,North,Priya Nair,UPI,Processing
1890,Ananya Das,Speaker,Electronics,13,4500,58500,2023-11-23,Bangalore,South,Ravi Kumar,UPI,Delivered
1891,Ananya Das,USB Hub,Accessories,8,600,4800,2023-04-21,Ahmedabad,West,Kavya Reddy,Cash on Delivery,Processing
1892,Sneha Reddy,Laptop,Electronics,12,45000,540000,2023-05-07,Pune,West,Priya Nair,Cash on Delivery,Shipped
1893,Tanvi Mehta,Speaker,Electronics,15,4500,67500,2023-10-21,Bangalore,South,Anil Sharma,Cash on Delivery,Delivered
1894,Ramesh Kumar,Laptop,Electronics,12,45000,540000,2023-09-16,Jaipur,North,Suresh Iyer,Cash on Delivery,Cancelled
1895,Priya Patel,Monitor,Electronics,8,22000,176000,2023-05-04,Jaipur,North,Anil Sharma,Cash on Delivery,Shipped
1896,Vikram Iyer,Keyboard,Accessories,5,1200,6000,2023-05-03,Kolkata,East,Sunita Rao,Credit Card,Cancelled
1897,Kavya Nambiar,Headphones,Electronics,12,3500,42000,2023-08-24,Bangalore,South,Anil Sharma,Cash on Delivery,Cancelled
1898,Vikram Iyer,Keyboard,Accessories,3,1200,3600,2023-07-09,Pune,West,Kavya Reddy,Credit Card,Delivered
1899,Arjun Nair,USB Hub,Accessories,9,600,5400,2023-01-17,Kolkata,East,Suresh Iyer,Net Banking,Shipped
1900,Pooja Gupta,Monitor,Electronics,15,22000,330000,2023-06-21,Surat,West,Anil Sharma,Net Banking,Delivered
1901,Ananya Das,Monitor,Electronics,6,22000,132000,2023-08-27,Pune,West,Anil Sharma,Net Banking,Processing
1902,Rahul Mishra,Keyboard,Accessories,12,1200,14400,2023-02-04,Ahmedabad,West,Meera Patel,UPI,Processing
1903,Divya Singh,Mouse,Accessories,2,800,1600,2023-11-29,Ahmedabad,West,Meera Patel,UPI,Processing
1904,Kiran Kumar,Webcam,Accessories,9,2500,22500,2023-12-15,Hyderabad,South,Deepak Joshi,Credit Card,Delivered
1905,Rahul Mishra,Webcam,Accessories,8,2500,20000,2023-09-06,Kolkata,East,Sunita Rao,Cash on Delivery,Processing
1906,Pooja Gupta,Tablet,Electronics,6,32000,192000,2023-12-11,Surat,West,Sunita Rao,UPI,Cancelled
1907,Arjun Nair,Monitor,Electronics,7,22000,154000,2023-04-02,Delhi,North,Sunita Rao,Credit Card,Shipped
1908,Divya Singh,Headphones,Electronics,12,3500,42000,2023-03-17,Delhi,North,Ravi Kumar,UPI,Delivered
1909,Tanvi Mehta,Headphones,Electronics,11,3500,38500,2023-10-05,Pune,West,Ravi Kumar,Cash on Delivery,Processing
1910,Ramesh Kumar,USB Hub,Accessories,12,600,7200,2023-11-27,Jaipur,North,Deepak Joshi,UPI,Delivered
1911,Vikram Iyer,Laptop,Electronics,14,45000,630000,2023-09-24,Chennai,South,Priya Nair,Cash on Delivery,Processing
1912,Pooja Gupta,Webcam,Accessories,10,2500,25000,2023-12-07,Jaipur,North,Kavya Reddy,Cash on Delivery,Processing
1913,Amit Verma,Speaker,Electronics,15,4500,67500,2023-06-06,Bangalore,South,Deepak Joshi,UPI,Cancelled
1914,Amit Verma,Webcam,Accessories,13,2500,32500,2023-01-25,Hyderabad,South,Priya Nair,Net Banking,Cancelled
1915,Pooja Gupta,Keyboard,Accessories,15,1200,18000,2023-03-24,Surat,West,Deepak Joshi,UPI,Shipped
1916,Ramesh Kumar,Keyboard,Accessories,4,1200,4800,2023-03-01,Bangalore,South,Priya Nair,UPI,Cancelled
1917,Rahul Mishra,Headphones,Electronics,3,3500,10500,2023-04-16,Kolkata,East,Anil Sharma,Net Banking,Processing
1918,Amit Verma,Keyboard,Accessories,8,1200,9600,2023-10-04,Kolkata,East,Deepak Joshi,Credit Card,Delivered
1919,Divya Singh,USB Hub,Accessories,13,600,7800,2023-03-16,Jaipur,North,Priya Nair,UPI,Delivered
1920,Pooja Gupta,Printer,Electronics,6,12000,72000,2023-11-28,Ahmedabad,West,Deepak Joshi,Cash on Delivery,Processing
1921,Pooja Gupta,Speaker,Electronics,13,4500,58500,2023-10-17,Bangalore,South,Kavya Reddy,Net Banking,Delivered
1922,Rahul Mishra,Tablet,Electronics,3,32000,96000,2023-12-14,Mumbai,West,Sunita Rao,Net Banking,Delivered
1923,Divya Singh,USB Hub,Accessories,14,600,8400,2023-04-23,Surat,West,Priya Nair,Credit Card,Processing
1924,Ananya Das,Laptop,Electronics,11,45000,495000,2023-04-10,Surat,West,Meera Patel,Net Banking,Shipped
1925,Vikram Iyer,Laptop,Electronics,9,45000,405000,2023-08-17,Delhi,North,Sunita Rao,Cash on Delivery,Shipped
1926,Rahul Mishra,Tablet,Electronics,10,32000,320000,2023-11-06,Kolkata,East,Anil Sharma,Net Banking,Cancelled
1927,Meera Joshi,Keyboard,Accessories,6,1200,7200,2023-07-17,Pune,West,Anil Sharma,Net Banking,Processing
1928,Priya Patel,Webcam,Accessories,8,2500,20000,2023-10-15,Hyderabad,South,Meera Patel,Cash on Delivery,Cancelled
1929,Pooja Gupta,Tablet,Electronics,3,32000,96000,2023-08-06,Hyderabad,South,Suresh Iyer,UPI,Delivered
1930,Kavya Nambiar,Keyboard,Accessories,5,1200,6000,2023-09-01,Chennai,South,Priya Nair,Credit Card,Cancelled
1931,Tanvi Mehta,Monitor,Electronics,7,22000,154000,2023-11-24,Mumbai,West,Deepak Joshi,Cash on Delivery,Shipped
1932,Suresh Rao,Printer,Electronics,12,12000,144000,2023-10-18,Jaipur,North,Ravi Kumar,UPI,Shipped
1933,Ramesh Kumar,USB Hub,Accessories,9,600,5400,2023-09-09,Hyderabad,South,Deepak Joshi,Net Banking,Cancelled
1934,Suresh Rao,Printer,Electronics,4,12000,48000,2023-01-14,Jaipur,North,Anil Sharma,UPI,Processing
1935,Vikram Iyer,Headphones,Electronics,2,3500,7000,2023-12-01,Jaipur,North,Deepak Joshi,Cash on Delivery,Shipped
1936,Suresh Rao,Tablet,Electronics,1,32000,32000,2023-03-03,Chennai,South,Deepak Joshi,Cash on Delivery,Delivered
1937,Ananya Das,Speaker,Electronics,10,4500,45000,2023-09-04,Kolkata,East,Suresh Iyer,Net Banking,Cancelled
1938,Ramesh Kumar,Monitor,Electronics,9,22000,198000,2023-10-22,Kolkata,East,Deepak Joshi,UPI,Delivered
1939,Amit Verma,Keyboard,Accessories,8,1200,9600,2023-12-21,Kolkata,East,Priya Nair,UPI,Delivered
1940,Tanvi Mehta,Headphones,Electronics,7,3500,24500,2023-11-22,Kolkata,East,Priya Nair,Credit Card,Processing
1941,Rahul Mishra,Headphones,Electronics,11,3500,38500,2023-02-09,Ahmedabad,West,Meera Patel,UPI,Delivered
1942,Kavya Nambiar,Speaker,Electronics,9,4500,40500,2023-06-15,Bangalore,South,Priya Nair,Net Banking,Processing
1943,Meera Joshi,Webcam,Accessories,9,2500,22500,2023-10-24,Delhi,North,Ravi Kumar,Credit Card,Shipped
1944,Kiran Kumar,Printer,Electronics,6,12000,72000,2023-09-06,Hyderabad,South,Priya Nair,UPI,Delivered
1945,Kavya Nambiar,Mouse,Accessories,9,800,7200,2023-04-24,Bangalore,South,Meera Patel,Credit Card,Cancelled
1946,Tanvi Mehta,Tablet,Electronics,2,32000,64000,2023-03-09,Delhi,North,Anil Sharma,Cash on Delivery,Processing
1947,Tanvi Mehta,Headphones,Electronics,3,3500,10500,2023-08-15,Kolkata,East,Priya Nair,UPI,Processing
1948,Kavya Nambiar,Laptop,Electronics,4,45000,180000,2023-03-07,Delhi,North,Ravi Kumar,UPI,Processing
1949,Kiran Kumar,Keyboard,Accessories,3,1200,3600,2023-02-10,Chennai,South,Sunita Rao,Credit Card,Delivered
1950,Priya Patel,Tablet,Electronics,1,32000,32000,2023-04-11,Pune,West,Anil Sharma,Credit Card,Cancelled
1951,Arjun Nair,Monitor,Electronics,1,22000,22000,2023-02-03,Hyderabad,South,Anil Sharma,Credit Card,Delivered
1952,Amit Verma,Speaker,Electronics,10,4500,45000,2023-04-13,Chennai,South,Priya Nair,Credit Card,Delivered
1953,Meera Joshi,Keyboard,Accessories,10,1200,12000,2023-06-28,Hyderabad,South,Ravi Kumar,UPI,Delivered
1954,Rahul Mishra,Monitor,Electronics,13,22000,286000,2023-01-08,Surat,West,Meera Patel,UPI,Processing
1955,Tanvi Mehta,Keyboard,Accessories,1,1200,1200,2023-02-20,Ahmedabad,West,Meera Patel,Cash on Delivery,Processing
1956,Priya Patel,Speaker,Electronics,8,4500,36000,2023-12-11,Bangalore,South,Ravi Kumar,Net Banking,Cancelled
1957,Kiran Kumar,USB Hub,Accessories,9,600,5400,2023-04-27,Chennai,South,Sunita Rao,Net Banking,Delivered
1958,Divya Singh,Tablet,Electronics,9,32000,288000,2023-03-11,Delhi,North,Priya Nair,Net Banking,Delivered
1959,Kiran Kumar,Monitor,Electronics,8,22000,176000,2023-03-01,Kolkata,East,Deepak Joshi,Cash on Delivery,Processing
1960,Arjun Nair,Tablet,Electronics,9,32000,288000,2023-07-28,Chennai,South,Suresh Iyer,UPI,Delivered
1961,Vikram Iyer,Tablet,Electronics,3,32000,96000,2023-01-07,Kolkata,East,Kavya Reddy,Credit Card,Cancelled
1962,Priya Patel,Tablet,Electronics,11,32000,352000,2023-12-13,Ahmedabad,West,Sunita Rao,UPI,Cancelled
1963,Priya Patel,USB Hub,Accessories,2,600,1200,2023-03-28,Surat,West,Priya Nair,UPI,Processing
1964,Priya Patel,Mouse,Accessories,14,800,11200,2023-07-26,Surat,West,Meera Patel,Cash on Delivery,Cancelled
1965,Suresh Rao,Headphones,Electronics,10,3500,35000,2023-05-20,Surat,West,Suresh Iyer,Net Banking,Cancelled
1966,Arjun Nair,Speaker,Electronics,8,4500,36000,2023-09-19,Pune,West,Ravi Kumar,Cash on Delivery,Delivered
1967,Sneha Reddy,Monitor,Electronics,8,22000,176000,2023-09-12,Hyderabad,South,Ravi Kumar,Credit Card,Delivered
1968,Ramesh Kumar,Laptop,Electronics,8,45000,360000,2023-12-14,Delhi,North,Ravi Kumar,Cash on Delivery,Processing
1969,Priya Patel,Keyboard,Accessories,10,1200,12000,2023-11-16,Hyderabad,South,Sunita Rao,Cash on Delivery,Cancelled
1970,Divya Singh,Mouse,Accessories,11,800,8800,2023-09-12,Hyderabad,South,Deepak Joshi,Net Banking,Delivered
1971,Kiran Kumar,Laptop,Electronics,15,45000,675000,2023-03-02,Pune,West,Kavya Reddy,Net Banking,Cancelled
1972,Amit Verma,Tablet,Electronics,1,32000,32000,2023-01-17,Jaipur,North,Deepak Joshi,UPI,Cancelled
1973,Divya Singh,USB Hub,Accessories,5,600,3000,2023-07-19,Bangalore,South,Sunita Rao,Cash on Delivery,Cancelled
1974,Rahul Mishra,Tablet,Electronics,14,32000,448000,2023-03-22,Ahmedabad,West,Anil Sharma,Cash on Delivery,Processing
1975,Vikram Iyer,Tablet,Electronics,7,32000,224000,2023-11-12,Surat,West,Priya Nair,Net Banking,Processing
1976,Amit Verma,Laptop,Electronics,10,45000,450000,2023-01-24,Mumbai,West,Priya Nair,Net Banking,Delivered
1977,Meera Joshi,Webcam,Accessories,2,2500,5000,2023-08-08,Pune,West,Priya Nair,Cash on Delivery,Processing
1978,Vikram Iyer,Laptop,Electronics,4,45000,180000,2023-05-01,Chennai,South,Deepak Joshi,Credit Card,Delivered
1979,Ramesh Kumar,Headphones,Electronics,6,3500,21000,2023-03-28,Delhi,North,Priya Nair,Credit Card,Cancelled
1980,Arjun Nair,USB Hub,Accessories,9,600,5400,2023-08-04,Surat,West,Anil Sharma,Cash on Delivery,Delivered
1981,Meera Joshi,Webcam,Accessories,10,2500,25000,2023-07-19,Pune,West,Sunita Rao,Cash on Delivery,Delivered
1982,Suresh Rao,Mouse,Accessories,8,800,6400,2023-09-15,Kolkata,East,Priya Nair,UPI,Processing
1983,Vikram Iyer,Webcam,Accessories,4,2500,10000,2023-09-12,Pune,West,Sunita Rao,UPI,Processing
1984,Kiran Kumar,Headphones,Electronics,5,3500,17500,2023-10-21,Mumbai,West,Meera Patel,Credit Card,Delivered
1985,Ananya Das,Speaker,Electronics,5,4500,22500,2023-02-04,Kolkata,East,Kavya Reddy,Cash on Delivery,Shipped
1986,Rahul Mishra,Webcam,Accessories,11,2500,27500,2023-06-04,Delhi,North,Deepak Joshi,Cash on Delivery,Processing
1987,Ananya Das,Mouse,Accessories,7,800,5600,2023-05-09,Pune,West,Kavya Reddy,UPI,Delivered
1988,Sneha Reddy,Printer,Electronics,10,12000,120000,2023-09-13,Bangalore,South,Kavya Reddy,Net Banking,Cancelled
1989,Meera Joshi,Speaker,Electronics,9,4500,40500,2023-04-13,Mumbai,West,Kavya Reddy,UPI,Shipped
1990,Kiran Kumar,Keyboard,Accessories,14,1200,16800,2023-08-11,Hyderabad,South,Priya Nair,Credit Card,Shipped
1991,Vikram Iyer,USB Hub,Accessories,14,600,8400,2023-05-27,Hyderabad,South,Ravi Kumar,Net Banking,Shipped
1992,Sneha Reddy,USB Hub,Accessories,2,600,1200,2023-03-18,Chennai,South,Anil Sharma,UPI,Processing
1993,Kiran Kumar,Tablet,Electronics,9,32000,288000,2023-08-12,Jaipur,North,Anil Sharma,UPI,Shipped
1994,Suresh Rao,Headphones,Electronics,1,3500,3500,2023-05-13,Bangalore,South,Deepak Joshi,UPI,Delivered
1995,Meera Joshi,Tablet,Electronics,1,32000,32000,2023-02-12,Mumbai,West,Deepak Joshi,Credit Card,Cancelled
1996,Sneha Reddy,Webcam,Accessories,7,2500,17500,2023-03-13,Delhi,North,Sunita Rao,Credit Card,Processing
1997,Priya Patel,Tablet,Electronics,4,32000,128000,2023-11-04,Delhi,North,Priya Nair,Net Banking,Cancelled
1998,Priya Patel,Mouse,Accessories,4,800,3200,2023-03-15,Pune,West,Ravi Kumar,UPI,Processing
1999,Ramesh Kumar,Tablet,Electronics,5,32000,160000,2023-10-29,Pune,West,Kavya Reddy,Net Banking,Delivered
2000,Vikram Iyer,Webcam,Accessories,7,2500,17500,2023-09-01,Ahmedabad,West,Meera Patel,Net Banking,Shipped
2001,Kavya Nambiar,Webcam,Accessories,12,2500,30000,2023-07-08,Jaipur,North,Deepak Joshi,Credit Card,Delivered
2002,Kiran Kumar,Laptop,Electronics,5,45000,225000,2023-10-10,Chennai,South,Deepak Joshi,Net Banking,Delivered
2003,Kiran Kumar,Printer,Electronics,14,12000,168000,2023-08-15,Chennai,South,Anil Sharma,Cash on Delivery,Processing
2004,Arjun Nair,Headphones,Electronics,15,3500,52500,2023-05-01,Delhi,North,Meera Patel,UPI,Cancelled
2005,Arjun Nair,Webcam,Accessories,13,2500,32500,2023-01-18,Pune,West,Sunita Rao,Cash on Delivery,Cancelled
2006,Tanvi Mehta,USB Hub,Accessories,12,600,7200,2023-08-05,Kolkata,East,Sunita Rao,UPI,Processing
2007,Ananya Das,Printer,Electronics,6,12000,72000,2023-08-04,Delhi,North,Priya Nair,Cash on Delivery,Delivered
2008,Suresh Rao,Laptop,Electronics,11,45000,495000,2023-08-16,Bangalore,South,Ravi Kumar,Credit Card,Cancelled
2009,Priya Patel,Mouse,Accessories,6,800,4800,2023-10-22,Hyderabad,South,Sunita Rao,UPI,Shipped
2010,Vikram Iyer,Printer,Electronics,14,12000,168000,2023-11-01,Bangalore,South,Suresh Iyer,Net Banking,Cancelled
2011,Vikram Iyer,Tablet,Electronics,5,32000,160000,2023-03-30,Bangalore,South,Priya Nair,Net Banking,Shipped
2012,Kiran Kumar,Monitor,Electronics,6,22000,132000,2023-04-04,Pune,West,Suresh Iyer,UPI,Delivered
2013,Vikram Iyer,Laptop,Electronics,11,45000,495000,2023-11-10,Ahmedabad,West,Meera Patel,Credit Card,Cancelled
2014,Ramesh Kumar,Mouse,Accessories,12,800,9600,2023-03-28,Hyderabad,South,Suresh Iyer,Cash on Delivery,Processing
2015,Ananya Das,Keyboard,Accessories,6,1200,7200,2023-03-29,Delhi,North,Sunita Rao,Credit Card,Cancelled
2016,Pooja Gupta,Tablet,Electronics,2,32000,64000,2023-04-25,Jaipur,North,Meera Patel,UPI,Processing
2017,Kiran Kumar,Headphones,Electronics,7,3500,24500,2023-03-08,Jaipur,North,Meera Patel,UPI,Processing
2018,Suresh Rao,Mouse,Accessories,3,800,2400,2023-07-29,Pune,West,Ravi Kumar,Credit Card,Processing
2019,Tanvi Mehta,Headphones,Electronics,10,3500,35000,2023-08-19,Chennai,South,Meera Patel,Net Banking,Cancelled
2020,Kavya Nambiar,Monitor,Electronics,8,22000,176000,2023-03-10,Mumbai,West,Priya Nair,Cash on Delivery,Shipped
2021,Arjun Nair,USB Hub,Accessories,12,600,7200,2023-11-02,Pune,West,Sunita Rao,Credit Card,Delivered
2022,Divya Singh,Laptop,Electronics,15,45000,675000,2023-05-01,Kolkata,East,Priya Nair,Credit Card,Delivered
2023,Arjun Nair,Headphones,Electronics,10,3500,35000,2023-07-15,Ahmedabad,West,Suresh Iyer,Net Banking,Shipped
2024,Arjun Nair,Printer,Electronics,10,12000,120000,2023-04-02,Mumbai,West,Ravi Kumar,Cash on Delivery,Processing
2025,Pooja Gupta,Tablet,Electronics,2,32000,64000,2023-06-12,Bangalore,South,Suresh Iyer,UPI,Processing
2026,Divya Singh,Monitor,Electronics,1,22000,22000,2023-03-07,Kolkata,East,Deepak Joshi,Net Banking,Cancelled
2027,Rahul Mishra,Headphones,Electronics,10,3500,35000,2023-05-16,Hyderabad,South,Priya Nair,Cash on Delivery,Shipped
2028,Rahul Mishra,Webcam,Accessories,13,2500,32500,2023-03-19,Jaipur,North,Kavya Reddy,Credit Card,Shipped
2029,Ramesh Kumar,Keyboard,Accessories,4,1200,4800,2023-04-04,Mumbai,West,Kavya Reddy,Net Banking,Shipped
2030,Ramesh Kumar,Tablet,Electronics,2,32000,64000,2023-09-11,Pune,West,Kavya Reddy,Net Banking,Cancelled
2031,Priya Patel,Tablet,Electronics,2,32000,64000,2023-03-17,Jaipur,North,Priya Nair,Credit Card,Shipped
2032,Pooja Gupta,Headphones,Electronics,14,3500,49000,2023-03-28,Bangalore,South,Deepak Joshi,UPI,Delivered
2033,Tanvi Mehta,Printer,Electronics,3,12000,36000,2023-08-02,Surat,West,Sunita Rao,UPI,Cancelled
2034,Vikram Iyer,Monitor,Electronics,1,22000,22000,2023-05-26,Kolkata,East,Sunita Rao,Cash on Delivery,Processing
2035,Amit Verma,Speaker,Electronics,14,4500,63000,2023-06-15,Delhi,North,Anil Sharma,Credit Card,Cancelled
2036,Ananya Das,Tablet,Electronics,11,32000,352000,2023-05-18,Jaipur,North,Anil Sharma,Net Banking,Delivered
2037,Amit Verma,Speaker,Electronics,6,4500,27000,2023-10-19,Jaipur,North,Meera Patel,Credit Card,Processing
2038,Rahul Mishra,Webcam,Accessories,12,2500,30000,2023-02-06,Mumbai,West,Suresh Iyer,Credit Card,Cancelled
2039,Priya Patel,Headphones,Electronics,4,3500,14000,2023-07-24,Bangalore,South,Anil Sharma,UPI,Shipped
2040,Suresh Rao,USB Hub,Accessories,5,600,3000,2023-11-28,Pune,West,Ravi Kumar,Credit Card,Processing
2041,Tanvi Mehta,Tablet,Electronics,12,32000,384000,2023-06-08,Pune,West,Ravi Kumar,Net Banking,Delivered
2042,Divya Singh,Webcam,Accessories,4,2500,10000,2023-09-08,Ahmedabad,West,Suresh Iyer,Cash on Delivery,Processing
2043,Suresh Rao,Speaker,Electronics,7,4500,31500,2023-02-16,Surat,West,Suresh Iyer,Net Banking,Shipped
2044,Rahul Mishra,USB Hub,Accessories,2,600,1200,2023-01-21,Pune,West,Priya Nair,Cash on Delivery,Shipped
2045,Vikram Iyer,Keyboard,Accessories,9,1200,10800,2023-11-19,Jaipur,North,Sunita Rao,Net Banking,Cancelled
2046,Arjun Nair,USB Hub,Accessories,15,600,9000,2023-09-02,Delhi,North,Ravi Kumar,UPI,Processing
2047,Ananya Das,Mouse,Accessories,7,800,5600,2023-06-01,Ahmedabad,West,Anil Sharma,Credit Card,Delivered
2048,Kiran Kumar,Printer,Electronics,9,12000,108000,2023-08-06,Delhi,North,Sunita Rao,Cash on Delivery,Processing
2049,Suresh Rao,Webcam,Accessories,10,2500,25000,2023-02-11,Hyderabad,South,Anil Sharma,Credit Card,Cancelled
2050,Ramesh Kumar,Keyboard,Accessories,14,1200,16800,2023-07-21,Bangalore,South,Sunita Rao,Cash on Delivery,Processing
2051,Suresh Rao,Webcam,Accessories,12,2500,30000,2023-08-21,Surat,West,Kavya Reddy,Net Banking,Processing
2052,Pooja Gupta,Keyboard,Accessories,3,1200,3600,2023-02-10,Chennai,South,Deepak Joshi,Credit Card,Cancelled
2053,Priya Patel,Printer,Electronics,1,12000,12000,2023-07-22,Mumbai,West,Anil Sharma,UPI,Cancelled
2054,Pooja Gupta,Tablet,Electronics,14,32000,448000,2023-12-03,Pune,West,Kavya Reddy,Net Banking,Processing
2055,Amit Verma,USB Hub,Accessories,2,600,1200,2023-03-06,Hyderabad,South,Anil Sharma,UPI,Delivered
2056,Sneha Reddy,Laptop,Electronics,14,45000,630000,2023-01-14,Chennai,South,Kavya Reddy,UPI,Shipped
2057,Arjun Nair,USB Hub,Accessories,4,600,2400,2023-02-14,Ahmedabad,West,Kavya Reddy,UPI,Cancelled
2058,Tanvi Mehta,USB Hub,Accessories,2,600,1200,2023-03-27,Mumbai,West,Ravi Kumar,Cash on Delivery,Cancelled
2059,Ananya Das,Tablet,Electronics,14,32000,448000,2023-08-19,Mumbai,West,Meera Patel,UPI,Processing
2060,Ramesh Kumar,Speaker,Electronics,1,4500,4500,2023-06-20,Pune,West,Sunita Rao,Cash on Delivery,Cancelled
2061,Arjun Nair,Tablet,Electronics,10,32000,320000,2023-10-11,Surat,West,Anil Sharma,Cash on Delivery,Cancelled
2062,Tanvi Mehta,Tablet,Electronics,10,32000,320000,2023-11-10,Ahmedabad,West,Kavya Reddy,UPI,Delivered
2063,Meera Joshi,Printer,Electronics,7,12000,84000,2023-10-23,Mumbai,West,Sunita Rao,Net Banking,Cancelled
2064,Vikram Iyer,Tablet,Electronics,8,32000,256000,2023-11-15,Delhi,North,Priya Nair,Cash on Delivery,Cancelled
2065,Divya Singh,Laptop,Electronics,5,45000,225000,2023-04-09,Bangalore,South,Priya Nair,Cash on Delivery,Shipped
2066,Meera Joshi,Printer,Electronics,10,12000,120000,2023-12-17,Chennai,South,Kavya Reddy,UPI,Processing
2067,Vikram Iyer,USB Hub,Accessories,14,600,8400,2023-12-11,Pune,West,Priya Nair,Cash on Delivery,Shipped
2068,Pooja Gupta,Speaker,Electronics,5,4500,22500,2023-12-20,Chennai,South,Sunita Rao,Cash on Delivery,Shipped
2069,Divya Singh,Keyboard,Accessories,3,1200,3600,2023-11-07,Chennai,South,Sunita Rao,Cash on Delivery,Cancelled
2070,Ramesh Kumar,Headphones,Electronics,4,3500,14000,2023-10-13,Chennai,South,Anil Sharma,Net Banking,Processing
2071,Ramesh Kumar,Webcam,Accessories,3,2500,7500,2023-09-15,Bangalore,South,Sunita Rao,Net Banking,Cancelled
2072,Rahul Mishra,Monitor,Electronics,4,22000,88000,2023-03-03,Surat,West,Meera Patel,Cash on Delivery,Processing
2073,Suresh Rao,Webcam,Accessories,13,2500,32500,2023-01-24,Kolkata,East,Deepak Joshi,UPI,Delivered
2074,Kavya Nambiar,Laptop,Electronics,13,45000,585000,2023-08-23,Jaipur,North,Sunita Rao,Credit Card,Delivered
2075,Amit Verma,Printer,Electronics,9,12000,108000,2023-02-23,Mumbai,West,Sunita Rao,UPI,Processing
2076,Suresh Rao,Keyboard,Accessories,12,1200,14400,2023-08-15,Hyderabad,South,Kavya Reddy,Credit Card,Shipped
2077,Priya Patel,Webcam,Accessories,14,2500,35000,2023-03-12,Kolkata,East,Meera Patel,Cash on Delivery,Cancelled
2078,Meera Joshi,Laptop,Electronics,14,45000,630000,2023-08-31,Chennai,South,Deepak Joshi,UPI,Delivered
2079,Meera Joshi,Headphones,Electronics,12,3500,42000,2023-08-01,Kolkata,East,Meera Patel,UPI,Cancelled
2080,Kiran Kumar,Mouse,Accessories,13,800,10400,2023-08-08,Bangalore,South,Suresh Iyer,Cash on Delivery,Processing
2081,Pooja Gupta,Laptop,Electronics,3,45000,135000,2023-01-06,Jaipur,North,Sunita Rao,Credit Card,Processing
2082,Kiran Kumar,Webcam,Accessories,13,2500,32500,2023-03-26,Pune,West,Anil Sharma,Cash on Delivery,Delivered
2083,Pooja Gupta,Keyboard,Accessories,1,1200,1200,2023-11-20,Surat,West,Deepak Joshi,Cash on Delivery,Cancelled
2084,Tanvi Mehta,Printer,Electronics,12,12000,144000,2023-06-10,Hyderabad,South,Priya Nair,Credit Card,Processing
2085,Pooja Gupta,Printer,Electronics,15,12000,180000,2023-03-17,Surat,West,Suresh Iyer,Cash on Delivery,Shipped
2086,Vikram Iyer,Printer,Electronics,13,12000,156000,2023-11-13,Surat,West,Kavya Reddy,Net Banking,Cancelled
2087,Rahul Mishra,Mouse,Accessories,2,800,1600,2023-01-19,Hyderabad,South,Priya Nair,Cash on Delivery,Shipped
2088,Priya Patel,Printer,Electronics,5,12000,60000,2023-04-20,Ahmedabad,West,Deepak Joshi,Net Banking,Shipped
2089,Ananya Das,Laptop,Electronics,15,45000,675000,2023-10-04,Mumbai,West,Deepak Joshi,UPI,Processing
2090,Kavya Nambiar,USB Hub,Accessories,2,600,1200,2023-01-31,Ahmedabad,West,Priya Nair,Net Banking,Processing
2091,Priya Patel,Monitor,Electronics,13,22000,286000,2023-11-30,Mumbai,West,Kavya Reddy,Net Banking,Delivered
2092,Ananya Das,Tablet,Electronics,4,32000,128000,2023-10-25,Kolkata,East,Meera Patel,Net Banking,Processing
2093,Pooja Gupta,Headphones,Electronics,11,3500,38500,2023-03-13,Surat,West,Suresh Iyer,UPI,Delivered
2094,Kavya Nambiar,Webcam,Accessories,10,2500,25000,2023-04-09,Ahmedabad,West,Priya Nair,Cash on Delivery,Delivered
2095,Priya Patel,Keyboard,Accessories,14,1200,16800,2023-07-30,Pune,West,Sunita Rao,Credit Card,Cancelled
2096,Priya Patel,Keyboard,Accessories,4,1200,4800,2023-08-17,Jaipur,North,Priya Nair,Cash on Delivery,Cancelled
2097,Kiran Kumar,Headphones,Electronics,8,3500,28000,2023-11-22,Surat,West,Kavya Reddy,Cash on Delivery,Cancelled
2098,Divya Singh,Keyboard,Accessories,9,1200,10800,2023-03-07,Bangalore,South,Kavya Reddy,UPI,Delivered
2099,Pooja Gupta,Mouse,Accessories,8,800,6400,2023-01-17,Jaipur,North,Ravi Kumar,Net Banking,Delivered
2100,Meera Joshi,Speaker,Electronics,2,4500,9000,2023-03-03,Pune,West,Deepak Joshi,Credit Card,Shipped
2101,Arjun Nair,Monitor,Electronics,5,22000,110000,2023-07-11,Kolkata,East,Deepak Joshi,Cash on Delivery,Delivered
2102,Kiran Kumar,Keyboard,Accessories,13,1200,15600,2023-10-29,Bangalore,South,Anil Sharma,Net Banking,Processing
2103,Ramesh Kumar,Mouse,Accessories,14,800,11200,2023-09-08,Bangalore,South,Sunita Rao,Net Banking,Delivered
2104,Arjun Nair,Laptop,Electronics,8,45000,360000,2023-10-21,Pune,West,Kavya Reddy,Net Banking,Cancelled
2105,Rahul Mishra,Tablet,Electronics,3,32000,96000,2023-03-12,Surat,West,Kavya Reddy,Cash on Delivery,Cancelled
2106,Vikram Iyer,Keyboard,Accessories,2,1200,2400,2023-11-16,Kolkata,East,Suresh Iyer,Cash on Delivery,Shipped
2107,Vikram Iyer,USB Hub,Accessories,9,600,5400,2023-01-24,Kolkata,East,Kavya Reddy,Net Banking,Delivered
2108,Suresh Rao,Keyboard,Accessories,10,1200,12000,2023-11-19,Mumbai,West,Deepak Joshi,Credit Card,Delivered
2109,Suresh Rao,Mouse,Accessories,9,800,7200,2023-10-23,Surat,West,Anil Sharma,UPI,Cancelled
2110,Tanvi Mehta,Printer,Electronics,2,12000,24000,2023-12-04,Mumbai,West,Ravi Kumar,Credit Card,Processing
2111,Kavya Nambiar,Mouse,Accessories,14,800,11200,2023-12-28,Chennai,South,Kavya Reddy,Credit Card,Processing
2112,Kavya Nambiar,USB Hub,Accessories,1,600,600,2023-09-09,Surat,West,Anil Sharma,Net Banking,Cancelled
2113,Meera Joshi,Keyboard,Accessories,1,1200,1200,2023-09-28,Pune,West,Suresh Iyer,Net Banking,Delivered
2114,Arjun Nair,Monitor,Electronics,9,22000,198000,2023-03-28,Delhi,North,Ravi Kumar,UPI,Processing
2115,Vikram Iyer,Monitor,Electronics,5,22000,110000,2023-07-28,Bangalore,South,Ravi Kumar,Credit Card,Processing
2116,Arjun Nair,Keyboard,Accessories,12,1200,14400,2023-01-30,Mumbai,West,Suresh Iyer,Credit Card,Processing
2117,Arjun Nair,Keyboard,Accessories,15,1200,18000,2023-06-15,Pune,West,Suresh Iyer,Credit Card,Delivered
2118,Ananya Das,Mouse,Accessories,13,800,10400,2023-11-02,Chennai,South,Meera Patel,Cash on Delivery,Cancelled
2119,Divya Singh,Monitor,Electronics,1,22000,22000,2023-06-12,Hyderabad,South,Suresh Iyer,Credit Card,Cancelled
2120,Tanvi Mehta,Laptop,Electronics,11,45000,495000,2023-04-30,Pune,West,Anil Sharma,Net Banking,Delivered
2121,Arjun Nair,Mouse,Accessories,11,800,8800,2023-03-06,Ahmedabad,West,Suresh Iyer,Cash on Delivery,Delivered
2122,Meera Joshi,Printer,Electronics,13,12000,156000,2023-03-14,Chennai,South,Ravi Kumar,UPI,Cancelled
2123,Kavya Nambiar,Printer,Electronics,1,12000,12000,2023-01-01,Jaipur,North,Kavya Reddy,Net Banking,Shipped
2124,Arjun Nair,Laptop,Electronics,15,45000,675000,2023-09-04,Mumbai,West,Deepak Joshi,Cash on Delivery,Processing
2125,Arjun Nair,Mouse,Accessories,14,800,11200,2023-09-19,Surat,West,Anil Sharma,UPI,Delivered
2126,Priya Patel,Headphones,Electronics,7,3500,24500,2023-12-24,Delhi,North,Ravi Kumar,Net Banking,Cancelled
2127,Tanvi Mehta,Mouse,Accessories,9,800,7200,2023-06-12,Surat,West,Priya Nair,Net Banking,Cancelled
2128,Meera Joshi,Headphones,Electronics,11,3500,38500,2023-06-14,Chennai,South,Meera Patel,Cash on Delivery,Processing
2129,Ananya Das,Laptop,Electronics,11,45000,495000,2023-01-02,Bangalore,South,Kavya Reddy,Credit Card,Delivered
2130,Pooja Gupta,Keyboard,Accessories,9,1200,10800,2023-12-23,Pune,West,Kavya Reddy,Cash on Delivery,Delivered
2131,Divya Singh,Monitor,Electronics,1,22000,22000,2023-12-10,Ahmedabad,West,Sunita Rao,Net Banking,Cancelled
2132,Kavya Nambiar,Speaker,Electronics,7,4500,31500,2023-04-01,Kolkata,East,Anil Sharma,Credit Card,Cancelled
2133,Sneha Reddy,Webcam,Accessories,8,2500,20000,2023-01-05,Chennai,South,Anil Sharma,Net Banking,Processing
2134,Vikram Iyer,Mouse,Accessories,14,800,11200,2023-11-11,Delhi,North,Deepak Joshi,UPI,Shipped
2135,Divya Singh,Tablet,Electronics,1,32000,32000,2023-05-24,Kolkata,East,Meera Patel,Credit Card,Shipped
2136,Ananya Das,USB Hub,Accessories,14,600,8400,2023-05-23,Delhi,North,Kavya Reddy,UPI,Shipped
2137,Priya Patel,Speaker,Electronics,10,4500,45000,2023-03-31,Surat,West,Ravi Kumar,Credit Card,Shipped
2138,Tanvi Mehta,Headphones,Electronics,14,3500,49000,2023-04-27,Surat,West,Deepak Joshi,UPI,Delivered
2139,Rahul Mishra,Printer,Electronics,5,12000,60000,2023-12-15,Surat,West,Kavya Reddy,Credit Card,Cancelled
2140,Arjun Nair,Laptop,Electronics,7,45000,315000,2023-07-28,Kolkata,East,Sunita Rao,Cash on Delivery,Cancelled
2141,Tanvi Mehta,Webcam,Accessories,13,2500,32500,2023-01-23,Ahmedabad,West,Meera Patel,Credit Card,Processing
2142,Ramesh Kumar,USB Hub,Accessories,8,600,4800,2023-06-11,Ahmedabad,West,Suresh Iyer,UPI,Processing
2143,Pooja Gupta,Monitor,Electronics,13,22000,286000,2023-01-13,Surat,West,Meera Patel,Cash on Delivery,Delivered
2144,Arjun Nair,Mouse,Accessories,3,800,2400,2023-06-18,Chennai,South,Sunita Rao,Credit Card,Delivered
2145,Ananya Das,Tablet,Electronics,13,32000,416000,2023-01-13,Pune,West,Priya Nair,Net Banking,Shipped
2146,Kavya Nambiar,Monitor,Electronics,4,22000,88000,2023-06-24,Jaipur,North,Anil Sharma,Net Banking,Shipped
2147,Suresh Rao,Monitor,Electronics,10,22000,220000,2023-08-13,Surat,West,Sunita Rao,Cash on Delivery,Delivered
2148,Kiran Kumar,Monitor,Electronics,15,22000,330000,2023-01-18,Mumbai,West,Priya Nair,Credit Card,Shipped
2149,Ananya Das,Laptop,Electronics,1,45000,45000,2023-06-04,Jaipur,North,Suresh Iyer,Credit Card,Delivered
2150,Kavya Nambiar,Laptop,Electronics,1,45000,45000,2023-05-31,Ahmedabad,West,Suresh Iyer,Cash on Delivery,Delivered
2151,Suresh Rao,Speaker,Electronics,4,4500,18000,2023-11-03,Pune,West,Anil Sharma,Cash on Delivery,Cancelled
2152,Ananya Das,Tablet,Electronics,15,32000,480000,2023-11-14,Pune,West,Sunita Rao,Net Banking,Delivered
2153,Sneha Reddy,Tablet,Electronics,6,32000,192000,2023-10-28,Ahmedabad,West,Sunita Rao,Credit Card,Delivered
2154,Tanvi Mehta,Speaker,Electronics,10,4500,45000,2023-04-10,Delhi,North,Ravi Kumar,Net Banking,Processing
2155,Divya Singh,USB Hub,Accessories,12,600,7200,2023-11-14,Jaipur,North,Ravi Kumar,UPI,Shipped
2156,Ananya Das,Laptop,Electronics,3,45000,135000,2023-06-09,Mumbai,West,Suresh Iyer,Net Banking,Processing
2157,Amit Verma,Speaker,Electronics,13,4500,58500,2023-03-16,Ahmedabad,West,Kavya Reddy,Net Banking,Processing
2158,Ananya Das,Headphones,Electronics,1,3500,3500,2023-09-23,Kolkata,East,Ravi Kumar,Credit Card,Shipped
2159,Kiran Kumar,Printer,Electronics,14,12000,168000,2023-01-28,Ahmedabad,West,Priya Nair,UPI,Shipped
2160,Vikram Iyer,Mouse,Accessories,6,800,4800,2023-04-07,Delhi,North,Kavya Reddy,Cash on Delivery,Processing
2161,Arjun Nair,Speaker,Electronics,6,4500,27000,2023-11-12,Surat,West,Suresh Iyer,Net Banking,Shipped
2162,Divya Singh,Monitor,Electronics,15,22000,330000,2023-01-22,Jaipur,North,Meera Patel,Credit Card,Shipped
2163,Sneha Reddy,Mouse,Accessories,10,800,8000,2023-04-20,Jaipur,North,Kavya Reddy,Net Banking,Cancelled
2164,Meera Joshi,Mouse,Accessories,3,800,2400,2023-01-04,Pune,West,Anil Sharma,Credit Card,Processing
2165,Arjun Nair,Laptop,Electronics,2,45000,90000,2023-03-14,Ahmedabad,West,Kavya Reddy,UPI,Processing
2166,Arjun Nair,Laptop,Electronics,4,45000,180000,2023-04-12,Mumbai,West,Ravi Kumar,UPI,Processing
2167,Sneha Reddy,Keyboard,Accessories,14,1200,16800,2023-10-11,Kolkata,East,Ravi Kumar,UPI,Delivered
2168,Ramesh Kumar,Keyboard,Accessories,15,1200,18000,2023-02-21,Hyderabad,South,Ravi Kumar,Cash on Delivery,Delivered
2169,Sneha Reddy,Webcam,Accessories,5,2500,12500,2023-08-22,Chennai,South,Priya Nair,Net Banking,Shipped
2170,Tanvi Mehta,Printer,Electronics,15,12000,180000,2023-08-11,Surat,West,Sunita Rao,Credit Card,Shipped
2171,Kiran Kumar,Keyboard,Accessories,4,1200,4800,2023-09-30,Chennai,South,Priya Nair,Net Banking,Cancelled
2172,Ananya Das,Mouse,Accessories,13,800,10400,2023-11-12,Mumbai,West,Meera Patel,Net Banking,Shipped
2173,Suresh Rao,Webcam,Accessories,1,2500,2500,2023-11-19,Chennai,South,Deepak Joshi,UPI,Cancelled
2174,Suresh Rao,Mouse,Accessories,13,800,10400,2023-08-29,Delhi,North,Sunita Rao,UPI,Cancelled
2175,Divya Singh,Printer,Electronics,8,12000,96000,2023-09-23,Kolkata,East,Ravi Kumar,Net Banking,Processing
2176,Divya Singh,Printer,Electronics,12,12000,144000,2023-09-11,Jaipur,North,Deepak Joshi,Cash on Delivery,Delivered
2177,Divya Singh,Mouse,Accessories,15,800,12000,2023-04-14,Chennai,South,Meera Patel,Cash on Delivery,Shipped
2178,Ananya Das,Headphones,Electronics,15,3500,52500,2023-07-13,Pune,West,Ravi Kumar,Net Banking,Processing
2179,Arjun Nair,Printer,Electronics,3,12000,36000,2023-02-13,Delhi,North,Kavya Reddy,Net Banking,Shipped
2180,Ananya Das,Speaker,Electronics,8,4500,36000,2023-09-20,Mumbai,West,Priya Nair,Cash on Delivery,Cancelled
2181,Suresh Rao,Tablet,Electronics,7,32000,224000,2023-07-08,Pune,West,Kavya Reddy,Net Banking,Processing
2182,Sneha Reddy,USB Hub,Accessories,3,600,1800,2023-08-15,Mumbai,West,Deepak Joshi,Credit Card,Processing
2183,Rahul Mishra,Monitor,Electronics,14,22000,308000,2023-09-14,Hyderabad,South,Sunita Rao,Net Banking,Shipped
2184,Ramesh Kumar,Monitor,Electronics,2,22000,44000,2023-07-04,Delhi,North,Meera Patel,Net Banking,Shipped
2185,Kavya Nambiar,Webcam,Accessories,5,2500,12500,2023-12-16,Hyderabad,South,Deepak Joshi,UPI,Shipped
2186,Arjun Nair,Printer,Electronics,1,12000,12000,2023-06-03,Hyderabad,South,Priya Nair,Cash on Delivery,Cancelled
2187,Rahul Mishra,Speaker,Electronics,8,4500,36000,2023-12-01,Mumbai,West,Ravi Kumar,Cash on Delivery,Shipped
2188,Rahul Mishra,Mouse,Accessories,8,800,6400,2023-04-30,Chennai,South,Kavya Reddy,Cash on Delivery,Processing
2189,Kiran Kumar,Monitor,Electronics,14,22000,308000,2023-04-07,Kolkata,East,Suresh Iyer,UPI,Cancelled
2190,Amit Verma,Tablet,Electronics,1,32000,32000,2023-07-11,Ahmedabad,West,Ravi Kumar,Net Banking,Delivered
2191,Kiran Kumar,Tablet,Electronics,6,32000,192000,2023-04-26,Kolkata,East,Suresh Iyer,Cash on Delivery,Processing
2192,Suresh Rao,Webcam,Accessories,1,2500,2500,2023-10-18,Surat,West,Anil Sharma,UPI,Shipped
2193,Tanvi Mehta,Webcam,Accessories,11,2500,27500,2023-11-05,Surat,West,Suresh Iyer,Cash on Delivery,Shipped
2194,Sneha Reddy,USB Hub,Accessories,9,600,5400,2023-07-17,Delhi,North,Kavya Reddy,Credit Card,Processing
2195,Priya Patel,Speaker,Electronics,11,4500,49500,2023-06-05,Jaipur,North,Ravi Kumar,Credit Card,Shipped
2196,Amit Verma,Laptop,Electronics,8,45000,360000,2023-01-14,Surat,West,Meera Patel,Credit Card,Cancelled
2197,Vikram Iyer,Headphones,Electronics,4,3500,14000,2023-05-30,Chennai,South,Sunita Rao,Cash on Delivery,Delivered
2198,Meera Joshi,Webcam,Accessories,1,2500,2500,2023-03-29,Ahmedabad,West,Suresh Iyer,Cash on Delivery,Shipped
2199,Divya Singh,Monitor,Electronics,9,22000,198000,2023-08-03,Bangalore,South,Sunita Rao,Cash on Delivery,Shipped
2200,Kavya Nambiar,Keyboard,Accessories,5,1200,6000,2023-08-10,Chennai,South,Kavya Reddy,UPI,Processing
2201,Divya Singh,Speaker,Electronics,9,4500,40500,2023-12-17,Chennai,South,Deepak Joshi,UPI,Delivered
2202,Ananya Das,Keyboard,Accessories,2,1200,2400,2023-07-24,Jaipur,North,Meera Patel,Net Banking,Cancelled
2203,Pooja Gupta,Tablet,Electronics,10,32000,320000,2023-01-21,Jaipur,North,Sunita Rao,Net Banking,Cancelled
2204,Kavya Nambiar,Webcam,Accessories,7,2500,17500,2023-11-10,Hyderabad,South,Ravi Kumar,Cash on Delivery,Shipped
2205,Divya Singh,Keyboard,Accessories,12,1200,14400,2023-08-10,Surat,West,Suresh Iyer,UPI,Delivered
2206,Arjun Nair,USB Hub,Accessories,4,600,2400,2023-03-22,Mumbai,West,Deepak Joshi,Credit Card,Shipped
2207,Priya Patel,Tablet,Electronics,13,32000,416000,2023-10-11,Pune,West,Priya Nair,Credit Card,Delivered
2208,Amit Verma,Printer,Electronics,7,12000,84000,2023-08-19,Kolkata,East,Deepak Joshi,UPI,Delivered
2209,Pooja Gupta,Tablet,Electronics,2,32000,64000,2023-11-24,Mumbai,West,Kavya Reddy,Cash on Delivery,Processing
2210,Ramesh Kumar,USB Hub,Accessories,7,600,4200,2023-01-20,Chennai,South,Deepak Joshi,Credit Card,Shipped
2211,Priya Patel,Webcam,Accessories,8,2500,20000,2023-08-25,Jaipur,North,Sunita Rao,UPI,Cancelled
2212,Kavya Nambiar,Keyboard,Accessories,14,1200,16800,2023-05-23,Jaipur,North,Ravi Kumar,UPI,Delivered
2213,Priya Patel,Speaker,Electronics,3,4500,13500,2023-05-31,Delhi,North,Suresh Iyer,UPI,Delivered
2214,Meera Joshi,Laptop,Electronics,3,45000,135000,2023-08-14,Hyderabad,South,Ravi Kumar,UPI,Delivered
2215,Ramesh Kumar,Printer,Electronics,8,12000,96000,2023-12-23,Chennai,South,Sunita Rao,Cash on Delivery,Processing
2216,Ramesh Kumar,Tablet,Electronics,10,32000,320000,2023-01-03,Mumbai,West,Suresh Iyer,UPI,Shipped
2217,Ramesh Kumar,Webcam,Accessories,4,2500,10000,2023-02-16,Chennai,South,Suresh Iyer,Credit Card,Delivered
2218,Priya Patel,Webcam,Accessories,11,2500,27500,2023-12-09,Chennai,South,Meera Patel,Credit Card,Shipped
2219,Priya Patel,Keyboard,Accessories,7,1200,8400,2023-09-20,Mumbai,West,Priya Nair,Net Banking,Shipped
2220,Kiran Kumar,Speaker,Electronics,15,4500,67500,2023-10-05,Chennai,South,Suresh Iyer,Credit Card,Shipped
2221,Amit Verma,Mouse,Accessories,6,800,4800,2023-06-15,Delhi,North,Anil Sharma,Cash on Delivery,Processing
2222,Sneha Reddy,Laptop,Electronics,4,45000,180000,2023-08-23,Pune,West,Sunita Rao,Net Banking,Processing
2223,Kiran Kumar,Laptop,Electronics,15,45000,675000,2023-04-22,Delhi,North,Deepak Joshi,Cash on Delivery,Delivered
2224,Priya Patel,Printer,Electronics,3,12000,36000,2023-05-09,Surat,West,Priya Nair,Cash on Delivery,Shipped
2225,Meera Joshi,Webcam,Accessories,11,2500,27500,2023-12-19,Bangalore,South,Kavya Reddy,Credit Card,Processing
2226,Divya Singh,Laptop,Electronics,15,45000,675000,2023-10-27,Surat,West,Suresh Iyer,UPI,Delivered
2227,Arjun Nair,Mouse,Accessories,10,800,8000,2023-03-05,Mumbai,West,Meera Patel,Cash on Delivery,Shipped
2228,Meera Joshi,Speaker,Electronics,1,4500,4500,2023-03-12,Delhi,North,Kavya Reddy,Net Banking,Shipped
2229,Ramesh Kumar,Keyboard,Accessories,4,1200,4800,2023-11-25,Pune,West,Meera Patel,Cash on Delivery,Processing
2230,Suresh Rao,Keyboard,Accessories,6,1200,7200,2023-11-26,Hyderabad,South,Anil Sharma,Cash on Delivery,Processing
2231,Meera Joshi,Laptop,Electronics,14,45000,630000,2023-06-19,Chennai,South,Meera Patel,UPI,Delivered
2232,Rahul Mishra,Mouse,Accessories,10,800,8000,2023-07-15,Chennai,South,Priya Nair,UPI,Cancelled
2233,Priya Patel,Laptop,Electronics,14,45000,630000,2023-09-09,Delhi,North,Meera Patel,Credit Card,Shipped
2234,Ananya Das,Mouse,Accessories,2,800,1600,2023-03-30,Bangalore,South,Meera Patel,UPI,Delivered
2235,Pooja Gupta,USB Hub,Accessories,5,600,3000,2023-03-26,Jaipur,North,Meera Patel,UPI,Cancelled
2236,Arjun Nair,Keyboard,Accessories,4,1200,4800,2023-06-05,Surat,West,Kavya Reddy,UPI,Processing
2237,Kiran Kumar,Tablet,Electronics,6,32000,192000,2023-07-23,Delhi,North,Ravi Kumar,Cash on Delivery,Cancelled
2238,Suresh Rao,USB Hub,Accessories,10,600,6000,2023-08-10,Ahmedabad,West,Ravi Kumar,Cash on Delivery,Delivered
2239,Suresh Rao,USB Hub,Accessories,14,600,8400,2023-02-12,Pune,West,Deepak Joshi,UPI,Shipped
2240,Divya Singh,Headphones,Electronics,8,3500,28000,2023-06-06,Pune,West,Deepak Joshi,Cash on Delivery,Cancelled
2241,Sneha Reddy,Monitor,Electronics,3,22000,66000,2023-08-29,Kolkata,East,Ravi Kumar,UPI,Delivered
2242,Divya Singh,Laptop,Electronics,12,45000,540000,2023-07-11,Ahmedabad,West,Suresh Iyer,Cash on Delivery,Cancelled
2243,Vikram Iyer,Webcam,Accessories,8,2500,20000,2023-06-07,Pune,West,Sunita Rao,Cash on Delivery,Delivered
2244,Amit Verma,Monitor,Electronics,15,22000,330000,2023-10-17,Pune,West,Meera Patel,Cash on Delivery,Processing
2245,Vikram Iyer,Webcam,Accessories,12,2500,30000,2023-09-08,Ahmedabad,West,Priya Nair,Credit Card,Cancelled
2246,Ramesh Kumar,USB Hub,Accessories,4,600,2400,2023-09-02,Chennai,South,Priya Nair,Credit Card,Shipped
2247,Amit Verma,Headphones,Electronics,8,3500,28000,2023-12-15,Surat,West,Deepak Joshi,UPI,Shipped
2248,Vikram Iyer,Laptop,Electronics,13,45000,585000,2023-02-17,Delhi,North,Suresh Iyer,Cash on Delivery,Delivered
2249,Amit Verma,Printer,Electronics,15,12000,180000,2023-08-05,Chennai,South,Suresh Iyer,Net Banking,Processing
2250,Ananya Das,Printer,Electronics,11,12000,132000,2023-07-15,Ahmedabad,West,Deepak Joshi,Cash on Delivery,Delivered
2251,Kavya Nambiar,Monitor,Electronics,13,22000,286000,2023-06-26,Surat,West,Ravi Kumar,Net Banking,Shipped
2252,Kavya Nambiar,USB Hub,Accessories,1,600,600,2023-03-28,Hyderabad,South,Kavya Reddy,Credit Card,Delivered
2253,Vikram Iyer,Monitor,Electronics,9,22000,198000,2023-08-02,Pune,West,Deepak Joshi,Cash on Delivery,Shipped
2254,Amit Verma,Keyboard,Accessories,3,1200,3600,2023-12-27,Kolkata,East,Meera Patel,Cash on Delivery,Shipped
2255,Kavya Nambiar,Printer,Electronics,8,12000,96000,2023-10-18,Delhi,North,Meera Patel,UPI,Shipped
2256,Arjun Nair,Laptop,Electronics,13,45000,585000,2023-04-09,Bangalore,South,Suresh Iyer,Cash on Delivery,Delivered
2257,Kiran Kumar,Keyboard,Accessories,5,1200,6000,2023-02-13,Delhi,North,Sunita Rao,Net Banking,Delivered
2258,Divya Singh,Webcam,Accessories,10,2500,25000,2023-05-01,Mumbai,West,Kavya Reddy,Credit Card,Delivered
2259,Vikram Iyer,Laptop,Electronics,13,45000,585000,2023-01-04,Hyderabad,South,Anil Sharma,Credit Card,Shipped
2260,Rahul Mishra,Printer,Electronics,7,12000,84000,2023-11-05,Mumbai,West,Deepak Joshi,Cash on Delivery,Cancelled
2261,Meera Joshi,Webcam,Accessories,7,2500,17500,2023-06-22,Surat,West,Priya Nair,Net Banking,Shipped
2262,Ramesh Kumar,Webcam,Accessories,7,2500,17500,2023-11-09,Pune,West,Priya Nair,Net Banking,Delivered
2263,Kiran Kumar,Laptop,Electronics,14,45000,630000,2023-12-24,Jaipur,North,Ravi Kumar,Credit Card,Delivered
2264,Meera Joshi,Printer,Electronics,12,12000,144000,2023-05-08,Hyderabad,South,Kavya Reddy,Cash on Delivery,Cancelled
2265,Ramesh Kumar,Mouse,Accessories,11,800,8800,2023-06-14,Mumbai,West,Priya Nair,Credit Card,Processing
2266,Kiran Kumar,Tablet,Electronics,10,32000,320000,2023-09-06,Chennai,South,Sunita Rao,Net Banking,Cancelled
2267,Arjun Nair,Tablet,Electronics,12,32000,384000,2023-07-17,Delhi,North,Meera Patel,UPI,Delivered
2268,Arjun Nair,Keyboard,Accessories,13,1200,15600,2023-02-14,Jaipur,North,Kavya Reddy,UPI,Cancelled
2269,Sneha Reddy,Monitor,Electronics,11,22000,242000,2023-10-04,Jaipur,North,Meera Patel,UPI,Shipped
2270,Amit Verma,Monitor,Electronics,7,22000,154000,2023-01-15,Delhi,North,Priya Nair,Cash on Delivery,Processing
2271,Tanvi Mehta,Mouse,Accessories,11,800,8800,2023-09-01,Hyderabad,South,Sunita Rao,UPI,Cancelled
2272,Tanvi Mehta,Monitor,Electronics,14,22000,308000,2023-04-25,Kolkata,East,Sunita Rao,Net Banking,Cancelled
2273,Suresh Rao,USB Hub,Accessories,14,600,8400,2023-08-12,Ahmedabad,West,Meera Patel,UPI,Processing
2274,Priya Patel,Monitor,Electronics,2,22000,44000,2023-02-27,Hyderabad,South,Priya Nair,UPI,Delivered
2275,Kiran Kumar,Speaker,Electronics,3,4500,13500,2023-06-10,Kolkata,East,Anil Sharma,Net Banking,Delivered
2276,Kiran Kumar,Speaker,Electronics,4,4500,18000,2023-07-18,Ahmedabad,West,Priya Nair,Net Banking,Shipped
2277,Priya Patel,Printer,Electronics,10,12000,120000,2023-04-24,Surat,West,Suresh Iyer,Credit Card,Cancelled
2278,Kavya Nambiar,Webcam,Accessories,14,2500,35000,2023-06-01,Bangalore,South,Meera Patel,Cash on Delivery,Cancelled
2279,Pooja Gupta,Keyboard,Accessories,5,1200,6000,2023-03-16,Surat,West,Anil Sharma,Net Banking,Processing
2280,Ananya Das,Printer,Electronics,5,12000,60000,2023-12-28,Delhi,North,Kavya Reddy,UPI,Cancelled
2281,Amit Verma,Headphones,Electronics,1,3500,3500,2023-06-20,Pune,West,Meera Patel,UPI,Delivered
2282,Arjun Nair,Keyboard,Accessories,12,1200,14400,2023-07-20,Jaipur,North,Ravi Kumar,Credit Card,Cancelled
2283,Meera Joshi,Webcam,Accessories,11,2500,27500,2023-08-31,Pune,West,Suresh Iyer,Cash on Delivery,Delivered
2284,Tanvi Mehta,Printer,Electronics,5,12000,60000,2023-12-23,Hyderabad,South,Meera Patel,Cash on Delivery,Delivered
2285,Kavya Nambiar,Keyboard,Accessories,13,1200,15600,2023-10-25,Kolkata,East,Anil Sharma,Net Banking,Cancelled
2286,Pooja Gupta,Keyboard,Accessories,3,1200,3600,2023-08-15,Surat,West,Kavya Reddy,Net Banking,Shipped
2287,Pooja Gupta,Mouse,Accessories,13,800,10400,2023-04-11,Chennai,South,Anil Sharma,Net Banking,Delivered
2288,Kavya Nambiar,Keyboard,Accessories,7,1200,8400,2023-12-14,Pune,West,Ravi Kumar,Credit Card,Delivered
2289,Priya Patel,Webcam,Accessories,3,2500,7500,2023-01-27,Jaipur,North,Priya Nair,Cash on Delivery,Shipped
2290,Sneha Reddy,USB Hub,Accessories,1,600,600,2023-03-02,Chennai,South,Suresh Iyer,Cash on Delivery,Processing
2291,Suresh Rao,Speaker,Electronics,11,4500,49500,2023-07-12,Bangalore,South,Sunita Rao,Cash on Delivery,Cancelled
2292,Priya Patel,Headphones,Electronics,6,3500,21000,2023-01-06,Jaipur,North,Sunita Rao,Credit Card,Delivered
2293,Ananya Das,Tablet,Electronics,4,32000,128000,2023-01-12,Ahmedabad,West,Kavya Reddy,Net Banking,Delivered
2294,Vikram Iyer,Speaker,Electronics,7,4500,31500,2023-09-05,Bangalore,South,Suresh Iyer,Net Banking,Shipped
2295,Amit Verma,Monitor,Electronics,2,22000,44000,2023-10-03,Kolkata,East,Suresh Iyer,Credit Card,Cancelled
2296,Divya Singh,Printer,Electronics,13,12000,156000,2023-09-29,Ahmedabad,West,Sunita Rao,Credit Card,Shipped
2297,Pooja Gupta,Monitor,Electronics,14,22000,308000,2023-11-03,Bangalore,South,Ravi Kumar,Credit Card,Cancelled
2298,Ananya Das,Webcam,Accessories,1,2500,2500,2023-03-07,Delhi,North,Meera Patel,UPI,Delivered
2299,Priya Patel,Printer,Electronics,14,12000,168000,2023-01-18,Hyderabad,South,Sunita Rao,Net Banking,Processing
2300,Ramesh Kumar,Printer,Electronics,7,12000,84000,2023-12-03,Bangalore,South,Meera Patel,Net Banking,Delivered
2301,Divya Singh,Printer,Electronics,11,12000,132000,2023-10-01,Hyderabad,South,Ravi Kumar,Cash on Delivery,Processing
2302,Rahul Mishra,Printer,Electronics,10,12000,120000,2023-10-03,Kolkata,East,Meera Patel,Credit Card,Delivered
2303,Arjun Nair,Mouse,Accessories,4,800,3200,2023-03-14,Mumbai,West,Meera Patel,UPI,Shipped
2304,Pooja Gupta,Speaker,Electronics,5,4500,22500,2023-03-07,Kolkata,East,Suresh Iyer,Credit Card,Processing
2305,Kiran Kumar,Headphones,Electronics,11,3500,38500,2023-03-25,Pune,West,Kavya Reddy,Credit Card,Processing
2306,Priya Patel,USB Hub,Accessories,9,600,5400,2023-04-15,Bangalore,South,Deepak Joshi,UPI,Processing
2307,Kiran Kumar,Speaker,Electronics,10,4500,45000,2023-03-25,Ahmedabad,West,Ravi Kumar,Net Banking,Cancelled
2308,Priya Patel,USB Hub,Accessories,10,600,6000,2023-05-07,Mumbai,West,Deepak Joshi,Credit Card,Delivered
2309,Vikram Iyer,Printer,Electronics,2,12000,24000,2023-06-18,Pune,West,Sunita Rao,Net Banking,Processing
2310,Arjun Nair,Headphones,Electronics,14,3500,49000,2023-04-26,Bangalore,South,Anil Sharma,Credit Card,Cancelled
2311,Amit Verma,Mouse,Accessories,2,800,1600,2023-03-05,Pune,West,Deepak Joshi,Cash on Delivery,Delivered
2312,Kavya Nambiar,Printer,Electronics,12,12000,144000,2023-10-20,Kolkata,East,Deepak Joshi,Net Banking,Delivered
2313,Amit Verma,Laptop,Electronics,6,45000,270000,2023-07-19,Bangalore,South,Priya Nair,Cash on Delivery,Cancelled
2314,Vikram Iyer,Speaker,Electronics,5,4500,22500,2023-01-05,Bangalore,South,Ravi Kumar,UPI,Shipped
2315,Ramesh Kumar,USB Hub,Accessories,12,600,7200,2023-05-17,Surat,West,Priya Nair,UPI,Cancelled
2316,Suresh Rao,Tablet,Electronics,8,32000,256000,2023-07-01,Bangalore,South,Kavya Reddy,Net Banking,Processing
2317,Arjun Nair,USB Hub,Accessories,12,600,7200,2023-04-28,Ahmedabad,West,Sunita Rao,Net Banking,Cancelled
2318,Priya Patel,Webcam,Accessories,11,2500,27500,2023-02-10,Delhi,North,Meera Patel,Credit Card,Shipped
2319,Rahul Mishra,Speaker,Electronics,2,4500,9000,2023-05-27,Mumbai,West,Kavya Reddy,Credit Card,Cancelled
2320,Rahul Mishra,Printer,Electronics,8,12000,96000,2023-09-12,Bangalore,South,Sunita Rao,Cash on Delivery,Delivered
2321,Pooja Gupta,Speaker,Electronics,15,4500,67500,2023-01-04,Chennai,South,Suresh Iyer,Net Banking,Shipped
2322,Divya Singh,Printer,Electronics,1,12000,12000,2023-11-07,Surat,West,Ravi Kumar,UPI,Shipped
2323,Rahul Mishra,Monitor,Electronics,14,22000,308000,2023-03-10,Kolkata,East,Priya Nair,Credit Card,Cancelled
2324,Priya Patel,Tablet,Electronics,3,32000,96000,2023-07-11,Pune,West,Priya Nair,UPI,Delivered
2325,Arjun Nair,Headphones,Electronics,8,3500,28000,2023-05-31,Hyderabad,South,Meera Patel,Credit Card,Cancelled
2326,Rahul Mishra,Mouse,Accessories,15,800,12000,2023-11-26,Hyderabad,South,Anil Sharma,Cash on Delivery,Cancelled
2327,Divya Singh,Laptop,Electronics,1,45000,45000,2023-11-12,Kolkata,East,Priya Nair,Net Banking,Processing
2328,Kiran Kumar,Monitor,Electronics,6,22000,132000,2023-04-06,Mumbai,West,Priya Nair,Credit Card,Delivered
2329,Rahul Mishra,USB Hub,Accessories,4,600,2400,2023-02-13,Jaipur,North,Ravi Kumar,Cash on Delivery,Delivered
2330,Arjun Nair,Tablet,Electronics,3,32000,96000,2023-12-03,Mumbai,West,Meera Patel,Cash on Delivery,Cancelled
2331,Tanvi Mehta,Webcam,Accessories,6,2500,15000,2023-08-08,Hyderabad,South,Ravi Kumar,Net Banking,Delivered
2332,Meera Joshi,Tablet,Electronics,3,32000,96000,2023-03-13,Jaipur,North,Suresh Iyer,Credit Card,Processing
2333,Ramesh Kumar,Mouse,Accessories,4,800,3200,2023-05-26,Delhi,North,Ravi Kumar,Cash on Delivery,Cancelled
2334,Sneha Reddy,Webcam,Accessories,3,2500,7500,2023-12-08,Mumbai,West,Kavya Reddy,Net Banking,Delivered
2335,Suresh Rao,USB Hub,Accessories,9,600,5400,2023-09-11,Jaipur,North,Ravi Kumar,Net Banking,Cancelled
2336,Priya Patel,Printer,Electronics,3,12000,36000,2023-02-26,Pune,West,Anil Sharma,UPI,Shipped
2337,Sneha Reddy,Webcam,Accessories,1,2500,2500,2023-12-17,Ahmedabad,West,Anil Sharma,Net Banking,Cancelled
2338,Arjun Nair,Speaker,Electronics,7,4500,31500,2023-09-03,Mumbai,West,Deepak Joshi,Cash on Delivery,Delivered
2339,Pooja Gupta,USB Hub,Accessories,10,600,6000,2023-03-20,Chennai,South,Ravi Kumar,UPI,Processing
2340,Vikram Iyer,Monitor,Electronics,12,22000,264000,2023-05-07,Hyderabad,South,Suresh Iyer,UPI,Cancelled
2341,Sneha Reddy,Monitor,Electronics,10,22000,220000,2023-04-03,Ahmedabad,West,Ravi Kumar,UPI,Delivered
2342,Sneha Reddy,Keyboard,Accessories,1,1200,1200,2023-05-21,Pune,West,Ravi Kumar,Cash on Delivery,Delivered
2343,Kiran Kumar,Speaker,Electronics,2,4500,9000,2023-01-27,Chennai,South,Suresh Iyer,Net Banking,Shipped
2344,Ramesh Kumar,Mouse,Accessories,7,800,5600,2023-09-03,Kolkata,East,Suresh Iyer,Credit Card,Processing
2345,Meera Joshi,Monitor,Electronics,6,22000,132000,2023-05-24,Hyderabad,South,Suresh Iyer,UPI,Processing
2346,Ramesh Kumar,Laptop,Electronics,1,45000,45000,2023-01-01,Bangalore,South,Priya Nair,UPI,Processing
2347,Priya Patel,Tablet,Electronics,15,32000,480000,2023-11-07,Hyderabad,South,Suresh Iyer,UPI,Processing
2348,Priya Patel,Tablet,Electronics,6,32000,192000,2023-06-05,Kolkata,East,Sunita Rao,Credit Card,Shipped
2349,Pooja Gupta,Webcam,Accessories,12,2500,30000,2023-07-05,Kolkata,East,Priya Nair,UPI,Processing
2350,Tanvi Mehta,Mouse,Accessories,7,800,5600,2023-02-14,Surat,West,Sunita Rao,UPI,Delivered
2351,Kavya Nambiar,Laptop,Electronics,15,45000,675000,2023-12-02,Surat,West,Meera Patel,UPI,Cancelled
2352,Meera Joshi,Monitor,Electronics,9,22000,198000,2023-11-13,Delhi,North,Deepak Joshi,Cash on Delivery,Shipped
2353,Sneha Reddy,Printer,Electronics,1,12000,12000,2023-03-07,Bangalore,South,Suresh Iyer,Net Banking,Processing
2354,Tanvi Mehta,Webcam,Accessories,11,2500,27500,2023-03-02,Jaipur,North,Suresh Iyer,Credit Card,Cancelled
2355,Suresh Rao,USB Hub,Accessories,15,600,9000,2023-09-15,Ahmedabad,West,Anil Sharma,UPI,Processing
2356,Ramesh Kumar,Keyboard,Accessories,1,1200,1200,2023-10-17,Hyderabad,South,Meera Patel,Cash on Delivery,Cancelled
2357,Divya Singh,Printer,Electronics,2,12000,24000,2023-03-26,Ahmedabad,West,Suresh Iyer,Cash on Delivery,Cancelled
2358,Ramesh Kumar,Speaker,Electronics,4,4500,18000,2023-04-05,Hyderabad,South,Ravi Kumar,UPI,Delivered
2359,Pooja Gupta,Printer,Electronics,9,12000,108000,2023-12-29,Jaipur,North,Deepak Joshi,Net Banking,Shipped
2360,Amit Verma,Headphones,Electronics,9,3500,31500,2023-03-02,Hyderabad,South,Meera Patel,Credit Card,Shipped
2361,Tanvi Mehta,Headphones,Electronics,11,3500,38500,2023-03-17,Mumbai,West,Deepak Joshi,UPI,Processing
2362,Rahul Mishra,Laptop,Electronics,14,45000,630000,2023-04-18,Chennai,South,Sunita Rao,Credit Card,Processing
2363,Pooja Gupta,Speaker,Electronics,6,4500,27000,2023-02-12,Kolkata,East,Deepak Joshi,UPI,Cancelled
2364,Vikram Iyer,Speaker,Electronics,6,4500,27000,2023-01-30,Hyderabad,South,Anil Sharma,Net Banking,Shipped
2365,Rahul Mishra,Headphones,Electronics,5,3500,17500,2023-01-09,Bangalore,South,Sunita Rao,Cash on Delivery,Processing
2366,Sneha Reddy,Speaker,Electronics,4,4500,18000,2023-08-15,Ahmedabad,West,Priya Nair,Net Banking,Shipped
2367,Sneha Reddy,Speaker,Electronics,3,4500,13500,2023-08-17,Pune,West,Suresh Iyer,Net Banking,Shipped
2368,Divya Singh,Tablet,Electronics,8,32000,256000,2023-04-03,Delhi,North,Ravi Kumar,UPI,Shipped
2369,Vikram Iyer,Speaker,Electronics,12,4500,54000,2023-04-03,Jaipur,North,Deepak Joshi,Credit Card,Processing
2370,Vikram Iyer,Keyboard,Accessories,14,1200,16800,2023-07-21,Bangalore,South,Meera Patel,Credit Card,Shipped
2371,Tanvi Mehta,Monitor,Electronics,4,22000,88000,2023-08-21,Pune,West,Suresh Iyer,Credit Card,Shipped
2372,Kiran Kumar,Laptop,Electronics,2,45000,90000,2023-07-13,Surat,West,Anil Sharma,Credit Card,Delivered
2373,Arjun Nair,Laptop,Electronics,4,45000,180000,2023-02-12,Bangalore,South,Ravi Kumar,Credit Card,Delivered
2374,Kavya Nambiar,Monitor,Electronics,12,22000,264000,2023-06-23,Ahmedabad,West,Sunita Rao,UPI,Shipped
2375,Kavya Nambiar,Tablet,Electronics,15,32000,480000,2023-08-16,Surat,West,Ravi Kumar,Net Banking,Processing
2376,Rahul Mishra,Tablet,Electronics,4,32000,128000,2023-01-29,Bangalore,South,Deepak Joshi,Credit Card,Delivered
2377,Priya Patel,Laptop,Electronics,9,45000,405000,2023-06-01,Delhi,North,Suresh Iyer,UPI,Delivered
2378,Kiran Kumar,Mouse,Accessories,4,800,3200,2023-08-07,Mumbai,West,Ravi Kumar,Net Banking,Processing
2379,Divya Singh,Mouse,Accessories,11,800,8800,2023-02-27,Pune,West,Ravi Kumar,Credit Card,Shipped
2380,Ananya Das,Monitor,Electronics,6,22000,132000,2023-02-09,Hyderabad,South,Priya Nair,Credit Card,Processing
2381,Amit Verma,Monitor,Electronics,10,22000,220000,2023-03-19,Mumbai,West,Suresh Iyer,Net Banking,Shipped
2382,Vikram Iyer,USB Hub,Accessories,15,600,9000,2023-12-08,Bangalore,South,Deepak Joshi,Net Banking,Processing
2383,Vikram Iyer,Monitor,Electronics,15,22000,330000,2023-09-13,Hyderabad,South,Priya Nair,Net Banking,Delivered
2384,Amit Verma,Laptop,Electronics,13,45000,585000,2023-12-02,Bangalore,South,Priya Nair,UPI,Cancelled
2385,Priya Patel,Tablet,Electronics,14,32000,448000,2023-02-04,Jaipur,North,Suresh Iyer,Net Banking,Shipped
2386,Suresh Rao,Monitor,Electronics,3,22000,66000,2023-04-04,Kolkata,East,Suresh Iyer,Net Banking,Processing
2387,Kiran Kumar,Tablet,Electronics,8,32000,256000,2023-12-22,Pune,West,Priya Nair,UPI,Shipped
2388,Rahul Mishra,USB Hub,Accessories,9,600,5400,2023-09-12,Pune,West,Kavya Reddy,UPI,Cancelled
2389,Rahul Mishra,Monitor,Electronics,12,22000,264000,2023-08-04,Surat,West,Meera Patel,Credit Card,Shipped
2390,Meera Joshi,Webcam,Accessories,4,2500,10000,2023-01-09,Mumbai,West,Kavya Reddy,UPI,Delivered
2391,Arjun Nair,Laptop,Electronics,6,45000,270000,2023-03-13,Kolkata,East,Kavya Reddy,UPI,Cancelled
2392,Ramesh Kumar,Mouse,Accessories,14,800,11200,2023-04-25,Chennai,South,Ravi Kumar,Credit Card,Shipped
2393,Meera Joshi,USB Hub,Accessories,12,600,7200,2023-08-06,Mumbai,West,Anil Sharma,Credit Card,Delivered
2394,Ramesh Kumar,Tablet,Electronics,14,32000,448000,2023-03-22,Surat,West,Ravi Kumar,Net Banking,Shipped
2395,Ananya Das,Monitor,Electronics,2,22000,44000,2023-01-07,Chennai,South,Suresh Iyer,UPI,Shipped
2396,Pooja Gupta,Tablet,Electronics,12,32000,384000,2023-09-28,Bangalore,South,Deepak Joshi,Cash on Delivery,Cancelled
2397,Pooja Gupta,Webcam,Accessories,13,2500,32500,2023-11-27,Jaipur,North,Anil Sharma,Net Banking,Delivered
2398,Ramesh Kumar,Keyboard,Accessories,15,1200,18000,2023-11-25,Mumbai,West,Ravi Kumar,UPI,Delivered
2399,Rahul Mishra,USB Hub,Accessories,11,600,6600,2023-08-21,Pune,West,Deepak Joshi,Net Banking,Shipped
2400,Rahul Mishra,USB Hub,Accessories,5,600,3000,2023-02-17,Bangalore,South,Suresh Iyer,UPI,Shipped
2401,Kiran Kumar,USB Hub,Accessories,1,600,600,2023-04-23,Surat,West,Ravi Kumar,Credit Card,Cancelled
2402,Kiran Kumar,Tablet,Electronics,11,32000,352000,2023-11-25,Kolkata,East,Suresh Iyer,UPI,Delivered
2403,Priya Patel,Webcam,Accessories,4,2500,10000,2023-05-19,Pune,West,Sunita Rao,Credit Card,Processing
2404,Arjun Nair,Speaker,Electronics,1,4500,4500,2023-05-03,Kolkata,East,Ravi Kumar,Credit Card,Delivered
2405,Sneha Reddy,Mouse,Accessories,1,800,800,2023-06-08,Surat,West,Meera Patel,Credit Card,Shipped
2406,Ramesh Kumar,Headphones,Electronics,10,3500,35000,2023-10-17,Delhi,North,Kavya Reddy,Credit Card,Delivered
2407,Meera Joshi,Webcam,Accessories,5,2500,12500,2023-01-05,Delhi,North,Deepak Joshi,Cash on Delivery,Shipped
2408,Amit Verma,Webcam,Accessories,12,2500,30000,2023-07-02,Pune,West,Sunita Rao,Net Banking,Cancelled
2409,Ramesh Kumar,Printer,Electronics,9,12000,108000,2023-03-18,Delhi,North,Suresh Iyer,Cash on Delivery,Delivered
2410,Divya Singh,Headphones,Electronics,3,3500,10500,2023-12-16,Bangalore,South,Sunita Rao,Credit Card,Shipped
2411,Rahul Mishra,Mouse,Accessories,13,800,10400,2023-03-24,Bangalore,South,Priya Nair,Cash on Delivery,Shipped
2412,Kavya Nambiar,Webcam,Accessories,6,2500,15000,2023-11-16,Hyderabad,South,Suresh Iyer,Credit Card,Cancelled
2413,Priya Patel,Mouse,Accessories,10,800,8000,2023-11-07,Chennai,South,Ravi Kumar,Cash on Delivery,Delivered
2414,Rahul Mishra,Laptop,Electronics,13,45000,585000,2023-06-08,Bangalore,South,Sunita Rao,Cash on Delivery,Delivered
2415,Amit Verma,Tablet,Electronics,3,32000,96000,2023-06-01,Kolkata,East,Sunita Rao,Net Banking,Processing
2416,Pooja Gupta,Webcam,Accessories,2,2500,5000,2023-04-02,Delhi,North,Kavya Reddy,Net Banking,Cancelled
2417,Priya Patel,Headphones,Electronics,11,3500,38500,2023-03-13,Jaipur,North,Kavya Reddy,Credit Card,Processing
2418,Tanvi Mehta,Headphones,Electronics,7,3500,24500,2023-11-14,Pune,West,Ravi Kumar,Cash on Delivery,Processing
2419,Priya Patel,Printer,Electronics,6,12000,72000,2023-07-11,Surat,West,Suresh Iyer,Cash on Delivery,Processing
2420,Pooja Gupta,Laptop,Electronics,11,45000,495000,2023-01-30,Surat,West,Meera Patel,Credit Card,Shipped
2421,Ananya Das,Monitor,Electronics,7,22000,154000,2023-03-23,Hyderabad,South,Suresh Iyer,Credit Card,Shipped
2422,Meera Joshi,USB Hub,Accessories,11,600,6600,2023-02-17,Jaipur,North,Kavya Reddy,Cash on Delivery,Cancelled
2423,Tanvi Mehta,Monitor,Electronics,3,22000,66000,2023-02-25,Delhi,North,Suresh Iyer,Cash on Delivery,Shipped
2424,Meera Joshi,USB Hub,Accessories,2,600,1200,2023-06-12,Kolkata,East,Kavya Reddy,UPI,Cancelled
2425,Rahul Mishra,Monitor,Electronics,8,22000,176000,2023-01-20,Hyderabad,South,Ravi Kumar,Cash on Delivery,Shipped
2426,Ananya Das,Mouse,Accessories,10,800,8000,2023-01-17,Kolkata,East,Suresh Iyer,Credit Card,Processing
2427,Sneha Reddy,USB Hub,Accessories,4,600,2400,2023-01-28,Jaipur,North,Anil Sharma,Cash on Delivery,Processing
2428,Priya Patel,Headphones,Electronics,2,3500,7000,2023-03-14,Bangalore,South,Deepak Joshi,Cash on Delivery,Delivered
2429,Rahul Mishra,Headphones,Electronics,14,3500,49000,2023-08-03,Jaipur,North,Meera Patel,Net Banking,Shipped
2430,Meera Joshi,Laptop,Electronics,15,45000,675000,2023-08-08,Delhi,North,Deepak Joshi,UPI,Shipped
2431,Rahul Mishra,Webcam,Accessories,8,2500,20000,2023-09-01,Pune,West,Ravi Kumar,Cash on Delivery,Processing
2432,Rahul Mishra,Speaker,Electronics,14,4500,63000,2023-01-06,Pune,West,Meera Patel,Credit Card,Shipped
2433,Tanvi Mehta,Webcam,Accessories,1,2500,2500,2023-03-19,Kolkata,East,Kavya Reddy,UPI,Cancelled
2434,Kiran Kumar,Webcam,Accessories,13,2500,32500,2023-12-12,Delhi,North,Deepak Joshi,Credit Card,Cancelled
2435,Priya Patel,Keyboard,Accessories,11,1200,13200,2023-10-24,Jaipur,North,Anil Sharma,UPI,Shipped
2436,Ananya Das,USB Hub,Accessories,13,600,7800,2023-03-27,Ahmedabad,West,Suresh Iyer,UPI,Processing
2437,Ramesh Kumar,Mouse,Accessories,11,800,8800,2023-10-23,Chennai,South,Priya Nair,Net Banking,Delivered
2438,Pooja Gupta,Headphones,Electronics,9,3500,31500,2023-03-05,Hyderabad,South,Kavya Reddy,Cash on Delivery,Cancelled
2439,Kiran Kumar,USB Hub,Accessories,6,600,3600,2023-10-05,Kolkata,East,Priya Nair,Credit Card,Shipped
2440,Rahul Mishra,Tablet,Electronics,6,32000,192000,2023-04-01,Pune,West,Ravi Kumar,Cash on Delivery,Cancelled
2441,Pooja Gupta,Headphones,Electronics,11,3500,38500,2023-05-26,Pune,West,Sunita Rao,Credit Card,Delivered
2442,Priya Patel,Monitor,Electronics,10,22000,220000,2023-07-30,Mumbai,West,Kavya Reddy,Credit Card,Cancelled
2443,Vikram Iyer,Printer,Electronics,13,12000,156000,2023-01-17,Surat,West,Deepak Joshi,Cash on Delivery,Shipped
2444,Priya Patel,Mouse,Accessories,9,800,7200,2023-07-15,Jaipur,North,Meera Patel,Cash on Delivery,Delivered
2445,Pooja Gupta,Webcam,Accessories,7,2500,17500,2023-11-27,Jaipur,North,Suresh Iyer,Credit Card,Processing
2446,Tanvi Mehta,Mouse,Accessories,5,800,4000,2023-05-18,Ahmedabad,West,Deepak Joshi,Net Banking,Cancelled
2447,Ramesh Kumar,Mouse,Accessories,15,800,12000,2023-08-01,Mumbai,West,Anil Sharma,Credit Card,Shipped
2448,Meera Joshi,Webcam,Accessories,14,2500,35000,2023-11-04,Ahmedabad,West,Priya Nair,UPI,Cancelled
2449,Ananya Das,Mouse,Accessories,7,800,5600,2023-04-09,Ahmedabad,West,Suresh Iyer,Credit Card,Cancelled
2450,Kiran Kumar,Keyboard,Accessories,12,1200,14400,2023-03-30,Pune,West,Priya Nair,UPI,Cancelled
2451,Rahul Mishra,Mouse,Accessories,12,800,9600,2023-03-06,Delhi,North,Sunita Rao,Cash on Delivery,Processing
2452,Priya Patel,Printer,Electronics,6,12000,72000,2023-04-15,Bangalore,South,Sunita Rao,Credit Card,Cancelled
2453,Ananya Das,Laptop,Electronics,3,45000,135000,2023-01-15,Surat,West,Sunita Rao,Cash on Delivery,Delivered
2454,Suresh Rao,Keyboard,Accessories,11,1200,13200,2023-11-20,Jaipur,North,Priya Nair,UPI,Shipped
2455,Kavya Nambiar,Mouse,Accessories,4,800,3200,2023-10-02,Hyderabad,South,Meera Patel,Cash on Delivery,Processing
2456,Vikram Iyer,Laptop,Electronics,2,45000,90000,2023-03-15,Hyderabad,South,Anil Sharma,Credit Card,Delivered
2457,Amit Verma,Tablet,Electronics,2,32000,64000,2023-02-24,Surat,West,Deepak Joshi,Net Banking,Shipped
2458,Tanvi Mehta,Monitor,Electronics,8,22000,176000,2023-07-05,Delhi,North,Meera Patel,Cash on Delivery,Delivered
2459,Divya Singh,Tablet,Electronics,7,32000,224000,2023-02-07,Mumbai,West,Sunita Rao,UPI,Cancelled
2460,Suresh Rao,USB Hub,Accessories,11,600,6600,2023-08-19,Kolkata,East,Ravi Kumar,UPI,Processing
2461,Vikram Iyer,Laptop,Electronics,11,45000,495000,2023-10-18,Bangalore,South,Anil Sharma,Credit Card,Processing
2462,Rahul Mishra,Webcam,Accessories,10,2500,25000,2023-11-04,Jaipur,North,Anil Sharma,UPI,Processing
2463,Rahul Mishra,Monitor,Electronics,10,22000,220000,2023-01-16,Chennai,South,Anil Sharma,UPI,Shipped
2464,Ramesh Kumar,Webcam,Accessories,15,2500,37500,2023-04-22,Delhi,North,Priya Nair,UPI,Shipped
2465,Divya Singh,Monitor,Electronics,5,22000,110000,2023-05-21,Bangalore,South,Meera Patel,Credit Card,Processing
2466,Kiran Kumar,Printer,Electronics,8,12000,96000,2023-09-11,Hyderabad,South,Suresh Iyer,UPI,Processing
2467,Kiran Kumar,Keyboard,Accessories,11,1200,13200,2023-05-24,Chennai,South,Sunita Rao,Net Banking,Shipped
2468,Kiran Kumar,Mouse,Accessories,7,800,5600,2023-08-17,Jaipur,North,Deepak Joshi,Net Banking,Delivered
2469,Ananya Das,Speaker,Electronics,7,4500,31500,2023-04-13,Pune,West,Priya Nair,Net Banking,Delivered
2470,Rahul Mishra,Tablet,Electronics,15,32000,480000,2023-01-18,Bangalore,South,Deepak Joshi,Cash on Delivery,Processing
2471,Ramesh Kumar,Speaker,Electronics,6,4500,27000,2023-07-23,Ahmedabad,West,Sunita Rao,UPI,Processing
2472,Priya Patel,USB Hub,Accessories,6,600,3600,2023-05-06,Bangalore,South,Meera Patel,Net Banking,Processing
2473,Meera Joshi,Keyboard,Accessories,2,1200,2400,2023-01-05,Kolkata,East,Anil Sharma,Net Banking,Shipped
2474,Tanvi Mehta,Tablet,Electronics,13,32000,416000,2023-06-14,Surat,West,Meera Patel,Credit Card,Cancelled
2475,Sneha Reddy,Headphones,Electronics,4,3500,14000,2023-09-27,Surat,West,Sunita Rao,Net Banking,Delivered
2476,Meera Joshi,Speaker,Electronics,11,4500,49500,2023-08-11,Pune,West,Priya Nair,UPI,Shipped
2477,Arjun Nair,Laptop,Electronics,8,45000,360000,2023-01-24,Jaipur,North,Suresh Iyer,Credit Card,Delivered
2478,Ananya Das,Tablet,Electronics,10,32000,320000,2023-06-17,Bangalore,South,Suresh Iyer,UPI,Delivered
2479,Ramesh Kumar,Headphones,Electronics,11,3500,38500,2023-10-22,Mumbai,West,Kavya Reddy,Net Banking,Shipped
2480,Tanvi Mehta,USB Hub,Accessories,15,600,9000,2023-10-01,Mumbai,West,Anil Sharma,Net Banking,Delivered
2481,Pooja Gupta,Monitor,Electronics,2,22000,44000,2023-08-01,Jaipur,North,Deepak Joshi,Net Banking,Processing
2482,Suresh Rao,Webcam,Accessories,2,2500,5000,2023-10-12,Pune,West,Priya Nair,Cash on Delivery,Delivered
2483,Divya Singh,USB Hub,Accessories,12,600,7200,2023-08-21,Hyderabad,South,Sunita Rao,Net Banking,Delivered
2484,Amit Verma,Laptop,Electronics,1,45000,45000,2023-01-06,Chennai,South,Sunita Rao,Net Banking,Cancelled
2485,Pooja Gupta,Mouse,Accessories,2,800,1600,2023-04-08,Bangalore,South,Priya Nair,Credit Card,Delivered
2486,Arjun Nair,Headphones,Electronics,2,3500,7000,2023-01-25,Mumbai,West,Sunita Rao,Net Banking,Processing
2487,Amit Verma,Speaker,Electronics,5,4500,22500,2023-12-24,Pune,West,Ravi Kumar,Cash on Delivery,Delivered
2488,Suresh Rao,Keyboard,Accessories,14,1200,16800,2023-03-17,Kolkata,East,Suresh Iyer,Cash on Delivery,Delivered
2489,Divya Singh,Printer,Electronics,4,12000,48000,2023-10-23,Ahmedabad,West,Kavya Reddy,Net Banking,Processing
2490,Suresh Rao,Tablet,Electronics,2,32000,64000,2023-05-16,Chennai,South,Deepak Joshi,Credit Card,Processing
2491,Pooja Gupta,Printer,Electronics,11,12000,132000,2023-11-28,Chennai,South,Meera Patel,Credit Card,Delivered
2492,Vikram Iyer,Tablet,Electronics,4,32000,128000,2023-01-07,Mumbai,West,Meera Patel,Cash on Delivery,Cancelled
2493,Sneha Reddy,Mouse,Accessories,2,800,1600,2023-06-24,Jaipur,North,Priya Nair,Net Banking,Cancelled
2494,Sneha Reddy,Keyboard,Accessories,2,1200,2400,2023-03-08,Ahmedabad,West,Priya Nair,Cash on Delivery,Cancelled
2495,Sneha Reddy,Speaker,Electronics,4,4500,18000,2023-07-24,Ahmedabad,West,Sunita Rao,Net Banking,Cancelled
2496,Vikram Iyer,Keyboard,Accessories,14,1200,16800,2023-10-23,Hyderabad,South,Sunita Rao,UPI,Cancelled
2497,Tanvi Mehta,Monitor,Electronics,4,22000,88000,2023-01-09,Delhi,North,Kavya Reddy,UPI,Processing
2498,Divya Singh,Laptop,Electronics,11,45000,495000,2023-09-29,Jaipur,North,Priya Nair,Net Banking,Delivered
2499,Sneha Reddy,Printer,Electronics,6,12000,72000,2023-08-09,Delhi,North,Ravi Kumar,Cash on Delivery,Cancelled
2500,Arjun Nair,Printer,Electronics,1,12000,12000,2023-08-14,Kolkata,East,Priya Nair,Credit Card,Delivered
2501,Sneha Reddy,USB Hub,Accessories,4,600,2400,2023-05-31,Pune,West,Suresh Iyer,UPI,Processing
2502,Kiran Kumar,Printer,Electronics,8,12000,96000,2023-09-23,Surat,West,Sunita Rao,Credit Card,Shipped
2503,Tanvi Mehta,Monitor,Electronics,2,22000,44000,2023-01-28,Chennai,South,Anil Sharma,Net Banking,Shipped
2504,Sneha Reddy,Monitor,Electronics,2,22000,44000,2023-05-22,Ahmedabad,West,Suresh Iyer,Cash on Delivery,Cancelled
2505,Arjun Nair,Monitor,Electronics,12,22000,264000,2023-12-21,Chennai,South,Kavya Reddy,UPI,Shipped
2506,Pooja Gupta,Mouse,Accessories,11,800,8800,2023-05-28,Kolkata,East,Deepak Joshi,Credit Card,Delivered
2507,Ananya Das,Keyboard,Accessories,15,1200,18000,2023-12-25,Ahmedabad,West,Kavya Reddy,Net Banking,Shipped
2508,Amit Verma,Keyboard,Accessories,11,1200,13200,2023-02-05,Kolkata,East,Ravi Kumar,Net Banking,Cancelled
2509,Kiran Kumar,Keyboard,Accessories,11,1200,13200,2023-08-31,Mumbai,West,Priya Nair,Credit Card,Shipped
2510,Suresh Rao,Headphones,Electronics,3,3500,10500,2023-12-14,Delhi,North,Anil Sharma,Net Banking,Cancelled
2511,Divya Singh,Speaker,Electronics,8,4500,36000,2023-05-07,Mumbai,West,Sunita Rao,Credit Card,Delivered
2512,Rahul Mishra,Speaker,Electronics,14,4500,63000,2023-04-27,Hyderabad,South,Ravi Kumar,UPI,Delivered
2513,Divya Singh,Monitor,Electronics,13,22000,286000,2023-06-21,Hyderabad,South,Kavya Reddy,Net Banking,Processing
2514,Ramesh Kumar,Tablet,Electronics,6,32000,192000,2023-08-23,Hyderabad,South,Priya Nair,Net Banking,Processing
2515,Arjun Nair,Printer,Electronics,8,12000,96000,2023-02-27,Surat,West,Anil Sharma,UPI,Cancelled
2516,Ramesh Kumar,Mouse,Accessories,6,800,4800,2023-09-12,Bangalore,South,Meera Patel,Cash on Delivery,Processing
2517,Vikram Iyer,Mouse,Accessories,4,800,3200,2023-07-13,Delhi,North,Sunita Rao,Net Banking,Cancelled
2518,Meera Joshi,Printer,Electronics,5,12000,60000,2023-12-14,Bangalore,South,Priya Nair,Cash on Delivery,Cancelled
2519,Ananya Das,Headphones,Electronics,4,3500,14000,2023-01-22,Hyderabad,South,Priya Nair,Credit Card,Cancelled
2520,Arjun Nair,Tablet,Electronics,13,32000,416000,2023-06-27,Surat,West,Sunita Rao,Credit Card,Cancelled
2521,Rahul Mishra,Keyboard,Accessories,11,1200,13200,2023-03-18,Jaipur,North,Deepak Joshi,UPI,Processing
2522,Ramesh Kumar,Tablet,Electronics,2,32000,64000,2023-05-31,Hyderabad,South,Kavya Reddy,Credit Card,Shipped
2523,Divya Singh,Headphones,Electronics,2,3500,7000,2023-01-28,Surat,West,Deepak Joshi,Credit Card,Cancelled
2524,Amit Verma,Webcam,Accessories,1,2500,2500,2023-05-09,Mumbai,West,Priya Nair,Net Banking,Shipped
2525,Kiran Kumar,Monitor,Electronics,3,22000,66000,2023-04-11,Hyderabad,South,Sunita Rao,Net Banking,Shipped
2526,Sneha Reddy,Laptop,Electronics,15,45000,675000,2023-07-01,Jaipur,North,Suresh Iyer,Cash on Delivery,Cancelled
2527,Ananya Das,Monitor,Electronics,15,22000,330000,2023-06-04,Hyderabad,South,Deepak Joshi,UPI,Cancelled
2528,Suresh Rao,Webcam,Accessories,3,2500,7500,2023-12-16,Surat,West,Meera Patel,Net Banking,Shipped
2529,Arjun Nair,USB Hub,Accessories,4,600,2400,2023-06-04,Ahmedabad,West,Sunita Rao,Net Banking,Cancelled
2530,Priya Patel,Printer,Electronics,7,12000,84000,2023-08-12,Bangalore,South,Ravi Kumar,Cash on Delivery,Processing
2531,Kiran Kumar,Printer,Electronics,8,12000,96000,2023-07-01,Kolkata,East,Kavya Reddy,Cash on Delivery,Cancelled
2532,Ramesh Kumar,Tablet,Electronics,15,32000,480000,2023-10-14,Mumbai,West,Suresh Iyer,Credit Card,Shipped
2533,Ananya Das,Speaker,Electronics,13,4500,58500,2023-05-05,Hyderabad,South,Priya Nair,UPI,Processing
2534,Vikram Iyer,Laptop,Electronics,3,45000,135000,2023-07-26,Pune,West,Anil Sharma,Cash on Delivery,Cancelled
2535,Kavya Nambiar,Laptop,Electronics,1,45000,45000,2023-05-19,Delhi,North,Sunita Rao,Net Banking,Delivered
2536,Meera Joshi,Headphones,Electronics,8,3500,28000,2023-12-20,Surat,West,Anil Sharma,Credit Card,Delivered
2537,Pooja Gupta,Mouse,Accessories,3,800,2400,2023-10-15,Ahmedabad,West,Kavya Reddy,UPI,Shipped
2538,Pooja Gupta,Keyboard,Accessories,11,1200,13200,2023-06-09,Hyderabad,South,Anil Sharma,Cash on Delivery,Shipped
2539,Ananya Das,Monitor,Electronics,1,22000,22000,2023-03-20,Delhi,North,Sunita Rao,Credit Card,Shipped
2540,Kavya Nambiar,Mouse,Accessories,8,800,6400,2023-01-13,Delhi,North,Kavya Reddy,Cash on Delivery,Delivered
2541,Amit Verma,Monitor,Electronics,7,22000,154000,2023-09-05,Hyderabad,South,Meera Patel,Net Banking,Cancelled
2542,Vikram Iyer,Speaker,Electronics,7,4500,31500,2023-03-16,Delhi,North,Anil Sharma,UPI,Shipped
2543,Rahul Mishra,Mouse,Accessories,9,800,7200,2023-12-25,Bangalore,South,Meera Patel,Cash on Delivery,Cancelled
2544,Ananya Das,Headphones,Electronics,11,3500,38500,2023-02-21,Hyderabad,South,Kavya Reddy,Net Banking,Processing
2545,Divya Singh,USB Hub,Accessories,12,600,7200,2023-02-24,Pune,West,Suresh Iyer,Cash on Delivery,Shipped
2546,Ananya Das,Laptop,Electronics,8,45000,360000,2023-03-03,Hyderabad,South,Suresh Iyer,Credit Card,Processing
2547,Tanvi Mehta,Laptop,Electronics,8,45000,360000,2023-01-22,Surat,West,Priya Nair,UPI,Cancelled
2548,Meera Joshi,Tablet,Electronics,1,32000,32000,2023-03-23,Hyderabad,South,Meera Patel,Net Banking,Cancelled
2549,Amit Verma,Printer,Electronics,3,12000,36000,2023-12-02,Delhi,North,Priya Nair,Net Banking,Cancelled
2550,Arjun Nair,Keyboard,Accessories,13,1200,15600,2023-12-04,Hyderabad,South,Suresh Iyer,Credit Card,Cancelled
2551,Amit Verma,USB Hub,Accessories,10,600,6000,2023-12-04,Jaipur,North,Deepak Joshi,UPI,Processing
2552,Ananya Das,Speaker,Electronics,6,4500,27000,2023-10-27,Surat,West,Suresh Iyer,Credit Card,Delivered
2553,Vikram Iyer,Laptop,Electronics,4,45000,180000,2023-02-19,Bangalore,South,Sunita Rao,Cash on Delivery,Cancelled
2554,Priya Patel,Webcam,Accessories,13,2500,32500,2023-05-02,Chennai,South,Ravi Kumar,Cash on Delivery,Cancelled
2555,Priya Patel,Monitor,Electronics,10,22000,220000,2023-05-09,Mumbai,West,Anil Sharma,Credit Card,Cancelled
2556,Tanvi Mehta,Webcam,Accessories,11,2500,27500,2023-01-16,Surat,West,Ravi Kumar,Net Banking,Delivered
2557,Ananya Das,Tablet,Electronics,3,32000,96000,2023-11-23,Pune,West,Meera Patel,UPI,Processing
2558,Sneha Reddy,Tablet,Electronics,11,32000,352000,2023-05-27,Jaipur,North,Meera Patel,UPI,Cancelled
2559,Ramesh Kumar,Printer,Electronics,2,12000,24000,2023-10-26,Chennai,South,Sunita Rao,UPI,Delivered
2560,Ananya Das,Keyboard,Accessories,6,1200,7200,2023-07-28,Mumbai,West,Sunita Rao,Net Banking,Shipped
2561,Ananya Das,Printer,Electronics,4,12000,48000,2023-04-17,Jaipur,North,Kavya Reddy,Net Banking,Processing
2562,Suresh Rao,Speaker,Electronics,14,4500,63000,2023-03-12,Ahmedabad,West,Sunita Rao,Cash on Delivery,Cancelled
2563,Amit Verma,USB Hub,Accessories,10,600,6000,2023-02-10,Delhi,North,Deepak Joshi,Credit Card,Delivered
2564,Rahul Mishra,Tablet,Electronics,1,32000,32000,2023-11-04,Chennai,South,Priya Nair,Credit Card,Shipped
2565,Meera Joshi,Headphones,Electronics,7,3500,24500,2023-12-27,Hyderabad,South,Sunita Rao,UPI,Processing
2566,Kavya Nambiar,Monitor,Electronics,10,22000,220000,2023-05-04,Ahmedabad,West,Deepak Joshi,Cash on Delivery,Delivered
2567,Tanvi Mehta,Printer,Electronics,10,12000,120000,2023-08-30,Delhi,North,Deepak Joshi,Credit Card,Delivered
2568,Meera Joshi,Webcam,Accessories,5,2500,12500,2023-04-13,Pune,West,Anil Sharma,UPI,Shipped
2569,Tanvi Mehta,Printer,Electronics,15,12000,180000,2023-12-06,Kolkata,East,Anil Sharma,UPI,Cancelled
2570,Pooja Gupta,Monitor,Electronics,15,22000,330000,2023-11-09,Surat,West,Anil Sharma,Net Banking,Delivered
2571,Tanvi Mehta,USB Hub,Accessories,12,600,7200,2023-11-10,Surat,West,Sunita Rao,Cash on Delivery,Shipped
2572,Divya Singh,Headphones,Electronics,2,3500,7000,2023-01-19,Mumbai,West,Meera Patel,Net Banking,Cancelled
2573,Ramesh Kumar,Tablet,Electronics,13,32000,416000,2023-04-27,Hyderabad,South,Anil Sharma,Credit Card,Shipped
2574,Vikram Iyer,Printer,Electronics,14,12000,168000,2023-07-14,Surat,West,Anil Sharma,Cash on Delivery,Delivered
2575,Kiran Kumar,USB Hub,Accessories,12,600,7200,2023-03-06,Pune,West,Suresh Iyer,UPI,Delivered
2576,Tanvi Mehta,Tablet,Electronics,15,32000,480000,2023-11-12,Delhi,North,Priya Nair,Net Banking,Shipped
2577,Sneha Reddy,Webcam,Accessories,15,2500,37500,2023-01-30,Pune,West,Meera Patel,Credit Card,Delivered
2578,Ananya Das,Mouse,Accessories,12,800,9600,2023-10-02,Pune,West,Anil Sharma,Credit Card,Shipped
2579,Divya Singh,Laptop,Electronics,1,45000,45000,2023-03-06,Delhi,North,Ravi Kumar,Net Banking,Delivered
2580,Tanvi Mehta,Webcam,Accessories,10,2500,25000,2023-12-02,Kolkata,East,Meera Patel,Net Banking,Shipped
2581,Priya Patel,Speaker,Electronics,8,4500,36000,2023-12-03,Pune,West,Sunita Rao,Credit Card,Processing
2582,Pooja Gupta,Printer,Electronics,8,12000,96000,2023-12-28,Chennai,South,Priya Nair,UPI,Cancelled
2583,Arjun Nair,Headphones,Electronics,13,3500,45500,2023-10-10,Kolkata,East,Meera Patel,Net Banking,Processing
2584,Meera Joshi,Printer,Electronics,2,12000,24000,2023-01-28,Ahmedabad,West,Suresh Iyer,Cash on Delivery,Processing
2585,Kavya Nambiar,Monitor,Electronics,15,22000,330000,2023-03-12,Chennai,South,Meera Patel,Net Banking,Shipped
2586,Ramesh Kumar,Monitor,Electronics,12,22000,264000,2023-03-14,Kolkata,East,Meera Patel,Cash on Delivery,Cancelled
2587,Arjun Nair,Monitor,Electronics,8,22000,176000,2023-01-18,Mumbai,West,Deepak Joshi,Cash on Delivery,Processing
2588,Kiran Kumar,Monitor,Electronics,5,22000,110000,2023-11-09,Mumbai,West,Kavya Reddy,Credit Card,Cancelled
2589,Sneha Reddy,USB Hub,Accessories,1,600,600,2023-04-25,Jaipur,North,Suresh Iyer,UPI,Cancelled
2590,Ramesh Kumar,Printer,Electronics,11,12000,132000,2023-06-06,Mumbai,West,Priya Nair,Credit Card,Processing
2591,Meera Joshi,Headphones,Electronics,4,3500,14000,2023-01-15,Surat,West,Suresh Iyer,Cash on Delivery,Delivered
2592,Arjun Nair,Monitor,Electronics,7,22000,154000,2023-12-14,Ahmedabad,West,Kavya Reddy,Cash on Delivery,Processing
2593,Amit Verma,Keyboard,Accessories,8,1200,9600,2023-05-02,Pune,West,Anil Sharma,Net Banking,Processing
2594,Arjun Nair,Monitor,Electronics,13,22000,286000,2023-10-05,Chennai,South,Priya Nair,Cash on Delivery,Delivered
2595,Vikram Iyer,Speaker,Electronics,6,4500,27000,2023-05-18,Hyderabad,South,Deepak Joshi,Credit Card,Delivered
2596,Kavya Nambiar,Headphones,Electronics,11,3500,38500,2023-06-14,Surat,West,Deepak Joshi,UPI,Cancelled
2597,Divya Singh,Tablet,Electronics,8,32000,256000,2023-01-05,Mumbai,West,Anil Sharma,Net Banking,Cancelled
2598,Ananya Das,Printer,Electronics,7,12000,84000,2023-01-30,Chennai,South,Sunita Rao,Net Banking,Processing
2599,Suresh Rao,Monitor,Electronics,3,22000,66000,2023-05-13,Jaipur,North,Deepak Joshi,Net Banking,Cancelled
2600,Amit Verma,Keyboard,Accessories,11,1200,13200,2023-03-31,Chennai,South,Anil Sharma,UPI,Delivered
2601,Kavya Nambiar,Laptop,Electronics,11,45000,495000,2023-09-17,Bangalore,South,Kavya Reddy,Net Banking,Delivered
2602,Arjun Nair,Printer,Electronics,1,12000,12000,2023-05-13,Chennai,South,Anil Sharma,Net Banking,Delivered
2603,Priya Patel,Speaker,Electronics,6,4500,27000,2023-02-25,Chennai,South,Kavya Reddy,Credit Card,Delivered
2604,Meera Joshi,Mouse,Accessories,6,800,4800,2023-10-20,Chennai,South,Suresh Iyer,Credit Card,Cancelled
2605,Ananya Das,Headphones,Electronics,1,3500,3500,2023-06-17,Bangalore,South,Priya Nair,Net Banking,Cancelled
2606,Ramesh Kumar,Webcam,Accessories,5,2500,12500,2023-11-15,Jaipur,North,Ravi Kumar,Net Banking,Delivered
2607,Ramesh Kumar,Headphones,Electronics,15,3500,52500,2023-10-30,Bangalore,South,Sunita Rao,UPI,Processing
2608,Pooja Gupta,Printer,Electronics,13,12000,156000,2023-10-25,Ahmedabad,West,Priya Nair,UPI,Cancelled
2609,Kiran Kumar,Speaker,Electronics,11,4500,49500,2023-03-18,Mumbai,West,Sunita Rao,Credit Card,Shipped
2610,Rahul Mishra,Speaker,Electronics,10,4500,45000,2023-11-19,Ahmedabad,West,Suresh Iyer,Credit Card,Delivered
2611,Rahul Mishra,Speaker,Electronics,11,4500,49500,2023-09-26,Jaipur,North,Kavya Reddy,Net Banking,Processing
2612,Meera Joshi,Mouse,Accessories,5,800,4000,2023-05-05,Surat,West,Meera Patel,Net Banking,Shipped
2613,Pooja Gupta,Tablet,Electronics,12,32000,384000,2023-03-01,Kolkata,East,Meera Patel,Cash on Delivery,Cancelled
2614,Rahul Mishra,Webcam,Accessories,6,2500,15000,2023-10-14,Delhi,North,Sunita Rao,Net Banking,Cancelled
2615,Sneha Reddy,Speaker,Electronics,8,4500,36000,2023-08-03,Chennai,South,Ravi Kumar,UPI,Cancelled
2616,Suresh Rao,Speaker,Electronics,10,4500,45000,2023-05-14,Bangalore,South,Deepak Joshi,Net Banking,Processing
2617,Rahul Mishra,Monitor,Electronics,7,22000,154000,2023-08-04,Delhi,North,Ravi Kumar,Cash on Delivery,Shipped
2618,Priya Patel,Keyboard,Accessories,1,1200,1200,2023-03-27,Jaipur,North,Suresh Iyer,Net Banking,Cancelled
2619,Kavya Nambiar,Monitor,Electronics,14,22000,308000,2023-01-18,Bangalore,South,Suresh Iyer,Credit Card,Shipped
2620,Tanvi Mehta,Monitor,Electronics,9,22000,198000,2023-09-29,Bangalore,South,Suresh Iyer,Cash on Delivery,Processing
2621,Sneha Reddy,Keyboard,Accessories,12,1200,14400,2023-10-13,Pune,West,Deepak Joshi,Credit Card,Processing
2622,Priya Patel,Webcam,Accessories,10,2500,25000,2023-11-12,Surat,West,Anil Sharma,Credit Card,Processing
2623,Pooja Gupta,Tablet,Electronics,11,32000,352000,2023-08-19,Pune,West,Suresh Iyer,Net Banking,Cancelled
2624,Tanvi Mehta,Keyboard,Accessories,12,1200,14400,2023-10-29,Bangalore,South,Sunita Rao,UPI,Delivered
2625,Vikram Iyer,Speaker,Electronics,6,4500,27000,2023-12-12,Surat,West,Kavya Reddy,Cash on Delivery,Processing
2626,Arjun Nair,Tablet,Electronics,9,32000,288000,2023-10-29,Bangalore,South,Sunita Rao,UPI,Processing
2627,Rahul Mishra,Tablet,Electronics,1,32000,32000,2023-10-16,Kolkata,East,Suresh Iyer,Net Banking,Processing
2628,Amit Verma,USB Hub,Accessories,13,600,7800,2023-04-02,Kolkata,East,Anil Sharma,UPI,Cancelled
2629,Meera Joshi,Printer,Electronics,10,12000,120000,2023-11-12,Hyderabad,South,Sunita Rao,Net Banking,Processing
2630,Divya Singh,Keyboard,Accessories,5,1200,6000,2023-05-21,Delhi,North,Kavya Reddy,UPI,Shipped
2631,Tanvi Mehta,Headphones,Electronics,10,3500,35000,2023-02-24,Hyderabad,South,Meera Patel,Net Banking,Shipped
2632,Suresh Rao,Monitor,Electronics,9,22000,198000,2023-09-18,Chennai,South,Ravi Kumar,Credit Card,Delivered
2633,Ramesh Kumar,Printer,Electronics,13,12000,156000,2023-04-10,Ahmedabad,West,Kavya Reddy,Credit Card,Processing
2634,Pooja Gupta,Mouse,Accessories,10,800,8000,2023-08-07,Hyderabad,South,Kavya Reddy,UPI,Cancelled
2635,Tanvi Mehta,Headphones,Electronics,12,3500,42000,2023-12-28,Delhi,North,Sunita Rao,Cash on Delivery,Cancelled
2636,Arjun Nair,Tablet,Electronics,2,32000,64000,2023-03-12,Hyderabad,South,Sunita Rao,Net Banking,Delivered
2637,Rahul Mishra,Mouse,Accessories,6,800,4800,2023-03-22,Delhi,North,Priya Nair,Net Banking,Cancelled
2638,Meera Joshi,Printer,Electronics,12,12000,144000,2023-12-19,Delhi,North,Anil Sharma,Cash on Delivery,Delivered
2639,Vikram Iyer,Printer,Electronics,4,12000,48000,2023-10-13,Kolkata,East,Anil Sharma,Credit Card,Shipped
2640,Vikram Iyer,Keyboard,Accessories,7,1200,8400,2023-04-23,Surat,West,Meera Patel,Net Banking,Cancelled
2641,Pooja Gupta,Keyboard,Accessories,14,1200,16800,2023-04-06,Jaipur,North,Kavya Reddy,Net Banking,Shipped
2642,Ramesh Kumar,Mouse,Accessories,9,800,7200,2023-04-20,Delhi,North,Suresh Iyer,Credit Card,Cancelled
2643,Amit Verma,Printer,Electronics,4,12000,48000,2023-12-30,Surat,West,Anil Sharma,Cash on Delivery,Processing
2644,Sneha Reddy,Speaker,Electronics,11,4500,49500,2023-10-26,Pune,West,Priya Nair,Cash on Delivery,Shipped
2645,Vikram Iyer,Headphones,Electronics,15,3500,52500,2023-05-30,Chennai,South,Kavya Reddy,Cash on Delivery,Cancelled
2646,Arjun Nair,Speaker,Electronics,9,4500,40500,2023-09-04,Kolkata,East,Sunita Rao,UPI,Delivered
2647,Sneha Reddy,Headphones,Electronics,8,3500,28000,2023-06-16,Pune,West,Suresh Iyer,Credit Card,Shipped
2648,Meera Joshi,Tablet,Electronics,11,32000,352000,2023-02-28,Kolkata,East,Suresh Iyer,UPI,Cancelled
2649,Sneha Reddy,Tablet,Electronics,7,32000,224000,2023-12-18,Surat,West,Anil Sharma,Net Banking,Processing
2650,Ramesh Kumar,Printer,Electronics,15,12000,180000,2023-07-29,Chennai,South,Priya Nair,Net Banking,Processing
2651,Kiran Kumar,USB Hub,Accessories,13,600,7800,2023-08-15,Pune,West,Suresh Iyer,Net Banking,Delivered
2652,Meera Joshi,Headphones,Electronics,12,3500,42000,2023-04-23,Jaipur,North,Anil Sharma,Net Banking,Cancelled
2653,Rahul Mishra,USB Hub,Accessories,10,600,6000,2023-03-27,Chennai,South,Meera Patel,Credit Card,Processing
2654,Pooja Gupta,Keyboard,Accessories,9,1200,10800,2023-01-11,Surat,West,Anil Sharma,Cash on Delivery,Delivered
2655,Priya Patel,Webcam,Accessories,13,2500,32500,2023-10-11,Kolkata,East,Anil Sharma,UPI,Processing
2656,Kiran Kumar,Printer,Electronics,3,12000,36000,2023-10-02,Chennai,South,Meera Patel,Net Banking,Shipped
2657,Rahul Mishra,Webcam,Accessories,7,2500,17500,2023-04-21,Kolkata,East,Meera Patel,Credit Card,Delivered
2658,Kiran Kumar,Laptop,Electronics,2,45000,90000,2023-09-14,Ahmedabad,West,Kavya Reddy,Credit Card,Shipped
2659,Vikram Iyer,Headphones,Electronics,1,3500,3500,2023-04-28,Hyderabad,South,Meera Patel,Credit Card,Processing
2660,Amit Verma,Monitor,Electronics,11,22000,242000,2023-07-25,Pune,West,Deepak Joshi,Credit Card,Delivered
2661,Suresh Rao,Monitor,Electronics,12,22000,264000,2023-12-27,Ahmedabad,West,Suresh Iyer,Credit Card,Delivered
2662,Priya Patel,Printer,Electronics,15,12000,180000,2023-03-19,Surat,West,Suresh Iyer,UPI,Processing
2663,Arjun Nair,Webcam,Accessories,9,2500,22500,2023-01-12,Pune,West,Deepak Joshi,Cash on Delivery,Shipped
2664,Divya Singh,Monitor,Electronics,11,22000,242000,2023-10-23,Hyderabad,South,Suresh Iyer,Net Banking,Cancelled
2665,Arjun Nair,Monitor,Electronics,7,22000,154000,2023-10-15,Chennai,South,Kavya Reddy,Net Banking,Shipped
2666,Meera Joshi,USB Hub,Accessories,8,600,4800,2023-07-21,Mumbai,West,Sunita Rao,Cash on Delivery,Shipped
2667,Divya Singh,Speaker,Electronics,7,4500,31500,2023-04-29,Mumbai,West,Priya Nair,Cash on Delivery,Delivered
2668,Priya Patel,Headphones,Electronics,3,3500,10500,2023-11-19,Kolkata,East,Sunita Rao,UPI,Shipped
2669,Amit Verma,Tablet,Electronics,4,32000,128000,2023-02-12,Surat,West,Suresh Iyer,Cash on Delivery,Shipped
2670,Arjun Nair,Laptop,Electronics,5,45000,225000,2023-07-30,Jaipur,North,Priya Nair,UPI,Delivered
2671,Kavya Nambiar,Webcam,Accessories,10,2500,25000,2023-07-28,Surat,West,Anil Sharma,Net Banking,Shipped
2672,Meera Joshi,Printer,Electronics,9,12000,108000,2023-09-13,Jaipur,North,Meera Patel,Net Banking,Cancelled
2673,Tanvi Mehta,Tablet,Electronics,9,32000,288000,2023-02-11,Ahmedabad,West,Sunita Rao,Cash on Delivery,Delivered
2674,Amit Verma,USB Hub,Accessories,13,600,7800,2023-01-07,Bangalore,South,Sunita Rao,UPI,Shipped
2675,Divya Singh,Tablet,Electronics,1,32000,32000,2023-08-06,Delhi,North,Ravi Kumar,Cash on Delivery,Shipped
2676,Arjun Nair,Printer,Electronics,7,12000,84000,2023-01-05,Pune,West,Sunita Rao,Cash on Delivery,Processing
2677,Tanvi Mehta,Headphones,Electronics,6,3500,21000,2023-11-11,Ahmedabad,West,Priya Nair,UPI,Shipped
2678,Suresh Rao,Headphones,Electronics,11,3500,38500,2023-04-15,Ahmedabad,West,Priya Nair,Net Banking,Cancelled
2679,Tanvi Mehta,Tablet,Electronics,15,32000,480000,2023-06-19,Chennai,South,Ravi Kumar,UPI,Cancelled
2680,Amit Verma,Laptop,Electronics,7,45000,315000,2023-04-02,Kolkata,East,Kavya Reddy,Credit Card,Delivered
2681,Priya Patel,Headphones,Electronics,4,3500,14000,2023-12-22,Chennai,South,Kavya Reddy,Net Banking,Delivered
2682,Amit Verma,Laptop,Electronics,8,45000,360000,2023-11-01,Surat,West,Sunita Rao,Net Banking,Shipped
2683,Arjun Nair,Webcam,Accessories,15,2500,37500,2023-04-09,Mumbai,West,Deepak Joshi,Cash on Delivery,Processing
2684,Tanvi Mehta,Webcam,Accessories,13,2500,32500,2023-07-26,Surat,West,Deepak Joshi,UPI,Delivered
2685,Arjun Nair,Speaker,Electronics,2,4500,9000,2023-04-21,Bangalore,South,Ravi Kumar,Net Banking,Delivered
2686,Suresh Rao,Keyboard,Accessories,10,1200,12000,2023-11-27,Ahmedabad,West,Suresh Iyer,Net Banking,Processing
2687,Ramesh Kumar,Speaker,Electronics,4,4500,18000,2023-03-28,Jaipur,North,Meera Patel,UPI,Delivered
2688,Divya Singh,Speaker,Electronics,3,4500,13500,2023-03-26,Bangalore,South,Anil Sharma,Net Banking,Delivered
2689,Kiran Kumar,Laptop,Electronics,9,45000,405000,2023-08-14,Bangalore,South,Kavya Reddy,Net Banking,Processing
2690,Kiran Kumar,Printer,Electronics,4,12000,48000,2023-10-14,Delhi,North,Suresh Iyer,Cash on Delivery,Cancelled
2691,Meera Joshi,Webcam,Accessories,14,2500,35000,2023-09-25,Hyderabad,South,Sunita Rao,UPI,Shipped
2692,Rahul Mishra,Headphones,Electronics,14,3500,49000,2023-08-12,Bangalore,South,Kavya Reddy,Cash on Delivery,Processing
2693,Vikram Iyer,Monitor,Electronics,15,22000,330000,2023-08-11,Ahmedabad,West,Priya Nair,UPI,Delivered
2694,Meera Joshi,Webcam,Accessories,13,2500,32500,2023-12-10,Jaipur,North,Suresh Iyer,UPI,Shipped
2695,Sneha Reddy,USB Hub,Accessories,3,600,1800,2023-01-06,Kolkata,East,Kavya Reddy,Net Banking,Shipped
2696,Priya Patel,Laptop,Electronics,5,45000,225000,2023-06-18,Surat,West,Priya Nair,Net Banking,Delivered
2697,Arjun Nair,Speaker,Electronics,1,4500,4500,2023-11-28,Hyderabad,South,Kavya Reddy,Cash on Delivery,Delivered
2698,Ananya Das,Headphones,Electronics,11,3500,38500,2023-01-30,Hyderabad,South,Anil Sharma,Cash on Delivery,Cancelled
2699,Suresh Rao,Tablet,Electronics,8,32000,256000,2023-11-28,Bangalore,South,Sunita Rao,Credit Card,Processing
2700,Pooja Gupta,Laptop,Electronics,15,45000,675000,2023-03-20,Surat,West,Ravi Kumar,UPI,Delivered
2701,Vikram Iyer,USB Hub,Accessories,1,600,600,2023-08-16,Delhi,North,Anil Sharma,Net Banking,Delivered
2702,Vikram Iyer,Printer,Electronics,14,12000,168000,2023-04-10,Hyderabad,South,Anil Sharma,Net Banking,Processing
2703,Rahul Mishra,Keyboard,Accessories,12,1200,14400,2023-07-07,Surat,West,Anil Sharma,Cash on Delivery,Cancelled
2704,Amit Verma,Laptop,Electronics,4,45000,180000,2023-09-14,Delhi,North,Deepak Joshi,Credit Card,Shipped
2705,Sneha Reddy,Tablet,Electronics,5,32000,160000,2023-11-08,Mumbai,West,Suresh Iyer,UPI,Delivered
2706,Priya Patel,Headphones,Electronics,9,3500,31500,2023-06-29,Hyderabad,South,Priya Nair,Cash on Delivery,Delivered
2707,Tanvi Mehta,Speaker,Electronics,2,4500,9000,2023-03-01,Jaipur,North,Sunita Rao,UPI,Delivered
2708,Ramesh Kumar,Keyboard,Accessories,10,1200,12000,2023-11-17,Kolkata,East,Ravi Kumar,Credit Card,Shipped
2709,Arjun Nair,Webcam,Accessories,2,2500,5000,2023-05-07,Jaipur,North,Meera Patel,UPI,Processing
2710,Amit Verma,Laptop,Electronics,12,45000,540000,2023-05-27,Pune,West,Deepak Joshi,UPI,Processing
2711,Arjun Nair,USB Hub,Accessories,14,600,8400,2023-04-07,Chennai,South,Meera Patel,UPI,Processing
2712,Divya Singh,Headphones,Electronics,5,3500,17500,2023-02-17,Jaipur,North,Priya Nair,Net Banking,Processing
2713,Vikram Iyer,Printer,Electronics,14,12000,168000,2023-11-20,Jaipur,North,Ravi Kumar,Credit Card,Cancelled
2714,Pooja Gupta,Keyboard,Accessories,10,1200,12000,2023-04-18,Ahmedabad,West,Suresh Iyer,Net Banking,Processing
2715,Rahul Mishra,Mouse,Accessories,12,800,9600,2023-09-15,Kolkata,East,Deepak Joshi,Credit Card,Shipped
2716,Ramesh Kumar,Headphones,Electronics,8,3500,28000,2023-05-14,Chennai,South,Sunita Rao,UPI,Cancelled
2717,Meera Joshi,Keyboard,Accessories,10,1200,12000,2023-06-15,Jaipur,North,Suresh Iyer,Credit Card,Processing
2718,Amit Verma,Monitor,Electronics,14,22000,308000,2023-01-05,Kolkata,East,Suresh Iyer,Cash on Delivery,Processing
2719,Arjun Nair,Webcam,Accessories,3,2500,7500,2023-07-03,Delhi,North,Ravi Kumar,Cash on Delivery,Shipped
2720,Divya Singh,Laptop,Electronics,13,45000,585000,2023-11-12,Jaipur,North,Suresh Iyer,Cash on Delivery,Cancelled
2721,Ananya Das,Mouse,Accessories,12,800,9600,2023-07-11,Hyderabad,South,Priya Nair,Cash on Delivery,Cancelled
2722,Suresh Rao,Headphones,Electronics,15,3500,52500,2023-04-30,Mumbai,West,Sunita Rao,Cash on Delivery,Cancelled
2723,Ramesh Kumar,Headphones,Electronics,7,3500,24500,2023-10-31,Surat,West,Ravi Kumar,UPI,Processing
2724,Suresh Rao,Speaker,Electronics,4,4500,18000,2023-10-18,Ahmedabad,West,Ravi Kumar,UPI,Processing
2725,Suresh Rao,Laptop,Electronics,5,45000,225000,2023-03-14,Delhi,North,Priya Nair,Cash on Delivery,Cancelled
2726,Amit Verma,Keyboard,Accessories,1,1200,1200,2023-12-04,Jaipur,North,Meera Patel,UPI,Processing
2727,Kavya Nambiar,Headphones,Electronics,3,3500,10500,2023-05-01,Delhi,North,Meera Patel,Cash on Delivery,Delivered
2728,Kavya Nambiar,Mouse,Accessories,11,800,8800,2023-10-12,Bangalore,South,Priya Nair,Credit Card,Cancelled
2729,Rahul Mishra,Keyboard,Accessories,2,1200,2400,2023-08-30,Kolkata,East,Suresh Iyer,UPI,Cancelled
2730,Suresh Rao,USB Hub,Accessories,12,600,7200,2023-05-05,Jaipur,North,Sunita Rao,Cash on Delivery,Shipped
2731,Tanvi Mehta,Webcam,Accessories,7,2500,17500,2023-06-17,Bangalore,South,Deepak Joshi,Cash on Delivery,Cancelled
2732,Vikram Iyer,Printer,Electronics,6,12000,72000,2023-09-08,Delhi,North,Anil Sharma,UPI,Shipped
2733,Rahul Mishra,Mouse,Accessories,6,800,4800,2023-06-24,Kolkata,East,Anil Sharma,Cash on Delivery,Delivered
2734,Ramesh Kumar,Mouse,Accessories,8,800,6400,2023-04-07,Bangalore,South,Meera Patel,Net Banking,Cancelled
2735,Amit Verma,Monitor,Electronics,7,22000,154000,2023-12-01,Kolkata,East,Suresh Iyer,UPI,Processing
2736,Ramesh Kumar,Headphones,Electronics,11,3500,38500,2023-09-04,Pune,West,Deepak Joshi,Cash on Delivery,Shipped
2737,Kavya Nambiar,Keyboard,Accessories,11,1200,13200,2023-09-22,Pune,West,Sunita Rao,Cash on Delivery,Delivered
2738,Suresh Rao,Webcam,Accessories,11,2500,27500,2023-07-27,Delhi,North,Anil Sharma,UPI,Processing
2739,Vikram Iyer,Keyboard,Accessories,9,1200,10800,2023-07-16,Surat,West,Kavya Reddy,Credit Card,Cancelled
2740,Arjun Nair,USB Hub,Accessories,13,600,7800,2023-01-28,Pune,West,Suresh Iyer,Net Banking,Delivered
2741,Suresh Rao,Speaker,Electronics,9,4500,40500,2023-07-10,Jaipur,North,Kavya Reddy,Net Banking,Processing
2742,Suresh Rao,Monitor,Electronics,7,22000,154000,2023-09-30,Bangalore,South,Suresh Iyer,Credit Card,Shipped
2743,Ananya Das,Laptop,Electronics,15,45000,675000,2023-12-29,Kolkata,East,Deepak Joshi,UPI,Cancelled
2744,Ramesh Kumar,USB Hub,Accessories,8,600,4800,2023-05-25,Mumbai,West,Sunita Rao,Cash on Delivery,Cancelled
2745,Vikram Iyer,Webcam,Accessories,15,2500,37500,2023-11-03,Mumbai,West,Priya Nair,Net Banking,Cancelled
2746,Rahul Mishra,Webcam,Accessories,13,2500,32500,2023-01-13,Hyderabad,South,Deepak Joshi,UPI,Processing
2747,Meera Joshi,Webcam,Accessories,1,2500,2500,2023-08-17,Pune,West,Deepak Joshi,Credit Card,Delivered
2748,Sneha Reddy,Webcam,Accessories,9,2500,22500,2023-07-22,Mumbai,West,Ravi Kumar,Credit Card,Delivered
2749,Kiran Kumar,Keyboard,Accessories,11,1200,13200,2023-09-10,Bangalore,South,Deepak Joshi,Net Banking,Cancelled
2750,Ananya Das,Speaker,Electronics,15,4500,67500,2023-09-26,Chennai,South,Kavya Reddy,Credit Card,Delivered
2751,Ananya Das,Webcam,Accessories,1,2500,2500,2023-03-17,Kolkata,East,Sunita Rao,Cash on Delivery,Delivered
2752,Ramesh Kumar,Webcam,Accessories,7,2500,17500,2023-07-25,Hyderabad,South,Ravi Kumar,Net Banking,Delivered
2753,Ananya Das,USB Hub,Accessories,13,600,7800,2023-04-09,Delhi,North,Deepak Joshi,Net Banking,Shipped
2754,Sneha Reddy,Laptop,Electronics,10,45000,450000,2023-08-31,Kolkata,East,Suresh Iyer,Net Banking,Shipped
2755,Ananya Das,Headphones,Electronics,11,3500,38500,2023-01-24,Ahmedabad,West,Suresh Iyer,UPI,Processing
2756,Ramesh Kumar,Headphones,Electronics,7,3500,24500,2023-04-17,Mumbai,West,Suresh Iyer,UPI,Processing
2757,Meera Joshi,Headphones,Electronics,10,3500,35000,2023-11-22,Jaipur,North,Sunita Rao,UPI,Shipped
2758,Ananya Das,Laptop,Electronics,4,45000,180000,2023-02-02,Kolkata,East,Deepak Joshi,Cash on Delivery,Cancelled
2759,Divya Singh,Speaker,Electronics,9,4500,40500,2023-07-19,Kolkata,East,Anil Sharma,Net Banking,Processing
2760,Amit Verma,Webcam,Accessories,14,2500,35000,2023-08-16,Kolkata,East,Kavya Reddy,Cash on Delivery,Shipped
2761,Arjun Nair,Printer,Electronics,11,12000,132000,2023-07-19,Bangalore,South,Suresh Iyer,Credit Card,Delivered
2762,Sneha Reddy,Tablet,Electronics,6,32000,192000,2023-02-12,Ahmedabad,West,Priya Nair,Net Banking,Processing
2763,Ramesh Kumar,Webcam,Accessories,11,2500,27500,2023-08-28,Jaipur,North,Ravi Kumar,UPI,Processing
2764,Suresh Rao,Speaker,Electronics,7,4500,31500,2023-01-12,Pune,West,Deepak Joshi,Cash on Delivery,Shipped
2765,Ananya Das,USB Hub,Accessories,3,600,1800,2023-07-13,Ahmedabad,West,Sunita Rao,Credit Card,Cancelled
2766,Arjun Nair,Mouse,Accessories,2,800,1600,2023-10-20,Chennai,South,Ravi Kumar,UPI,Cancelled
2767,Kiran Kumar,Printer,Electronics,6,12000,72000,2023-04-22,Pune,West,Deepak Joshi,Net Banking,Processing
2768,Rahul Mishra,Monitor,Electronics,9,22000,198000,2023-10-02,Kolkata,East,Suresh Iyer,UPI,Cancelled
2769,Amit Verma,Tablet,Electronics,5,32000,160000,2023-08-19,Jaipur,North,Ravi Kumar,Cash on Delivery,Processing
2770,Suresh Rao,Laptop,Electronics,14,45000,630000,2023-06-21,Ahmedabad,West,Kavya Reddy,UPI,Delivered
2771,Kiran Kumar,USB Hub,Accessories,11,600,6600,2023-08-03,Surat,West,Suresh Iyer,UPI,Delivered
2772,Ananya Das,Speaker,Electronics,3,4500,13500,2023-11-09,Chennai,South,Sunita Rao,Cash on Delivery,Delivered
2773,Ananya Das,Webcam,Accessories,4,2500,10000,2023-03-27,Surat,West,Kavya Reddy,Credit Card,Processing
2774,Kiran Kumar,Laptop,Electronics,15,45000,675000,2023-12-01,Surat,West,Meera Patel,UPI,Cancelled
2775,Tanvi Mehta,Webcam,Accessories,3,2500,7500,2023-08-30,Chennai,South,Meera Patel,Net Banking,Shipped
2776,Sneha Reddy,Headphones,Electronics,15,3500,52500,2023-01-16,Delhi,North,Kavya Reddy,Cash on Delivery,Shipped
2777,Divya Singh,Speaker,Electronics,4,4500,18000,2023-04-01,Jaipur,North,Sunita Rao,Net Banking,Shipped
2778,Ramesh Kumar,Mouse,Accessories,12,800,9600,2023-02-05,Jaipur,North,Anil Sharma,Cash on Delivery,Cancelled
2779,Arjun Nair,USB Hub,Accessories,13,600,7800,2023-08-02,Delhi,North,Sunita Rao,Credit Card,Cancelled
2780,Kavya Nambiar,Tablet,Electronics,5,32000,160000,2023-07-23,Mumbai,West,Anil Sharma,Net Banking,Cancelled
2781,Priya Patel,Printer,Electronics,7,12000,84000,2023-03-05,Jaipur,North,Ravi Kumar,Net Banking,Delivered
2782,Meera Joshi,Keyboard,Accessories,7,1200,8400,2023-12-03,Kolkata,East,Ravi Kumar,UPI,Cancelled
2783,Vikram Iyer,Mouse,Accessories,2,800,1600,2023-06-18,Hyderabad,South,Sunita Rao,Cash on Delivery,Cancelled
2784,Pooja Gupta,Mouse,Accessories,6,800,4800,2023-06-01,Hyderabad,South,Kavya Reddy,Net Banking,Cancelled
2785,Ramesh Kumar,Headphones,Electronics,5,3500,17500,2023-11-01,Surat,West,Ravi Kumar,UPI,Processing
2786,Ananya Das,Laptop,Electronics,15,45000,675000,2023-07-09,Chennai,South,Priya Nair,Net Banking,Processing
2787,Divya Singh,Keyboard,Accessories,11,1200,13200,2023-06-06,Surat,West,Kavya Reddy,Net Banking,Shipped
2788,Kavya Nambiar,Keyboard,Accessories,10,1200,12000,2023-05-30,Bangalore,South,Suresh Iyer,Net Banking,Shipped
2789,Amit Verma,Laptop,Electronics,10,45000,450000,2023-06-05,Chennai,South,Anil Sharma,Net Banking,Processing
2790,Ananya Das,Printer,Electronics,7,12000,84000,2023-09-02,Ahmedabad,West,Ravi Kumar,Net Banking,Shipped
2791,Meera Joshi,Speaker,Electronics,6,4500,27000,2023-09-25,Ahmedabad,West,Suresh Iyer,Cash on Delivery,Shipped
2792,Tanvi Mehta,Printer,Electronics,3,12000,36000,2023-09-05,Jaipur,North,Suresh Iyer,Credit Card,Delivered
2793,Sneha Reddy,Webcam,Accessories,5,2500,12500,2023-04-16,Chennai,South,Ravi Kumar,Net Banking,Delivered
2794,Ananya Das,Mouse,Accessories,8,800,6400,2023-08-24,Kolkata,East,Anil Sharma,UPI,Shipped
2795,Priya Patel,Webcam,Accessories,7,2500,17500,2023-11-17,Mumbai,West,Priya Nair,Credit Card,Processing
2796,Kavya Nambiar,Printer,Electronics,14,12000,168000,2023-10-03,Ahmedabad,West,Sunita Rao,Credit Card,Cancelled
2797,Arjun Nair,Speaker,Electronics,4,4500,18000,2023-05-06,Ahmedabad,West,Ravi Kumar,UPI,Shipped
2798,Arjun Nair,Tablet,Electronics,1,32000,32000,2023-11-08,Bangalore,South,Deepak Joshi,Credit Card,Shipped
2799,Ramesh Kumar,Monitor,Electronics,9,22000,198000,2023-06-05,Bangalore,South,Meera Patel,UPI,Shipped
2800,Priya Patel,Speaker,Electronics,8,4500,36000,2023-08-26,Surat,West,Anil Sharma,Net Banking,Delivered
2801,Priya Patel,Mouse,Accessories,2,800,1600,2023-08-15,Jaipur,North,Kavya Reddy,UPI,Delivered
2802,Divya Singh,Printer,Electronics,4,12000,48000,2023-11-03,Surat,West,Deepak Joshi,Credit Card,Cancelled
2803,Sneha Reddy,Monitor,Electronics,13,22000,286000,2023-11-26,Jaipur,North,Kavya Reddy,Credit Card,Processing
2804,Vikram Iyer,USB Hub,Accessories,5,600,3000,2023-09-10,Surat,West,Ravi Kumar,Net Banking,Cancelled
2805,Arjun Nair,Printer,Electronics,11,12000,132000,2023-06-03,Hyderabad,South,Meera Patel,Net Banking,Processing
2806,Divya Singh,Printer,Electronics,5,12000,60000,2023-11-17,Ahmedabad,West,Sunita Rao,UPI,Cancelled
2807,Divya Singh,Laptop,Electronics,15,45000,675000,2023-09-18,Kolkata,East,Kavya Reddy,UPI,Shipped
2808,Priya Patel,Monitor,Electronics,11,22000,242000,2023-06-05,Pune,West,Kavya Reddy,Net Banking,Shipped
2809,Sneha Reddy,Mouse,Accessories,13,800,10400,2023-04-29,Delhi,North,Deepak Joshi,Net Banking,Processing
2810,Arjun Nair,Printer,Electronics,2,12000,24000,2023-12-17,Jaipur,North,Meera Patel,UPI,Processing
2811,Suresh Rao,Keyboard,Accessories,13,1200,15600,2023-07-22,Chennai,South,Ravi Kumar,UPI,Shipped
2812,Ananya Das,Webcam,Accessories,8,2500,20000,2023-12-01,Ahmedabad,West,Suresh Iyer,Net Banking,Shipped
2813,Meera Joshi,Headphones,Electronics,15,3500,52500,2023-06-05,Jaipur,North,Ravi Kumar,Net Banking,Processing
2814,Kiran Kumar,Webcam,Accessories,8,2500,20000,2023-06-07,Kolkata,East,Suresh Iyer,Cash on Delivery,Delivered
2815,Vikram Iyer,USB Hub,Accessories,7,600,4200,2023-07-01,Mumbai,West,Ravi Kumar,Cash on Delivery,Processing
2816,Pooja Gupta,Laptop,Electronics,4,45000,180000,2023-12-05,Chennai,South,Deepak Joshi,Net Banking,Processing
2817,Meera Joshi,Laptop,Electronics,7,45000,315000,2023-07-15,Kolkata,East,Meera Patel,UPI,Cancelled
2818,Amit Verma,Headphones,Electronics,2,3500,7000,2023-05-05,Delhi,North,Priya Nair,Cash on Delivery,Cancelled
2819,Divya Singh,Laptop,Electronics,12,45000,540000,2023-12-28,Pune,West,Meera Patel,Net Banking,Cancelled
2820,Meera Joshi,Laptop,Electronics,1,45000,45000,2023-11-24,Delhi,North,Deepak Joshi,Net Banking,Cancelled
2821,Tanvi Mehta,Headphones,Electronics,8,3500,28000,2023-03-10,Delhi,North,Sunita Rao,Net Banking,Cancelled
2822,Ananya Das,Keyboard,Accessories,10,1200,12000,2023-06-03,Bangalore,South,Meera Patel,Credit Card,Cancelled
2823,Suresh Rao,Mouse,Accessories,10,800,8000,2023-10-07,Kolkata,East,Deepak Joshi,Net Banking,Delivered
2824,Pooja Gupta,Keyboard,Accessories,14,1200,16800,2023-12-25,Delhi,North,Priya Nair,Net Banking,Cancelled
2825,Sneha Reddy,Mouse,Accessories,6,800,4800,2023-08-28,Bangalore,South,Kavya Reddy,Net Banking,Processing
2826,Pooja Gupta,Mouse,Accessories,5,800,4000,2023-11-06,Hyderabad,South,Anil Sharma,UPI,Delivered
2827,Suresh Rao,USB Hub,Accessories,7,600,4200,2023-09-07,Pune,West,Anil Sharma,Credit Card,Processing
2828,Rahul Mishra,Laptop,Electronics,7,45000,315000,2023-01-17,Surat,West,Priya Nair,Cash on Delivery,Processing
2829,Pooja Gupta,Speaker,Electronics,11,4500,49500,2023-02-04,Kolkata,East,Sunita Rao,Credit Card,Delivered
2830,Kavya Nambiar,Printer,Electronics,13,12000,156000,2023-09-20,Bangalore,South,Sunita Rao,Cash on Delivery,Shipped
2831,Divya Singh,Monitor,Electronics,14,22000,308000,2023-05-22,Pune,West,Kavya Reddy,UPI,Processing
2832,Meera Joshi,Monitor,Electronics,11,22000,242000,2023-10-22,Bangalore,South,Kavya Reddy,Cash on Delivery,Delivered
2833,Ananya Das,USB Hub,Accessories,5,600,3000,2023-01-04,Surat,West,Suresh Iyer,Credit Card,Delivered
2834,Arjun Nair,Mouse,Accessories,7,800,5600,2023-03-19,Kolkata,East,Meera Patel,Net Banking,Cancelled
2835,Tanvi Mehta,Mouse,Accessories,15,800,12000,2023-07-01,Surat,West,Ravi Kumar,UPI,Shipped
2836,Ramesh Kumar,Mouse,Accessories,3,800,2400,2023-02-21,Hyderabad,South,Anil Sharma,UPI,Processing
2837,Tanvi Mehta,Monitor,Electronics,14,22000,308000,2023-06-11,Kolkata,East,Meera Patel,UPI,Shipped
2838,Sneha Reddy,Headphones,Electronics,7,3500,24500,2023-05-19,Bangalore,South,Meera Patel,Net Banking,Delivered
2839,Ramesh Kumar,Keyboard,Accessories,2,1200,2400,2023-07-12,Jaipur,North,Kavya Reddy,UPI,Cancelled
2840,Sneha Reddy,Laptop,Electronics,8,45000,360000,2023-07-24,Jaipur,North,Meera Patel,Cash on Delivery,Delivered
2841,Pooja Gupta,Monitor,Electronics,9,22000,198000,2023-10-24,Bangalore,South,Sunita Rao,UPI,Shipped
2842,Meera Joshi,Monitor,Electronics,12,22000,264000,2023-11-06,Jaipur,North,Priya Nair,Cash on Delivery,Shipped
2843,Meera Joshi,Mouse,Accessories,13,800,10400,2023-09-17,Delhi,North,Kavya Reddy,Net Banking,Delivered
2844,Suresh Rao,Tablet,Electronics,1,32000,32000,2023-07-14,Mumbai,West,Suresh Iyer,Cash on Delivery,Delivered
2845,Kiran Kumar,Webcam,Accessories,5,2500,12500,2023-02-03,Kolkata,East,Deepak Joshi,UPI,Delivered
2846,Pooja Gupta,USB Hub,Accessories,1,600,600,2023-05-21,Jaipur,North,Priya Nair,Credit Card,Shipped
2847,Amit Verma,Mouse,Accessories,10,800,8000,2023-01-05,Bangalore,South,Ravi Kumar,UPI,Cancelled
2848,Kavya Nambiar,Laptop,Electronics,10,45000,450000,2023-04-18,Mumbai,West,Deepak Joshi,Net Banking,Cancelled
2849,Tanvi Mehta,Keyboard,Accessories,3,1200,3600,2023-03-31,Pune,West,Ravi Kumar,UPI,Processing
2850,Sneha Reddy,Monitor,Electronics,1,22000,22000,2023-09-12,Bangalore,South,Deepak Joshi,Cash on Delivery,Processing
2851,Suresh Rao,Headphones,Electronics,6,3500,21000,2023-01-15,Surat,West,Anil Sharma,Net Banking,Delivered
2852,Tanvi Mehta,Tablet,Electronics,12,32000,384000,2023-03-15,Mumbai,West,Suresh Iyer,Credit Card,Cancelled
2853,Priya Patel,Speaker,Electronics,3,4500,13500,2023-03-22,Ahmedabad,West,Anil Sharma,Net Banking,Shipped
2854,Divya Singh,Monitor,Electronics,2,22000,44000,2023-02-27,Pune,West,Kavya Reddy,Cash on Delivery,Cancelled
2855,Ramesh Kumar,Keyboard,Accessories,13,1200,15600,2023-11-23,Surat,West,Deepak Joshi,Cash on Delivery,Cancelled
2856,Rahul Mishra,Headphones,Electronics,6,3500,21000,2023-12-03,Bangalore,South,Priya Nair,Credit Card,Cancelled
2857,Sneha Reddy,Tablet,Electronics,4,32000,128000,2023-03-06,Surat,West,Ravi Kumar,UPI,Shipped
2858,Arjun Nair,Monitor,Electronics,12,22000,264000,2023-07-26,Delhi,North,Sunita Rao,UPI,Shipped
2859,Arjun Nair,Headphones,Electronics,12,3500,42000,2023-12-04,Bangalore,South,Priya Nair,Cash on Delivery,Processing
2860,Vikram Iyer,Keyboard,Accessories,7,1200,8400,2023-07-11,Kolkata,East,Ravi Kumar,Credit Card,Cancelled
2861,Amit Verma,Laptop,Electronics,3,45000,135000,2023-01-08,Chennai,South,Anil Sharma,UPI,Shipped
2862,Divya Singh,USB Hub,Accessories,1,600,600,2023-10-20,Kolkata,East,Kavya Reddy,Net Banking,Shipped
2863,Divya Singh,Speaker,Electronics,8,4500,36000,2023-04-20,Pune,West,Deepak Joshi,Cash on Delivery,Delivered
2864,Meera Joshi,Headphones,Electronics,15,3500,52500,2023-06-22,Ahmedabad,West,Ravi Kumar,Net Banking,Processing
2865,Priya Patel,Tablet,Electronics,8,32000,256000,2023-12-06,Ahmedabad,West,Priya Nair,Net Banking,Delivered
2866,Rahul Mishra,Webcam,Accessories,11,2500,27500,2023-01-14,Pune,West,Ravi Kumar,Credit Card,Shipped
2867,Pooja Gupta,Tablet,Electronics,2,32000,64000,2023-10-09,Delhi,North,Deepak Joshi,UPI,Processing
2868,Priya Patel,Headphones,Electronics,7,3500,24500,2023-10-11,Jaipur,North,Ravi Kumar,Cash on Delivery,Shipped
2869,Sneha Reddy,Keyboard,Accessories,13,1200,15600,2023-01-09,Chennai,South,Priya Nair,UPI,Delivered
2870,Pooja Gupta,Printer,Electronics,9,12000,108000,2023-04-28,Kolkata,East,Ravi Kumar,Net Banking,Shipped
2871,Kavya Nambiar,Monitor,Electronics,11,22000,242000,2023-11-21,Bangalore,South,Meera Patel,UPI,Cancelled
2872,Arjun Nair,Mouse,Accessories,1,800,800,2023-07-25,Hyderabad,South,Suresh Iyer,Cash on Delivery,Cancelled
2873,Ramesh Kumar,Tablet,Electronics,3,32000,96000,2023-06-03,Kolkata,East,Sunita Rao,Net Banking,Processing
2874,Ramesh Kumar,Mouse,Accessories,10,800,8000,2023-02-04,Surat,West,Suresh Iyer,UPI,Shipped
2875,Kiran Kumar,Tablet,Electronics,13,32000,416000,2023-05-05,Bangalore,South,Ravi Kumar,Cash on Delivery,Cancelled
2876,Priya Patel,Speaker,Electronics,4,4500,18000,2023-06-29,Chennai,South,Meera Patel,Net Banking,Shipped
2877,Vikram Iyer,USB Hub,Accessories,12,600,7200,2023-10-27,Delhi,North,Ravi Kumar,UPI,Cancelled
2878,Ramesh Kumar,Keyboard,Accessories,13,1200,15600,2023-06-17,Hyderabad,South,Sunita Rao,Net Banking,Delivered
2879,Divya Singh,Speaker,Electronics,4,4500,18000,2023-12-05,Jaipur,North,Deepak Joshi,Credit Card,Cancelled
2880,Tanvi Mehta,Keyboard,Accessories,15,1200,18000,2023-06-24,Delhi,North,Deepak Joshi,Credit Card,Cancelled
2881,Kiran Kumar,Headphones,Electronics,11,3500,38500,2023-08-27,Delhi,North,Ravi Kumar,Cash on Delivery,Processing
2882,Pooja Gupta,Mouse,Accessories,2,800,1600,2023-02-15,Ahmedabad,West,Priya Nair,UPI,Cancelled
2883,Priya Patel,USB Hub,Accessories,1,600,600,2023-11-23,Pune,West,Deepak Joshi,Net Banking,Processing
2884,Kavya Nambiar,Printer,Electronics,7,12000,84000,2023-12-08,Kolkata,East,Deepak Joshi,Net Banking,Delivered
2885,Sneha Reddy,Laptop,Electronics,12,45000,540000,2023-09-06,Delhi,North,Kavya Reddy,UPI,Cancelled
2886,Divya Singh,Headphones,Electronics,13,3500,45500,2023-12-29,Delhi,North,Suresh Iyer,Cash on Delivery,Delivered
2887,Priya Patel,Speaker,Electronics,10,4500,45000,2023-11-26,Delhi,North,Sunita Rao,Credit Card,Shipped
2888,Tanvi Mehta,Webcam,Accessories,11,2500,27500,2023-12-30,Surat,West,Suresh Iyer,Cash on Delivery,Delivered
2889,Ananya Das,Webcam,Accessories,14,2500,35000,2023-08-24,Jaipur,North,Anil Sharma,Cash on Delivery,Cancelled
2890,Ramesh Kumar,Laptop,Electronics,10,45000,450000,2023-04-03,Chennai,South,Priya Nair,Credit Card,Processing
2891,Kavya Nambiar,USB Hub,Accessories,12,600,7200,2023-08-22,Mumbai,West,Deepak Joshi,Net Banking,Processing
2892,Suresh Rao,Webcam,Accessories,5,2500,12500,2023-08-17,Chennai,South,Anil Sharma,Net Banking,Cancelled
2893,Suresh Rao,Headphones,Electronics,4,3500,14000,2023-10-13,Bangalore,South,Priya Nair,Cash on Delivery,Processing
2894,Meera Joshi,Keyboard,Accessories,14,1200,16800,2023-02-15,Jaipur,North,Priya Nair,UPI,Processing
2895,Vikram Iyer,Headphones,Electronics,15,3500,52500,2023-02-16,Delhi,North,Suresh Iyer,Net Banking,Cancelled
2896,Kavya Nambiar,Keyboard,Accessories,4,1200,4800,2023-05-16,Pune,West,Kavya Reddy,Net Banking,Processing
2897,Amit Verma,Tablet,Electronics,13,32000,416000,2023-03-23,Kolkata,East,Priya Nair,Credit Card,Delivered
2898,Pooja Gupta,Mouse,Accessories,5,800,4000,2023-09-17,Surat,West,Deepak Joshi,UPI,Cancelled
2899,Priya Patel,Speaker,Electronics,4,4500,18000,2023-02-17,Delhi,North,Suresh Iyer,Net Banking,Shipped
2900,Amit Verma,Webcam,Accessories,6,2500,15000,2023-07-23,Ahmedabad,West,Suresh Iyer,Credit Card,Processing
2901,Sneha Reddy,Speaker,Electronics,2,4500,9000,2023-06-15,Surat,West,Kavya Reddy,Credit Card,Shipped
2902,Ramesh Kumar,Printer,Electronics,11,12000,132000,2023-05-21,Bangalore,South,Kavya Reddy,UPI,Shipped
2903,Suresh Rao,Mouse,Accessories,8,800,6400,2023-11-28,Chennai,South,Meera Patel,UPI,Delivered
2904,Divya Singh,Headphones,Electronics,1,3500,3500,2023-11-10,Chennai,South,Kavya Reddy,Cash on Delivery,Shipped
2905,Ananya Das,USB Hub,Accessories,14,600,8400,2023-09-23,Bangalore,South,Suresh Iyer,Cash on Delivery,Processing
2906,Meera Joshi,Webcam,Accessories,7,2500,17500,2023-07-09,Hyderabad,South,Meera Patel,Net Banking,Processing
2907,Sneha Reddy,Monitor,Electronics,6,22000,132000,2023-12-26,Bangalore,South,Ravi Kumar,Credit Card,Cancelled
2908,Sneha Reddy,Printer,Electronics,2,12000,24000,2023-11-06,Kolkata,East,Priya Nair,UPI,Cancelled
2909,Divya Singh,Headphones,Electronics,14,3500,49000,2023-01-28,Surat,West,Kavya Reddy,Cash on Delivery,Cancelled
2910,Divya Singh,Monitor,Electronics,1,22000,22000,2023-10-14,Bangalore,South,Anil Sharma,Net Banking,Cancelled
2911,Priya Patel,Keyboard,Accessories,11,1200,13200,2023-07-01,Delhi,North,Deepak Joshi,Net Banking,Delivered
2912,Suresh Rao,Speaker,Electronics,7,4500,31500,2023-12-27,Jaipur,North,Ravi Kumar,Cash on Delivery,Shipped
2913,Vikram Iyer,Tablet,Electronics,9,32000,288000,2023-12-23,Hyderabad,South,Deepak Joshi,Net Banking,Shipped
2914,Suresh Rao,Speaker,Electronics,7,4500,31500,2023-03-15,Ahmedabad,West,Priya Nair,Credit Card,Delivered
2915,Ananya Das,Webcam,Accessories,2,2500,5000,2023-02-06,Surat,West,Sunita Rao,Cash on Delivery,Shipped
2916,Kavya Nambiar,Mouse,Accessories,10,800,8000,2023-04-02,Chennai,South,Ravi Kumar,Credit Card,Cancelled
2917,Kiran Kumar,Monitor,Electronics,2,22000,44000,2023-02-18,Kolkata,East,Suresh Iyer,Cash on Delivery,Cancelled
2918,Amit Verma,Tablet,Electronics,14,32000,448000,2023-06-25,Bangalore,South,Sunita Rao,Net Banking,Processing
2919,Divya Singh,Keyboard,Accessories,15,1200,18000,2023-05-10,Pune,West,Sunita Rao,UPI,Processing
2920,Vikram Iyer,USB Hub,Accessories,4,600,2400,2023-06-29,Chennai,South,Sunita Rao,Net Banking,Cancelled
2921,Tanvi Mehta,Monitor,Electronics,5,22000,110000,2023-01-11,Ahmedabad,West,Anil Sharma,Credit Card,Processing
2922,Ramesh Kumar,Monitor,Electronics,1,22000,22000,2023-09-28,Bangalore,South,Anil Sharma,Net Banking,Cancelled
2923,Ananya Das,Headphones,Electronics,13,3500,45500,2023-10-18,Mumbai,West,Priya Nair,Credit Card,Shipped
2924,Rahul Mishra,Mouse,Accessories,8,800,6400,2023-04-04,Surat,West,Meera Patel,Net Banking,Delivered
2925,Amit Verma,Keyboard,Accessories,6,1200,7200,2023-10-21,Surat,West,Kavya Reddy,UPI,Shipped
2926,Tanvi Mehta,Tablet,Electronics,10,32000,320000,2023-01-20,Mumbai,West,Sunita Rao,Net Banking,Processing
2927,Ananya Das,Monitor,Electronics,11,22000,242000,2023-04-03,Kolkata,East,Ravi Kumar,Credit Card,Cancelled
2928,Tanvi Mehta,Mouse,Accessories,3,800,2400,2023-11-10,Surat,West,Priya Nair,Cash on Delivery,Cancelled
2929,Priya Patel,Tablet,Electronics,11,32000,352000,2023-10-11,Delhi,North,Priya Nair,UPI,Processing
2930,Sneha Reddy,Keyboard,Accessories,14,1200,16800,2023-09-09,Chennai,South,Suresh Iyer,Credit Card,Processing
2931,Pooja Gupta,Laptop,Electronics,13,45000,585000,2023-12-04,Jaipur,North,Sunita Rao,Credit Card,Processing
2932,Rahul Mishra,Printer,Electronics,10,12000,120000,2023-12-26,Surat,West,Suresh Iyer,UPI,Processing
2933,Arjun Nair,Webcam,Accessories,8,2500,20000,2023-04-12,Bangalore,South,Suresh Iyer,Cash on Delivery,Cancelled
2934,Divya Singh,USB Hub,Accessories,8,600,4800,2023-01-13,Delhi,North,Sunita Rao,Net Banking,Cancelled
2935,Suresh Rao,Speaker,Electronics,5,4500,22500,2023-09-12,Pune,West,Deepak Joshi,Credit Card,Delivered
2936,Pooja Gupta,Mouse,Accessories,5,800,4000,2023-10-28,Delhi,North,Ravi Kumar,Net Banking,Delivered
2937,Kiran Kumar,Printer,Electronics,1,12000,12000,2023-06-05,Mumbai,West,Meera Patel,Net Banking,Delivered
2938,Rahul Mishra,USB Hub,Accessories,9,600,5400,2023-04-02,Ahmedabad,West,Priya Nair,Credit Card,Shipped
2939,Pooja Gupta,Monitor,Electronics,3,22000,66000,2023-04-24,Jaipur,North,Priya Nair,Credit Card,Shipped
2940,Ananya Das,Tablet,Electronics,10,32000,320000,2023-11-24,Chennai,South,Anil Sharma,Credit Card,Cancelled
2941,Ramesh Kumar,Mouse,Accessories,15,800,12000,2023-05-29,Delhi,North,Meera Patel,Net Banking,Shipped
2942,Ramesh Kumar,USB Hub,Accessories,6,600,3600,2023-07-25,Chennai,South,Ravi Kumar,UPI,Shipped
2943,Vikram Iyer,Speaker,Electronics,15,4500,67500,2023-08-05,Hyderabad,South,Deepak Joshi,UPI,Processing
2944,Kiran Kumar,USB Hub,Accessories,7,600,4200,2023-07-31,Mumbai,West,Deepak Joshi,UPI,Cancelled
2945,Pooja Gupta,Headphones,Electronics,1,3500,3500,2023-11-17,Surat,West,Suresh Iyer,Credit Card,Cancelled
2946,Priya Patel,Keyboard,Accessories,2,1200,2400,2023-11-23,Chennai,South,Sunita Rao,UPI,Cancelled
2947,Amit Verma,Monitor,Electronics,9,22000,198000,2023-06-17,Bangalore,South,Deepak Joshi,Cash on Delivery,Processing
2948,Arjun Nair,Printer,Electronics,5,12000,60000,2023-10-19,Hyderabad,South,Sunita Rao,Credit Card,Cancelled
2949,Sneha Reddy,Mouse,Accessories,9,800,7200,2023-09-12,Delhi,North,Ravi Kumar,Credit Card,Cancelled
2950,Ramesh Kumar,Tablet,Electronics,2,32000,64000,2023-04-28,Delhi,North,Suresh Iyer,UPI,Delivered
2951,Meera Joshi,Monitor,Electronics,7,22000,154000,2023-11-12,Chennai,South,Kavya Reddy,UPI,Cancelled
2952,Suresh Rao,Speaker,Electronics,11,4500,49500,2023-09-15,Mumbai,West,Meera Patel,UPI,Processing
2953,Meera Joshi,Laptop,Electronics,1,45000,45000,2023-03-20,Surat,West,Deepak Joshi,UPI,Processing
2954,Ramesh Kumar,Tablet,Electronics,15,32000,480000,2023-11-26,Chennai,South,Suresh Iyer,Cash on Delivery,Shipped
2955,Amit Verma,Headphones,Electronics,2,3500,7000,2023-04-26,Ahmedabad,West,Meera Patel,Net Banking,Cancelled
2956,Ananya Das,Laptop,Electronics,2,45000,90000,2023-05-06,Jaipur,North,Deepak Joshi,UPI,Shipped
2957,Vikram Iyer,Printer,Electronics,1,12000,12000,2023-02-27,Kolkata,East,Sunita Rao,Cash on Delivery,Delivered
2958,Meera Joshi,Speaker,Electronics,12,4500,54000,2023-06-14,Bangalore,South,Anil Sharma,UPI,Delivered
2959,Ananya Das,Mouse,Accessories,7,800,5600,2023-01-02,Mumbai,West,Anil Sharma,Cash on Delivery,Delivered
2960,Priya Patel,Mouse,Accessories,10,800,8000,2023-10-07,Mumbai,West,Anil Sharma,Cash on Delivery,Cancelled
2961,Tanvi Mehta,Headphones,Electronics,7,3500,24500,2023-08-19,Surat,West,Meera Patel,Cash on Delivery,Processing
2962,Divya Singh,Webcam,Accessories,8,2500,20000,2023-03-20,Jaipur,North,Priya Nair,UPI,Shipped
2963,Tanvi Mehta,Headphones,Electronics,7,3500,24500,2023-05-12,Bangalore,South,Ravi Kumar,Net Banking,Delivered
2964,Divya Singh,USB Hub,Accessories,3,600,1800,2023-01-22,Hyderabad,South,Suresh Iyer,UPI,Cancelled
2965,Kiran Kumar,Keyboard,Accessories,4,1200,4800,2023-07-27,Kolkata,East,Suresh Iyer,Cash on Delivery,Cancelled
2966,Meera Joshi,Tablet,Electronics,8,32000,256000,2023-07-06,Pune,West,Priya Nair,Cash on Delivery,Shipped
2967,Pooja Gupta,Printer,Electronics,4,12000,48000,2023-04-22,Chennai,South,Meera Patel,UPI,Processing
2968,Meera Joshi,Tablet,Electronics,14,32000,448000,2023-07-29,Ahmedabad,West,Deepak Joshi,UPI,Cancelled
2969,Vikram Iyer,Keyboard,Accessories,2,1200,2400,2023-10-05,Jaipur,North,Kavya Reddy,Net Banking,Cancelled
2970,Rahul Mishra,Laptop,Electronics,4,45000,180000,2023-06-22,Chennai,South,Ravi Kumar,Cash on Delivery,Cancelled
2971,Sneha Reddy,Keyboard,Accessories,1,1200,1200,2023-12-22,Jaipur,North,Suresh Iyer,UPI,Processing
2972,Ananya Das,Speaker,Electronics,11,4500,49500,2023-07-25,Bangalore,South,Meera Patel,UPI,Cancelled
2973,Suresh Rao,Webcam,Accessories,4,2500,10000,2023-03-08,Jaipur,North,Kavya Reddy,Net Banking,Delivered
2974,Ramesh Kumar,Monitor,Electronics,2,22000,44000,2023-01-11,Delhi,North,Anil Sharma,Net Banking,Delivered
2975,Sneha Reddy,Webcam,Accessories,4,2500,10000,2023-03-19,Kolkata,East,Deepak Joshi,Credit Card,Processing
2976,Divya Singh,Speaker,Electronics,10,4500,45000,2023-08-17,Kolkata,East,Priya Nair,UPI,Processing
2977,Amit Verma,Headphones,Electronics,13,3500,45500,2023-10-15,Delhi,North,Ravi Kumar,UPI,Cancelled
2978,Kiran Kumar,Monitor,Electronics,15,22000,330000,2023-11-13,Ahmedabad,West,Ravi Kumar,Cash on Delivery,Processing
2979,Tanvi Mehta,Mouse,Accessories,11,800,8800,2023-03-17,Delhi,North,Kavya Reddy,Credit Card,Delivered
2980,Divya Singh,Keyboard,Accessories,8,1200,9600,2023-07-14,Pune,West,Ravi Kumar,Credit Card,Processing
2981,Divya Singh,Tablet,Electronics,10,32000,320000,2023-04-04,Surat,West,Anil Sharma,Cash on Delivery,Processing
2982,Priya Patel,Webcam,Accessories,15,2500,37500,2023-07-09,Delhi,North,Ravi Kumar,UPI,Processing
2983,Sneha Reddy,USB Hub,Accessories,2,600,1200,2023-12-09,Bangalore,South,Priya Nair,Net Banking,Delivered
2984,Ramesh Kumar,Webcam,Accessories,13,2500,32500,2023-09-11,Surat,West,Suresh Iyer,UPI,Processing
2985,Rahul Mishra,Headphones,Electronics,9,3500,31500,2023-05-24,Chennai,South,Anil Sharma,Cash on Delivery,Processing
2986,Pooja Gupta,Keyboard,Accessories,11,1200,13200,2023-05-03,Mumbai,West,Deepak Joshi,Net Banking,Cancelled
2987,Pooja Gupta,USB Hub,Accessories,1,600,600,2023-05-20,Kolkata,East,Kavya Reddy,Credit Card,Processing
2988,Ramesh Kumar,Printer,Electronics,3,12000,36000,2023-11-16,Mumbai,West,Anil Sharma,Net Banking,Cancelled
2989,Ramesh Kumar,Mouse,Accessories,7,800,5600,2023-07-18,Jaipur,North,Deepak Joshi,Cash on Delivery,Processing
2990,Kiran Kumar,Webcam,Accessories,14,2500,35000,2023-08-06,Ahmedabad,West,Priya Nair,UPI,Processing
2991,Arjun Nair,Headphones,Electronics,4,3500,14000,2023-09-08,Ahmedabad,West,Deepak Joshi,Credit Card,Cancelled
2992,Tanvi Mehta,Monitor,Electronics,14,22000,308000,2023-09-18,Kolkata,East,Sunita Rao,Credit Card,Shipped
2993,Meera Joshi,Monitor,Electronics,2,22000,44000,2023-04-01,Chennai,South,Sunita Rao,UPI,Shipped
2994,Pooja Gupta,Monitor,Electronics,1,22000,22000,2023-01-07,Delhi,North,Priya Nair,Credit Card,Shipped
2995,Suresh Rao,Speaker,Electronics,11,4500,49500,2023-06-19,Jaipur,North,Sunita Rao,Credit Card,Delivered
2996,Amit Verma,Keyboard,Accessories,15,1200,18000,2023-02-11,Chennai,South,Sunita Rao,Credit Card,Delivered
2997,Pooja Gupta,USB Hub,Accessories,4,600,2400,2023-01-26,Chennai,South,Sunita Rao,Cash on Delivery,Processing
2998,Pooja Gupta,Printer,Electronics,8,12000,96000,2023-04-12,Chennai,South,Kavya Reddy,UPI,Cancelled
2999,Divya Singh,Headphones,Electronics,14,3500,49000,2023-02-01,Surat,West,Ravi Kumar,Credit Card,Delivered
3000,Tanvi Mehta,Keyboard,Accessories,5,1200,6000,2023-03-15,Chennai,South,Meera Patel,Credit Card,Delivered
3001,Suresh Rao,Mouse,Accessories,14,800,11200,2023-06-14,Bangalore,South,Meera Patel,UPI,Cancelled
3002,Rahul Mishra,Speaker,Electronics,10,4500,45000,2023-07-31,Hyderabad,South,Deepak Joshi,UPI,Cancelled
3003,Rahul Mishra,Headphones,Electronics,12,3500,42000,2023-05-04,Kolkata,East,Anil Sharma,Net Banking,Processing
3004,Divya Singh,Keyboard,Accessories,1,1200,1200,2023-02-02,Delhi,North,Priya Nair,Credit Card,Cancelled
3005,Priya Patel,Monitor,Electronics,1,22000,22000,2023-12-12,Jaipur,North,Priya Nair,Net Banking,Delivered
3006,Divya Singh,Speaker,Electronics,12,4500,54000,2023-06-13,Hyderabad,South,Priya Nair,Cash on Delivery,Processing
3007,Meera Joshi,Tablet,Electronics,13,32000,416000,2023-09-08,Hyderabad,South,Meera Patel,UPI,Shipped
3008,Tanvi Mehta,Laptop,Electronics,7,45000,315000,2023-08-27,Kolkata,East,Kavya Reddy,Net Banking,Cancelled
3009,Amit Verma,Tablet,Electronics,8,32000,256000,2023-03-20,Jaipur,North,Suresh Iyer,Cash on Delivery,Delivered
3010,Amit Verma,Keyboard,Accessories,7,1200,8400,2023-11-20,Kolkata,East,Suresh Iyer,Net Banking,Delivered
3011,Amit Verma,USB Hub,Accessories,3,600,1800,2023-10-31,Bangalore,South,Meera Patel,Credit Card,Delivered
3012,Meera Joshi,USB Hub,Accessories,3,600,1800,2023-05-19,Jaipur,North,Meera Patel,Credit Card,Cancelled
3013,Arjun Nair,USB Hub,Accessories,5,600,3000,2023-10-09,Bangalore,South,Meera Patel,UPI,Cancelled
3014,Kavya Nambiar,Speaker,Electronics,7,4500,31500,2023-08-11,Jaipur,North,Ravi Kumar,Cash on Delivery,Delivered
3015,Pooja Gupta,Webcam,Accessories,2,2500,5000,2023-06-15,Delhi,North,Kavya Reddy,Net Banking,Shipped
3016,Kiran Kumar,Mouse,Accessories,8,800,6400,2023-04-21,Ahmedabad,West,Kavya Reddy,Credit Card,Processing
3017,Vikram Iyer,Keyboard,Accessories,11,1200,13200,2023-06-09,Kolkata,East,Suresh Iyer,Credit Card,Shipped
3018,Suresh Rao,Printer,Electronics,6,12000,72000,2023-07-11,Hyderabad,South,Ravi Kumar,Net Banking,Cancelled
3019,Kiran Kumar,Monitor,Electronics,8,22000,176000,2023-07-09,Mumbai,West,Meera Patel,UPI,Processing
3020,Suresh Rao,Mouse,Accessories,11,800,8800,2023-09-01,Kolkata,East,Deepak Joshi,Net Banking,Processing
3021,Ananya Das,Mouse,Accessories,6,800,4800,2023-11-20,Bangalore,South,Meera Patel,UPI,Shipped
3022,Meera Joshi,Tablet,Electronics,8,32000,256000,2023-01-10,Surat,West,Sunita Rao,Cash on Delivery,Shipped
3023,Divya Singh,Speaker,Electronics,2,4500,9000,2023-09-28,Kolkata,East,Kavya Reddy,Net Banking,Delivered
3024,Suresh Rao,Tablet,Electronics,13,32000,416000,2023-04-09,Pune,West,Deepak Joshi,UPI,Processing
3025,Vikram Iyer,Laptop,Electronics,4,45000,180000,2023-04-25,Jaipur,North,Anil Sharma,Net Banking,Processing
3026,Suresh Rao,Speaker,Electronics,9,4500,40500,2023-03-16,Jaipur,North,Deepak Joshi,Net Banking,Cancelled
3027,Sneha Reddy,Webcam,Accessories,15,2500,37500,2023-10-02,Surat,West,Meera Patel,Credit Card,Processing
3028,Arjun Nair,Laptop,Electronics,9,45000,405000,2023-09-16,Chennai,South,Meera Patel,Cash on Delivery,Cancelled
3029,Amit Verma,Laptop,Electronics,5,45000,225000,2023-04-15,Hyderabad,South,Deepak Joshi,Credit Card,Delivered
3030,Suresh Rao,USB Hub,Accessories,6,600,3600,2023-08-27,Delhi,North,Ravi Kumar,Cash on Delivery,Cancelled
3031,Suresh Rao,Printer,Electronics,10,12000,120000,2023-08-16,Bangalore,South,Priya Nair,Credit Card,Processing
3032,Ananya Das,Tablet,Electronics,4,32000,128000,2023-12-28,Hyderabad,South,Kavya Reddy,Net Banking,Shipped
3033,Priya Patel,Speaker,Electronics,6,4500,27000,2023-01-09,Bangalore,South,Anil Sharma,Net Banking,Cancelled
3034,Rahul Mishra,Webcam,Accessories,6,2500,15000,2023-07-12,Bangalore,South,Anil Sharma,Cash on Delivery,Processing
3035,Kavya Nambiar,USB Hub,Accessories,6,600,3600,2023-11-10,Bangalore,South,Anil Sharma,Net Banking,Processing
3036,Ramesh Kumar,Speaker,Electronics,1,4500,4500,2023-09-19,Surat,West,Ravi Kumar,Cash on Delivery,Delivered
3037,Rahul Mishra,Monitor,Electronics,3,22000,66000,2023-02-22,Bangalore,South,Ravi Kumar,UPI,Delivered
3038,Kiran Kumar,Webcam,Accessories,6,2500,15000,2023-02-11,Kolkata,East,Priya Nair,Credit Card,Cancelled
3039,Kiran Kumar,USB Hub,Accessories,1,600,600,2023-09-26,Ahmedabad,West,Suresh Iyer,UPI,Delivered
3040,Suresh Rao,Mouse,Accessories,3,800,2400,2023-03-01,Jaipur,North,Deepak Joshi,UPI,Shipped
3041,Vikram Iyer,Laptop,Electronics,1,45000,45000,2023-01-27,Ahmedabad,West,Meera Patel,Cash on Delivery,Delivered
3042,Amit Verma,Laptop,Electronics,13,45000,585000,2023-04-30,Chennai,South,Ravi Kumar,Net Banking,Processing
3043,Suresh Rao,USB Hub,Accessories,1,600,600,2023-09-19,Pune,West,Deepak Joshi,Cash on Delivery,Delivered
3044,Sneha Reddy,USB Hub,Accessories,2,600,1200,2023-01-21,Ahmedabad,West,Anil Sharma,UPI,Shipped
3045,Pooja Gupta,Speaker,Electronics,1,4500,4500,2023-06-28,Jaipur,North,Sunita Rao,Net Banking,Shipped
3046,Ramesh Kumar,USB Hub,Accessories,3,600,1800,2023-10-02,Chennai,South,Deepak Joshi,Net Banking,Processing
3047,Suresh Rao,Printer,Electronics,3,12000,36000,2023-04-14,Pune,West,Deepak Joshi,Net Banking,Shipped
3048,Vikram Iyer,Webcam,Accessories,7,2500,17500,2023-03-03,Hyderabad,South,Deepak Joshi,Cash on Delivery,Delivered
3049,Rahul Mishra,Tablet,Electronics,11,32000,352000,2023-12-10,Surat,West,Suresh Iyer,UPI,Shipped
3050,Pooja Gupta,Monitor,Electronics,7,22000,154000,2023-02-24,Mumbai,West,Meera Patel,UPI,Processing
3051,Meera Joshi,Mouse,Accessories,14,800,11200,2023-06-05,Surat,West,Kavya Reddy,Credit Card,Shipped
3052,Ramesh Kumar,Speaker,Electronics,4,4500,18000,2023-09-19,Hyderabad,South,Deepak Joshi,Credit Card,Shipped
3053,Pooja Gupta,Keyboard,Accessories,4,1200,4800,2023-09-13,Kolkata,East,Suresh Iyer,Net Banking,Cancelled
3054,Tanvi Mehta,USB Hub,Accessories,13,600,7800,2023-03-26,Surat,West,Kavya Reddy,Cash on Delivery,Processing
3055,Tanvi Mehta,Mouse,Accessories,10,800,8000,2023-02-24,Delhi,North,Anil Sharma,Credit Card,Delivered
3056,Arjun Nair,Laptop,Electronics,15,45000,675000,2023-01-01,Hyderabad,South,Kavya Reddy,Cash on Delivery,Shipped
3057,Vikram Iyer,Monitor,Electronics,6,22000,132000,2023-04-21,Mumbai,West,Meera Patel,Cash on Delivery,Processing
3058,Ramesh Kumar,Monitor,Electronics,7,22000,154000,2023-12-01,Hyderabad,South,Deepak Joshi,Credit Card,Delivered
3059,Tanvi Mehta,Headphones,Electronics,5,3500,17500,2023-08-22,Bangalore,South,Meera Patel,Credit Card,Delivered
3060,Priya Patel,Tablet,Electronics,1,32000,32000,2023-02-27,Bangalore,South,Meera Patel,Cash on Delivery,Processing
3061,Divya Singh,Headphones,Electronics,12,3500,42000,2023-10-16,Mumbai,West,Sunita Rao,UPI,Shipped
3062,Ramesh Kumar,Monitor,Electronics,11,22000,242000,2023-07-13,Pune,West,Anil Sharma,Cash on Delivery,Cancelled
3063,Ananya Das,Tablet,Electronics,3,32000,96000,2023-01-07,Pune,West,Anil Sharma,Credit Card,Processing
3064,Ramesh Kumar,Headphones,Electronics,4,3500,14000,2023-05-17,Jaipur,North,Deepak Joshi,UPI,Shipped
3065,Kavya Nambiar,Tablet,Electronics,11,32000,352000,2023-01-23,Mumbai,West,Suresh Iyer,Cash on Delivery,Shipped
3066,Ananya Das,Laptop,Electronics,6,45000,270000,2023-02-15,Hyderabad,South,Priya Nair,Cash on Delivery,Cancelled
3067,Tanvi Mehta,Printer,Electronics,6,12000,72000,2023-12-04,Bangalore,South,Priya Nair,UPI,Processing
3068,Kiran Kumar,Webcam,Accessories,3,2500,7500,2023-10-25,Pune,West,Priya Nair,Cash on Delivery,Processing
3069,Suresh Rao,Headphones,Electronics,14,3500,49000,2023-12-11,Bangalore,South,Kavya Reddy,Cash on Delivery,Processing
3070,Tanvi Mehta,USB Hub,Accessories,10,600,6000,2023-05-10,Delhi,North,Ravi Kumar,Net Banking,Processing
3071,Kavya Nambiar,Tablet,Electronics,13,32000,416000,2023-10-04,Jaipur,North,Ravi Kumar,Credit Card,Processing
3072,Rahul Mishra,Printer,Electronics,10,12000,120000,2023-06-24,Bangalore,South,Ravi Kumar,UPI,Shipped
3073,Tanvi Mehta,USB Hub,Accessories,14,600,8400,2023-08-03,Delhi,North,Sunita Rao,Credit Card,Delivered
3074,Vikram Iyer,Speaker,Electronics,5,4500,22500,2023-10-09,Mumbai,West,Ravi Kumar,UPI,Processing
3075,Rahul Mishra,Tablet,Electronics,6,32000,192000,2023-07-11,Delhi,North,Suresh Iyer,Cash on Delivery,Shipped
3076,Pooja Gupta,Speaker,Electronics,12,4500,54000,2023-07-28,Kolkata,East,Sunita Rao,UPI,Cancelled
3077,Tanvi Mehta,Keyboard,Accessories,12,1200,14400,2023-01-01,Chennai,South,Sunita Rao,Cash on Delivery,Shipped
3078,Arjun Nair,Monitor,Electronics,4,22000,88000,2023-07-27,Hyderabad,South,Meera Patel,Credit Card,Shipped
3079,Priya Patel,Laptop,Electronics,1,45000,45000,2023-06-01,Mumbai,West,Meera Patel,UPI,Delivered
3080,Kiran Kumar,Monitor,Electronics,8,22000,176000,2023-03-02,Hyderabad,South,Priya Nair,Cash on Delivery,Delivered
3081,Meera Joshi,Speaker,Electronics,6,4500,27000,2023-07-18,Hyderabad,South,Meera Patel,Net Banking,Cancelled
3082,Vikram Iyer,Speaker,Electronics,15,4500,67500,2023-09-02,Surat,West,Anil Sharma,Cash on Delivery,Delivered
3083,Arjun Nair,Tablet,Electronics,6,32000,192000,2023-01-16,Kolkata,East,Kavya Reddy,Cash on Delivery,Delivered
3084,Vikram Iyer,USB Hub,Accessories,10,600,6000,2023-06-29,Surat,West,Kavya Reddy,Credit Card,Cancelled
3085,Divya Singh,Laptop,Electronics,13,45000,585000,2023-02-14,Jaipur,North,Deepak Joshi,Credit Card,Delivered
3086,Pooja Gupta,Mouse,Accessories,8,800,6400,2023-07-14,Delhi,North,Priya Nair,UPI,Cancelled
3087,Suresh Rao,Laptop,Electronics,5,45000,225000,2023-10-10,Kolkata,East,Kavya Reddy,UPI,Cancelled
3088,Ananya Das,Monitor,Electronics,11,22000,242000,2023-03-07,Mumbai,West,Anil Sharma,Cash on Delivery,Delivered
3089,Pooja Gupta,Printer,Electronics,8,12000,96000,2023-05-21,Bangalore,South,Suresh Iyer,Credit Card,Processing
3090,Divya Singh,Speaker,Electronics,12,4500,54000,2023-09-22,Delhi,North,Ravi Kumar,Cash on Delivery,Processing
3091,Meera Joshi,Keyboard,Accessories,5,1200,6000,2023-11-04,Mumbai,West,Suresh Iyer,Credit Card,Shipped
3092,Sneha Reddy,Monitor,Electronics,8,22000,176000,2023-09-06,Chennai,South,Anil Sharma,Cash on Delivery,Shipped
3093,Sneha Reddy,USB Hub,Accessories,5,600,3000,2023-04-04,Mumbai,West,Priya Nair,Cash on Delivery,Shipped
3094,Amit Verma,Tablet,Electronics,2,32000,64000,2023-03-26,Delhi,North,Ravi Kumar,Credit Card,Cancelled
3095,Kiran Kumar,Tablet,Electronics,13,32000,416000,2023-12-24,Kolkata,East,Anil Sharma,Net Banking,Delivered
3096,Kiran Kumar,USB Hub,Accessories,1,600,600,2023-05-23,Jaipur,North,Suresh Iyer,Credit Card,Delivered
3097,Meera Joshi,Monitor,Electronics,15,22000,330000,2023-12-07,Hyderabad,South,Kavya Reddy,Cash on Delivery,Shipped
3098,Priya Patel,Keyboard,Accessories,1,1200,1200,2023-03-24,Delhi,North,Ravi Kumar,UPI,Cancelled
3099,Divya Singh,Printer,Electronics,9,12000,108000,2023-05-15,Kolkata,East,Sunita Rao,UPI,Cancelled
3100,Sneha Reddy,Monitor,Electronics,1,22000,22000,2023-04-29,Ahmedabad,West,Ravi Kumar,Net Banking,Shipped
3101,Rahul Mishra,USB Hub,Accessories,6,600,3600,2023-01-31,Mumbai,West,Anil Sharma,Credit Card,Processing
3102,Tanvi Mehta,Speaker,Electronics,1,4500,4500,2023-06-05,Ahmedabad,West,Ravi Kumar,Net Banking,Shipped
3103,Divya Singh,Tablet,Electronics,4,32000,128000,2023-12-06,Chennai,South,Kavya Reddy,Cash on Delivery,Shipped
3104,Vikram Iyer,Monitor,Electronics,7,22000,154000,2023-10-11,Bangalore,South,Sunita Rao,UPI,Shipped
3105,Divya Singh,Printer,Electronics,14,12000,168000,2023-02-04,Bangalore,South,Sunita Rao,UPI,Shipped
3106,Kiran Kumar,USB Hub,Accessories,4,600,2400,2023-05-15,Kolkata,East,Anil Sharma,Cash on Delivery,Delivered
3107,Vikram Iyer,Webcam,Accessories,1,2500,2500,2023-04-09,Pune,West,Priya Nair,Cash on Delivery,Cancelled
3108,Divya Singh,Speaker,Electronics,12,4500,54000,2023-03-07,Chennai,South,Suresh Iyer,UPI,Shipped
3109,Suresh Rao,Speaker,Electronics,5,4500,22500,2023-09-12,Ahmedabad,West,Sunita Rao,Cash on Delivery,Delivered
3110,Pooja Gupta,USB Hub,Accessories,9,600,5400,2023-02-13,Delhi,North,Ravi Kumar,Credit Card,Processing
3111,Vikram Iyer,Headphones,Electronics,5,3500,17500,2023-08-26,Pune,West,Priya Nair,Net Banking,Processing
3112,Kiran Kumar,Headphones,Electronics,9,3500,31500,2023-09-07,Jaipur,North,Ravi Kumar,Cash on Delivery,Processing
3113,Rahul Mishra,Monitor,Electronics,6,22000,132000,2023-09-30,Jaipur,North,Sunita Rao,Net Banking,Processing
3114,Sneha Reddy,Headphones,Electronics,10,3500,35000,2023-09-20,Hyderabad,South,Priya Nair,Net Banking,Shipped
3115,Sneha Reddy,Speaker,Electronics,6,4500,27000,2023-06-06,Chennai,South,Priya Nair,Cash on Delivery,Processing
3116,Vikram Iyer,Headphones,Electronics,7,3500,24500,2023-12-09,Surat,West,Meera Patel,UPI,Processing
3117,Rahul Mishra,Mouse,Accessories,12,800,9600,2023-10-05,Kolkata,East,Priya Nair,UPI,Cancelled
3118,Pooja Gupta,Speaker,Electronics,3,4500,13500,2023-03-02,Ahmedabad,West,Deepak Joshi,UPI,Shipped
3119,Suresh Rao,Speaker,Electronics,3,4500,13500,2023-11-28,Kolkata,East,Kavya Reddy,Net Banking,Shipped
3120,Tanvi Mehta,USB Hub,Accessories,12,600,7200,2023-05-19,Jaipur,North,Kavya Reddy,Net Banking,Shipped
3121,Priya Patel,Headphones,Electronics,2,3500,7000,2023-05-10,Surat,West,Suresh Iyer,Cash on Delivery,Delivered
3122,Tanvi Mehta,Monitor,Electronics,13,22000,286000,2023-05-11,Chennai,South,Kavya Reddy,Cash on Delivery,Processing
3123,Arjun Nair,Printer,Electronics,7,12000,84000,2023-04-12,Surat,West,Anil Sharma,Cash on Delivery,Cancelled
3124,Kiran Kumar,Speaker,Electronics,8,4500,36000,2023-08-12,Delhi,North,Priya Nair,Credit Card,Shipped
3125,Ramesh Kumar,Keyboard,Accessories,6,1200,7200,2023-01-28,Delhi,North,Sunita Rao,Net Banking,Delivered
3126,Suresh Rao,Printer,Electronics,5,12000,60000,2023-03-07,Ahmedabad,West,Sunita Rao,Cash on Delivery,Shipped
3127,Priya Patel,Laptop,Electronics,1,45000,45000,2023-01-06,Surat,West,Priya Nair,Net Banking,Processing
3128,Ananya Das,USB Hub,Accessories,4,600,2400,2023-04-23,Chennai,South,Deepak Joshi,Net Banking,Shipped
3129,Meera Joshi,Keyboard,Accessories,9,1200,10800,2023-10-27,Mumbai,West,Meera Patel,UPI,Cancelled
3130,Amit Verma,Mouse,Accessories,10,800,8000,2023-01-09,Ahmedabad,West,Sunita Rao,Net Banking,Cancelled
3131,Sneha Reddy,Monitor,Electronics,4,22000,88000,2023-07-28,Delhi,North,Meera Patel,Cash on Delivery,Shipped
3132,Ramesh Kumar,Keyboard,Accessories,5,1200,6000,2023-02-24,Chennai,South,Meera Patel,Net Banking,Cancelled
3133,Divya Singh,Speaker,Electronics,14,4500,63000,2023-07-17,Surat,West,Meera Patel,UPI,Delivered
3134,Divya Singh,Monitor,Electronics,12,22000,264000,2023-08-16,Pune,West,Ravi Kumar,Cash on Delivery,Cancelled
3135,Sneha Reddy,Laptop,Electronics,13,45000,585000,2023-05-20,Ahmedabad,West,Kavya Reddy,Cash on Delivery,Processing
3136,Ananya Das,Webcam,Accessories,8,2500,20000,2023-09-17,Mumbai,West,Suresh Iyer,Cash on Delivery,Shipped
3137,Ananya Das,Webcam,Accessories,12,2500,30000,2023-02-09,Bangalore,South,Suresh Iyer,UPI,Cancelled
3138,Kiran Kumar,Mouse,Accessories,6,800,4800,2023-06-30,Chennai,South,Deepak Joshi,UPI,Processing
3139,Ramesh Kumar,Mouse,Accessories,10,800,8000,2023-08-29,Pune,West,Meera Patel,Credit Card,Cancelled
3140,Meera Joshi,Laptop,Electronics,10,45000,450000,2023-06-26,Pune,West,Suresh Iyer,Credit Card,Cancelled
3141,Priya Patel,USB Hub,Accessories,15,600,9000,2023-08-06,Jaipur,North,Suresh Iyer,Net Banking,Processing
3142,Divya Singh,Mouse,Accessories,6,800,4800,2023-05-14,Hyderabad,South,Ravi Kumar,UPI,Shipped
3143,Suresh Rao,Speaker,Electronics,10,4500,45000,2023-09-29,Ahmedabad,West,Meera Patel,Credit Card,Cancelled
3144,Priya Patel,Webcam,Accessories,13,2500,32500,2023-04-28,Mumbai,West,Ravi Kumar,Credit Card,Delivered
3145,Divya Singh,Headphones,Electronics,9,3500,31500,2023-05-11,Delhi,North,Ravi Kumar,Net Banking,Shipped
3146,Sneha Reddy,USB Hub,Accessories,14,600,8400,2023-04-06,Hyderabad,South,Suresh Iyer,Net Banking,Shipped
3147,Ananya Das,Printer,Electronics,4,12000,48000,2023-02-17,Delhi,North,Anil Sharma,UPI,Processing
3148,Sneha Reddy,Printer,Electronics,7,12000,84000,2023-03-27,Jaipur,North,Anil Sharma,UPI,Delivered
3149,Rahul Mishra,Monitor,Electronics,5,22000,110000,2023-04-02,Delhi,North,Sunita Rao,Cash on Delivery,Processing
3150,Sneha Reddy,Keyboard,Accessories,9,1200,10800,2023-04-06,Bangalore,South,Anil Sharma,Net Banking,Shipped
3151,Rahul Mishra,Headphones,Electronics,14,3500,49000,2023-01-11,Ahmedabad,West,Anil Sharma,Cash on Delivery,Shipped
3152,Kavya Nambiar,Keyboard,Accessories,8,1200,9600,2023-03-21,Mumbai,West,Ravi Kumar,UPI,Processing
3153,Divya Singh,Speaker,Electronics,8,4500,36000,2023-05-06,Hyderabad,South,Ravi Kumar,Credit Card,Shipped
3154,Priya Patel,Keyboard,Accessories,13,1200,15600,2023-01-22,Surat,West,Suresh Iyer,UPI,Delivered
3155,Vikram Iyer,Headphones,Electronics,9,3500,31500,2023-09-08,Jaipur,North,Suresh Iyer,Cash on Delivery,Cancelled
3156,Ananya Das,Printer,Electronics,13,12000,156000,2023-11-07,Kolkata,East,Suresh Iyer,Net Banking,Cancelled
3157,Amit Verma,Keyboard,Accessories,14,1200,16800,2023-09-13,Ahmedabad,West,Anil Sharma,UPI,Delivered
3158,Priya Patel,Speaker,Electronics,14,4500,63000,2023-06-02,Kolkata,East,Suresh Iyer,Cash on Delivery,Cancelled
3159,Divya Singh,Headphones,Electronics,1,3500,3500,2023-06-11,Kolkata,East,Meera Patel,Credit Card,Shipped
3160,Suresh Rao,USB Hub,Accessories,8,600,4800,2023-10-30,Bangalore,South,Ravi Kumar,Net Banking,Cancelled
3161,Tanvi Mehta,Mouse,Accessories,1,800,800,2023-04-27,Bangalore,South,Kavya Reddy,Net Banking,Cancelled
3162,Meera Joshi,USB Hub,Accessories,12,600,7200,2023-08-27,Jaipur,North,Meera Patel,Cash on Delivery,Shipped
3163,Tanvi Mehta,USB Hub,Accessories,4,600,2400,2023-03-16,Mumbai,West,Sunita Rao,Net Banking,Processing
3164,Tanvi Mehta,Laptop,Electronics,8,45000,360000,2023-07-17,Kolkata,East,Suresh Iyer,Credit Card,Processing
3165,Ramesh Kumar,Webcam,Accessories,9,2500,22500,2023-09-02,Ahmedabad,West,Kavya Reddy,Credit Card,Processing
3166,Amit Verma,Webcam,Accessories,5,2500,12500,2023-09-17,Chennai,South,Anil Sharma,Credit Card,Shipped
3167,Rahul Mishra,Printer,Electronics,1,12000,12000,2023-01-13,Hyderabad,South,Meera Patel,Net Banking,Delivered
3168,Divya Singh,Tablet,Electronics,6,32000,192000,2023-11-10,Pune,West,Priya Nair,Net Banking,Processing
3169,Ananya Das,Webcam,Accessories,13,2500,32500,2023-09-22,Mumbai,West,Sunita Rao,Cash on Delivery,Cancelled
3170,Suresh Rao,USB Hub,Accessories,1,600,600,2023-12-08,Ahmedabad,West,Sunita Rao,UPI,Cancelled
3171,Arjun Nair,Webcam,Accessories,12,2500,30000,2023-11-22,Jaipur,North,Ravi Kumar,UPI,Shipped
3172,Kiran Kumar,Monitor,Electronics,7,22000,154000,2023-05-22,Surat,West,Meera Patel,Credit Card,Delivered
3173,Kiran Kumar,Headphones,Electronics,3,3500,10500,2023-04-10,Mumbai,West,Meera Patel,Cash on Delivery,Shipped
3174,Tanvi Mehta,USB Hub,Accessories,10,600,6000,2023-05-11,Ahmedabad,West,Meera Patel,Credit Card,Delivered
3175,Suresh Rao,Keyboard,Accessories,5,1200,6000,2023-09-05,Mumbai,West,Sunita Rao,UPI,Cancelled
3176,Vikram Iyer,Keyboard,Accessories,2,1200,2400,2023-02-10,Jaipur,North,Kavya Reddy,Net Banking,Processing
3177,Rahul Mishra,Tablet,Electronics,10,32000,320000,2023-10-13,Hyderabad,South,Priya Nair,Net Banking,Shipped
3178,Suresh Rao,Speaker,Electronics,11,4500,49500,2023-05-23,Ahmedabad,West,Meera Patel,UPI,Delivered
3179,Rahul Mishra,USB Hub,Accessories,5,600,3000,2023-06-18,Jaipur,North,Deepak Joshi,Cash on Delivery,Cancelled
3180,Priya Patel,Laptop,Electronics,5,45000,225000,2023-05-12,Surat,West,Ravi Kumar,UPI,Shipped
3181,Tanvi Mehta,Mouse,Accessories,15,800,12000,2023-03-20,Jaipur,North,Sunita Rao,Net Banking,Cancelled
3182,Arjun Nair,USB Hub,Accessories,10,600,6000,2023-06-19,Pune,West,Sunita Rao,UPI,Shipped
3183,Priya Patel,Speaker,Electronics,15,4500,67500,2023-12-06,Jaipur,North,Priya Nair,Credit Card,Cancelled
3184,Divya Singh,USB Hub,Accessories,3,600,1800,2023-08-01,Pune,West,Anil Sharma,Net Banking,Processing
3185,Tanvi Mehta,Monitor,Electronics,4,22000,88000,2023-09-07,Hyderabad,South,Kavya Reddy,Cash on Delivery,Shipped
3186,Arjun Nair,USB Hub,Accessories,14,600,8400,2023-05-01,Pune,West,Meera Patel,UPI,Processing
3187,Kiran Kumar,Keyboard,Accessories,6,1200,7200,2023-10-31,Surat,West,Sunita Rao,Credit Card,Delivered
3188,Kiran Kumar,Monitor,Electronics,3,22000,66000,2023-10-04,Mumbai,West,Kavya Reddy,Credit Card,Shipped
3189,Ramesh Kumar,Laptop,Electronics,8,45000,360000,2023-04-01,Mumbai,West,Ravi Kumar,Net Banking,Processing
3190,Amit Verma,Webcam,Accessories,2,2500,5000,2023-01-21,Surat,West,Deepak Joshi,Net Banking,Delivered
3191,Ananya Das,Laptop,Electronics,2,45000,90000,2023-01-21,Surat,West,Anil Sharma,UPI,Shipped
3192,Ananya Das,USB Hub,Accessories,2,600,1200,2023-05-17,Jaipur,North,Deepak Joshi,Credit Card,Processing
3193,Kavya Nambiar,Keyboard,Accessories,8,1200,9600,2023-11-07,Delhi,North,Deepak Joshi,UPI,Delivered
3194,Arjun Nair,Tablet,Electronics,4,32000,128000,2023-12-19,Surat,West,Anil Sharma,Cash on Delivery,Processing
3195,Meera Joshi,Keyboard,Accessories,13,1200,15600,2023-08-20,Jaipur,North,Deepak Joshi,Net Banking,Cancelled
3196,Vikram Iyer,USB Hub,Accessories,13,600,7800,2023-06-08,Chennai,South,Priya Nair,UPI,Shipped
3197,Ramesh Kumar,Tablet,Electronics,12,32000,384000,2023-03-21,Bangalore,South,Sunita Rao,Credit Card,Delivered
3198,Amit Verma,Keyboard,Accessories,8,1200,9600,2023-03-06,Delhi,North,Sunita Rao,Net Banking,Processing
3199,Kiran Kumar,Webcam,Accessories,4,2500,10000,2023-09-04,Surat,West,Suresh Iyer,Credit Card,Processing
3200,Meera Joshi,Mouse,Accessories,11,800,8800,2023-01-18,Jaipur,North,Ravi Kumar,Cash on Delivery,Shipped
3201,Kavya Nambiar,Webcam,Accessories,1,2500,2500,2023-01-17,Delhi,North,Deepak Joshi,Cash on Delivery,Shipped
3202,Suresh Rao,Tablet,Electronics,11,32000,352000,2023-07-23,Jaipur,North,Priya Nair,Cash on Delivery,Shipped
3203,Tanvi Mehta,Webcam,Accessories,11,2500,27500,2023-06-11,Pune,West,Ravi Kumar,Credit Card,Shipped
3204,Tanvi Mehta,Headphones,Electronics,2,3500,7000,2023-09-07,Pune,West,Priya Nair,UPI,Delivered
3205,Divya Singh,Keyboard,Accessories,9,1200,10800,2023-11-06,Chennai,South,Deepak Joshi,UPI,Shipped
3206,Vikram Iyer,USB Hub,Accessories,13,600,7800,2023-01-05,Mumbai,West,Priya Nair,Net Banking,Processing
3207,Suresh Rao,Webcam,Accessories,2,2500,5000,2023-09-05,Mumbai,West,Meera Patel,UPI,Shipped
3208,Kiran Kumar,Webcam,Accessories,5,2500,12500,2023-09-29,Ahmedabad,West,Meera Patel,Cash on Delivery,Delivered
3209,Rahul Mishra,Tablet,Electronics,9,32000,288000,2023-05-29,Surat,West,Kavya Reddy,Credit Card,Processing
3210,Vikram Iyer,Webcam,Accessories,7,2500,17500,2023-10-29,Mumbai,West,Sunita Rao,Cash on Delivery,Cancelled
3211,Tanvi Mehta,Tablet,Electronics,10,32000,320000,2023-04-29,Surat,West,Priya Nair,UPI,Cancelled
3212,Kavya Nambiar,Headphones,Electronics,15,3500,52500,2023-11-30,Hyderabad,South,Anil Sharma,UPI,Processing
3213,Sneha Reddy,USB Hub,Accessories,1,600,600,2023-09-29,Hyderabad,South,Anil Sharma,UPI,Cancelled
3214,Ramesh Kumar,Mouse,Accessories,1,800,800,2023-08-09,Pune,West,Sunita Rao,Net Banking,Cancelled
3215,Suresh Rao,Laptop,Electronics,14,45000,630000,2023-11-24,Ahmedabad,West,Deepak Joshi,Credit Card,Cancelled
3216,Rahul Mishra,Speaker,Electronics,9,4500,40500,2023-12-05,Chennai,South,Deepak Joshi,Credit Card,Shipped
3217,Amit Verma,USB Hub,Accessories,12,600,7200,2023-06-18,Ahmedabad,West,Meera Patel,Credit Card,Cancelled
3218,Divya Singh,Monitor,Electronics,11,22000,242000,2023-05-06,Kolkata,East,Anil Sharma,Credit Card,Shipped
3219,Vikram Iyer,Headphones,Electronics,11,3500,38500,2023-05-30,Bangalore,South,Deepak Joshi,Cash on Delivery,Shipped
3220,Meera Joshi,USB Hub,Accessories,12,600,7200,2023-03-25,Chennai,South,Sunita Rao,Net Banking,Processing
3221,Priya Patel,Printer,Electronics,11,12000,132000,2023-02-05,Ahmedabad,West,Ravi Kumar,Credit Card,Delivered
3222,Amit Verma,Mouse,Accessories,13,800,10400,2023-05-19,Delhi,North,Sunita Rao,Cash on Delivery,Processing
3223,Divya Singh,Monitor,Electronics,13,22000,286000,2023-10-01,Ahmedabad,West,Sunita Rao,Cash on Delivery,Processing
3224,Meera Joshi,Monitor,Electronics,13,22000,286000,2023-02-17,Kolkata,East,Ravi Kumar,Cash on Delivery,Shipped
3225,Tanvi Mehta,Printer,Electronics,12,12000,144000,2023-01-10,Hyderabad,South,Sunita Rao,Credit Card,Shipped
3226,Kavya Nambiar,Keyboard,Accessories,3,1200,3600,2023-09-25,Kolkata,East,Meera Patel,Cash on Delivery,Processing
3227,Suresh Rao,Laptop,Electronics,14,45000,630000,2023-07-19,Kolkata,East,Suresh Iyer,Credit Card,Cancelled
3228,Vikram Iyer,Mouse,Accessories,4,800,3200,2023-11-14,Bangalore,South,Kavya Reddy,Credit Card,Shipped
3229,Kiran Kumar,Tablet,Electronics,13,32000,416000,2023-08-23,Ahmedabad,West,Priya Nair,Net Banking,Shipped
3230,Ramesh Kumar,Laptop,Electronics,8,45000,360000,2023-04-07,Mumbai,West,Priya Nair,Credit Card,Processing
3231,Meera Joshi,Webcam,Accessories,12,2500,30000,2023-01-04,Pune,West,Kavya Reddy,Credit Card,Shipped
3232,Suresh Rao,Monitor,Electronics,9,22000,198000,2023-10-15,Surat,West,Sunita Rao,UPI,Cancelled
3233,Priya Patel,Tablet,Electronics,9,32000,288000,2023-06-24,Ahmedabad,West,Anil Sharma,Net Banking,Shipped
3234,Arjun Nair,Headphones,Electronics,14,3500,49000,2023-08-06,Ahmedabad,West,Anil Sharma,Credit Card,Delivered
3235,Kavya Nambiar,Headphones,Electronics,12,3500,42000,2023-05-13,Bangalore,South,Suresh Iyer,UPI,Processing
3236,Meera Joshi,Webcam,Accessories,2,2500,5000,2023-09-29,Pune,West,Sunita Rao,Cash on Delivery,Processing
3237,Arjun Nair,Headphones,Electronics,1,3500,3500,2023-01-14,Pune,West,Priya Nair,UPI,Delivered
3238,Kavya Nambiar,Keyboard,Accessories,10,1200,12000,2023-11-03,Ahmedabad,West,Sunita Rao,Net Banking,Delivered
3239,Meera Joshi,Monitor,Electronics,13,22000,286000,2023-06-20,Hyderabad,South,Sunita Rao,UPI,Shipped
3240,Arjun Nair,Speaker,Electronics,4,4500,18000,2023-01-26,Delhi,North,Deepak Joshi,Credit Card,Processing
3241,Suresh Rao,Printer,Electronics,2,12000,24000,2023-07-26,Hyderabad,South,Anil Sharma,Net Banking,Cancelled
3242,Amit Verma,Monitor,Electronics,5,22000,110000,2023-01-27,Kolkata,East,Sunita Rao,Credit Card,Delivered
3243,Suresh Rao,Monitor,Electronics,1,22000,22000,2023-08-29,Jaipur,North,Priya Nair,Cash on Delivery,Delivered
3244,Tanvi Mehta,Headphones,Electronics,10,3500,35000,2023-10-15,Bangalore,South,Meera Patel,Credit Card,Processing
3245,Pooja Gupta,Keyboard,Accessories,11,1200,13200,2023-10-19,Bangalore,South,Sunita Rao,Credit Card,Cancelled
3246,Rahul Mishra,Mouse,Accessories,3,800,2400,2023-12-16,Bangalore,South,Meera Patel,Cash on Delivery,Delivered
3247,Divya Singh,Printer,Electronics,10,12000,120000,2023-04-07,Hyderabad,South,Meera Patel,Credit Card,Cancelled
3248,Sneha Reddy,Mouse,Accessories,11,800,8800,2023-07-18,Surat,West,Deepak Joshi,Net Banking,Shipped
3249,Arjun Nair,USB Hub,Accessories,7,600,4200,2023-10-24,Surat,West,Deepak Joshi,UPI,Delivered
3250,Divya Singh,USB Hub,Accessories,11,600,6600,2023-11-06,Hyderabad,South,Anil Sharma,Credit Card,Cancelled
3251,Pooja Gupta,Speaker,Electronics,12,4500,54000,2023-05-10,Chennai,South,Ravi Kumar,UPI,Delivered
3252,Sneha Reddy,Mouse,Accessories,12,800,9600,2023-01-21,Bangalore,South,Meera Patel,Credit Card,Delivered
3253,Priya Patel,USB Hub,Accessories,4,600,2400,2023-05-22,Bangalore,South,Anil Sharma,UPI,Delivered
3254,Sneha Reddy,Laptop,Electronics,2,45000,90000,2023-06-24,Pune,West,Kavya Reddy,UPI,Shipped
3255,Kiran Kumar,Monitor,Electronics,6,22000,132000,2023-07-30,Kolkata,East,Deepak Joshi,Cash on Delivery,Shipped
3256,Sneha Reddy,Keyboard,Accessories,7,1200,8400,2023-06-30,Chennai,South,Meera Patel,Cash on Delivery,Cancelled
3257,Ramesh Kumar,Headphones,Electronics,1,3500,3500,2023-05-10,Pune,West,Suresh Iyer,Cash on Delivery,Shipped
3258,Rahul Mishra,Laptop,Electronics,12,45000,540000,2023-08-23,Mumbai,West,Deepak Joshi,UPI,Cancelled
3259,Arjun Nair,Monitor,Electronics,3,22000,66000,2023-05-26,Hyderabad,South,Ravi Kumar,Cash on Delivery,Delivered
3260,Divya Singh,Tablet,Electronics,2,32000,64000,2023-10-28,Ahmedabad,West,Priya Nair,Net Banking,Shipped
3261,Kavya Nambiar,Tablet,Electronics,12,32000,384000,2023-05-22,Chennai,South,Kavya Reddy,Cash on Delivery,Processing
3262,Tanvi Mehta,Keyboard,Accessories,4,1200,4800,2023-08-13,Jaipur,North,Ravi Kumar,Credit Card,Shipped
3263,Rahul Mishra,Tablet,Electronics,4,32000,128000,2023-10-10,Pune,West,Ravi Kumar,Credit Card,Processing
3264,Priya Patel,Webcam,Accessories,5,2500,12500,2023-12-20,Ahmedabad,West,Deepak Joshi,Net Banking,Cancelled
3265,Sneha Reddy,Laptop,Electronics,10,45000,450000,2023-02-24,Delhi,North,Deepak Joshi,Net Banking,Shipped
3266,Tanvi Mehta,Printer,Electronics,10,12000,120000,2023-09-29,Surat,West,Ravi Kumar,Cash on Delivery,Delivered
3267,Suresh Rao,Keyboard,Accessories,6,1200,7200,2023-12-20,Mumbai,West,Suresh Iyer,Net Banking,Delivered
3268,Pooja Gupta,Tablet,Electronics,3,32000,96000,2023-02-25,Chennai,South,Deepak Joshi,Cash on Delivery,Processing
3269,Kiran Kumar,Headphones,Electronics,4,3500,14000,2023-11-18,Surat,West,Priya Nair,Credit Card,Cancelled
3270,Meera Joshi,Tablet,Electronics,4,32000,128000,2023-05-06,Surat,West,Anil Sharma,Net Banking,Processing
3271,Divya Singh,Tablet,Electronics,9,32000,288000,2023-06-20,Chennai,South,Meera Patel,Cash on Delivery,Delivered
3272,Sneha Reddy,Monitor,Electronics,10,22000,220000,2023-03-12,Delhi,North,Suresh Iyer,Credit Card,Shipped
3273,Priya Patel,Tablet,Electronics,9,32000,288000,2023-02-07,Pune,West,Kavya Reddy,UPI,Shipped
3274,Ramesh Kumar,Mouse,Accessories,6,800,4800,2023-02-19,Chennai,South,Deepak Joshi,Credit Card,Cancelled
3275,Tanvi Mehta,Monitor,Electronics,11,22000,242000,2023-10-29,Hyderabad,South,Kavya Reddy,UPI,Delivered
3276,Priya Patel,Webcam,Accessories,10,2500,25000,2023-03-02,Chennai,South,Deepak Joshi,UPI,Delivered
3277,Vikram Iyer,Tablet,Electronics,9,32000,288000,2023-03-27,Hyderabad,South,Anil Sharma,Cash on Delivery,Shipped
3278,Rahul Mishra,USB Hub,Accessories,2,600,1200,2023-02-15,Kolkata,East,Meera Patel,Net Banking,Delivered
3279,Suresh Rao,USB Hub,Accessories,15,600,9000,2023-07-02,Kolkata,East,Kavya Reddy,UPI,Delivered
3280,Arjun Nair,Monitor,Electronics,1,22000,22000,2023-12-08,Surat,West,Meera Patel,UPI,Shipped
3281,Sneha Reddy,Mouse,Accessories,12,800,9600,2023-04-02,Mumbai,West,Meera Patel,UPI,Shipped
3282,Divya Singh,Headphones,Electronics,1,3500,3500,2023-12-05,Jaipur,North,Meera Patel,UPI,Delivered
3283,Suresh Rao,Monitor,Electronics,6,22000,132000,2023-11-18,Chennai,South,Deepak Joshi,Cash on Delivery,Shipped
3284,Ramesh Kumar,Monitor,Electronics,8,22000,176000,2023-07-13,Bangalore,South,Ravi Kumar,Net Banking,Delivered
3285,Priya Patel,Printer,Electronics,11,12000,132000,2023-08-04,Bangalore,South,Sunita Rao,UPI,Shipped
3286,Kiran Kumar,Monitor,Electronics,7,22000,154000,2023-02-25,Bangalore,South,Meera Patel,UPI,Processing
3287,Rahul Mishra,Printer,Electronics,15,12000,180000,2023-12-13,Ahmedabad,West,Priya Nair,Cash on Delivery,Shipped
3288,Sneha Reddy,Speaker,Electronics,11,4500,49500,2023-10-18,Ahmedabad,West,Kavya Reddy,Cash on Delivery,Shipped
3289,Arjun Nair,Speaker,Electronics,5,4500,22500,2023-06-11,Jaipur,North,Meera Patel,Credit Card,Shipped
3290,Divya Singh,USB Hub,Accessories,7,600,4200,2023-10-02,Hyderabad,South,Sunita Rao,Credit Card,Shipped
3291,Rahul Mishra,Laptop,Electronics,12,45000,540000,2023-12-25,Chennai,South,Sunita Rao,Cash on Delivery,Cancelled
3292,Amit Verma,Speaker,Electronics,1,4500,4500,2023-09-23,Bangalore,South,Meera Patel,UPI,Shipped
3293,Rahul Mishra,Laptop,Electronics,14,45000,630000,2023-11-07,Ahmedabad,West,Sunita Rao,UPI,Delivered
3294,Arjun Nair,Webcam,Accessories,9,2500,22500,2023-02-17,Ahmedabad,West,Deepak Joshi,Net Banking,Shipped
3295,Kavya Nambiar,Keyboard,Accessories,7,1200,8400,2023-09-09,Mumbai,West,Meera Patel,UPI,Shipped
3296,Divya Singh,Monitor,Electronics,3,22000,66000,2023-11-16,Ahmedabad,West,Sunita Rao,Cash on Delivery,Delivered
3297,Arjun Nair,Webcam,Accessories,3,2500,7500,2023-12-15,Jaipur,North,Priya Nair,Credit Card,Delivered
3298,Pooja Gupta,Laptop,Electronics,13,45000,585000,2023-12-07,Mumbai,West,Anil Sharma,Credit Card,Delivered
3299,Ananya Das,Webcam,Accessories,13,2500,32500,2023-11-23,Bangalore,South,Sunita Rao,Credit Card,Shipped
3300,Vikram Iyer,Tablet,Electronics,8,32000,256000,2023-10-03,Delhi,North,Priya Nair,Credit Card,Delivered
3301,Vikram Iyer,Keyboard,Accessories,6,1200,7200,2023-07-14,Kolkata,East,Sunita Rao,Net Banking,Processing
3302,Kavya Nambiar,Headphones,Electronics,2,3500,7000,2023-10-07,Bangalore,South,Ravi Kumar,Cash on Delivery,Processing
3303,Amit Verma,Tablet,Electronics,15,32000,480000,2023-02-09,Ahmedabad,West,Ravi Kumar,Net Banking,Delivered
3304,Rahul Mishra,Webcam,Accessories,8,2500,20000,2023-01-21,Pune,West,Suresh Iyer,Cash on Delivery,Delivered
3305,Vikram Iyer,Laptop,Electronics,1,45000,45000,2023-01-02,Surat,West,Deepak Joshi,UPI,Cancelled
3306,Pooja Gupta,Webcam,Accessories,2,2500,5000,2023-07-05,Kolkata,East,Deepak Joshi,UPI,Cancelled
3307,Kiran Kumar,USB Hub,Accessories,2,600,1200,2023-05-01,Surat,West,Ravi Kumar,Net Banking,Shipped
3308,Meera Joshi,Webcam,Accessories,11,2500,27500,2023-01-26,Kolkata,East,Deepak Joshi,UPI,Cancelled
3309,Vikram Iyer,Laptop,Electronics,12,45000,540000,2023-01-21,Ahmedabad,West,Kavya Reddy,Credit Card,Cancelled
3310,Kavya Nambiar,Mouse,Accessories,7,800,5600,2023-11-05,Chennai,South,Kavya Reddy,Net Banking,Delivered
3311,Priya Patel,Speaker,Electronics,3,4500,13500,2023-03-06,Ahmedabad,West,Anil Sharma,Net Banking,Delivered
3312,Priya Patel,Monitor,Electronics,5,22000,110000,2023-09-28,Pune,West,Anil Sharma,Net Banking,Processing
3313,Tanvi Mehta,Keyboard,Accessories,8,1200,9600,2023-09-13,Ahmedabad,West,Meera Patel,UPI,Cancelled
3314,Kiran Kumar,Mouse,Accessories,11,800,8800,2023-02-02,Ahmedabad,West,Deepak Joshi,UPI,Shipped
3315,Ananya Das,Monitor,Electronics,12,22000,264000,2023-07-24,Bangalore,South,Deepak Joshi,UPI,Processing
3316,Sneha Reddy,USB Hub,Accessories,3,600,1800,2023-01-11,Hyderabad,South,Suresh Iyer,UPI,Processing
3317,Arjun Nair,Printer,Electronics,4,12000,48000,2023-02-23,Pune,West,Deepak Joshi,Credit Card,Cancelled
3318,Kiran Kumar,Laptop,Electronics,5,45000,225000,2023-11-20,Pune,West,Ravi Kumar,Net Banking,Processing
3319,Suresh Rao,Headphones,Electronics,3,3500,10500,2023-07-26,Mumbai,West,Meera Patel,Net Banking,Processing
3320,Kavya Nambiar,Printer,Electronics,5,12000,60000,2023-04-09,Bangalore,South,Anil Sharma,Credit Card,Cancelled
3321,Kavya Nambiar,USB Hub,Accessories,7,600,4200,2023-05-24,Hyderabad,South,Deepak Joshi,Credit Card,Shipped
3322,Pooja Gupta,Monitor,Electronics,4,22000,88000,2023-10-12,Kolkata,East,Ravi Kumar,Net Banking,Processing
3323,Ramesh Kumar,Keyboard,Accessories,10,1200,12000,2023-12-23,Jaipur,North,Priya Nair,Credit Card,Processing
3324,Tanvi Mehta,Laptop,Electronics,4,45000,180000,2023-04-15,Hyderabad,South,Meera Patel,UPI,Processing
3325,Meera Joshi,Mouse,Accessories,5,800,4000,2023-10-28,Ahmedabad,West,Sunita Rao,Cash on Delivery,Shipped
3326,Pooja Gupta,Keyboard,Accessories,2,1200,2400,2023-02-18,Delhi,North,Kavya Reddy,Cash on Delivery,Delivered
3327,Sneha Reddy,Printer,Electronics,10,12000,120000,2023-04-12,Mumbai,West,Sunita Rao,UPI,Cancelled
3328,Meera Joshi,Mouse,Accessories,7,800,5600,2023-11-26,Bangalore,South,Meera Patel,Credit Card,Cancelled
3329,Suresh Rao,Laptop,Electronics,2,45000,90000,2023-11-10,Delhi,North,Kavya Reddy,Net Banking,Cancelled
3330,Suresh Rao,Monitor,Electronics,9,22000,198000,2023-07-28,Jaipur,North,Anil Sharma,Credit Card,Shipped
3331,Ananya Das,Mouse,Accessories,13,800,10400,2023-01-16,Mumbai,West,Sunita Rao,Net Banking,Cancelled
3332,Rahul Mishra,Monitor,Electronics,3,22000,66000,2023-11-02,Ahmedabad,West,Anil Sharma,UPI,Cancelled
3333,Divya Singh,Webcam,Accessories,11,2500,27500,2023-12-26,Jaipur,North,Deepak Joshi,Net Banking,Delivered
3334,Vikram Iyer,USB Hub,Accessories,15,600,9000,2023-11-14,Mumbai,West,Meera Patel,Cash on Delivery,Processing
3335,Priya Patel,Speaker,Electronics,3,4500,13500,2023-01-30,Kolkata,East,Deepak Joshi,Credit Card,Delivered
3336,Rahul Mishra,Printer,Electronics,5,12000,60000,2023-02-25,Surat,West,Deepak Joshi,UPI,Shipped
3337,Kavya Nambiar,USB Hub,Accessories,8,600,4800,2023-06-25,Ahmedabad,West,Anil Sharma,UPI,Cancelled
3338,Sneha Reddy,Mouse,Accessories,14,800,11200,2023-03-22,Bangalore,South,Ravi Kumar,Credit Card,Shipped
3339,Kiran Kumar,Tablet,Electronics,6,32000,192000,2023-06-22,Hyderabad,South,Sunita Rao,Credit Card,Processing
3340,Rahul Mishra,Laptop,Electronics,3,45000,135000,2023-09-24,Hyderabad,South,Suresh Iyer,Credit Card,Processing
3341,Tanvi Mehta,Laptop,Electronics,4,45000,180000,2023-09-10,Kolkata,East,Suresh Iyer,Cash on Delivery,Cancelled
3342,Priya Patel,Laptop,Electronics,12,45000,540000,2023-02-19,Ahmedabad,West,Ravi Kumar,Cash on Delivery,Delivered
3343,Rahul Mishra,Laptop,Electronics,14,45000,630000,2023-01-29,Chennai,South,Meera Patel,Net Banking,Cancelled
3344,Kiran Kumar,USB Hub,Accessories,2,600,1200,2023-01-14,Surat,West,Ravi Kumar,Cash on Delivery,Delivered
3345,Suresh Rao,Webcam,Accessories,2,2500,5000,2023-03-31,Chennai,South,Meera Patel,Net Banking,Processing
3346,Rahul Mishra,Webcam,Accessories,14,2500,35000,2023-08-09,Mumbai,West,Ravi Kumar,Cash on Delivery,Delivered
3347,Vikram Iyer,Tablet,Electronics,7,32000,224000,2023-10-15,Jaipur,North,Ravi Kumar,UPI,Processing
3348,Arjun Nair,Headphones,Electronics,2,3500,7000,2023-05-04,Mumbai,West,Anil Sharma,Cash on Delivery,Shipped
3349,Kavya Nambiar,Webcam,Accessories,4,2500,10000,2023-09-02,Hyderabad,South,Ravi Kumar,Cash on Delivery,Delivered
3350,Ananya Das,Mouse,Accessories,11,800,8800,2023-07-11,Chennai,South,Sunita Rao,Credit Card,Delivered
3351,Ramesh Kumar,Webcam,Accessories,12,2500,30000,2023-12-22,Jaipur,North,Anil Sharma,Net Banking,Delivered
3352,Tanvi Mehta,Headphones,Electronics,10,3500,35000,2023-04-04,Hyderabad,South,Anil Sharma,Cash on Delivery,Processing
3353,Pooja Gupta,Speaker,Electronics,7,4500,31500,2023-11-03,Bangalore,South,Suresh Iyer,Cash on Delivery,Processing
3354,Pooja Gupta,Printer,Electronics,13,12000,156000,2023-11-04,Surat,West,Kavya Reddy,Credit Card,Processing
3355,Ananya Das,Keyboard,Accessories,13,1200,15600,2023-07-07,Ahmedabad,West,Suresh Iyer,UPI,Shipped
3356,Ramesh Kumar,Webcam,Accessories,2,2500,5000,2023-05-31,Surat,West,Deepak Joshi,UPI,Shipped
3357,Arjun Nair,Mouse,Accessories,3,800,2400,2023-04-25,Delhi,North,Ravi Kumar,Cash on Delivery,Cancelled
3358,Ananya Das,Speaker,Electronics,1,4500,4500,2023-07-28,Ahmedabad,West,Anil Sharma,Cash on Delivery,Shipped
3359,Tanvi Mehta,USB Hub,Accessories,8,600,4800,2023-08-02,Delhi,North,Anil Sharma,Cash on Delivery,Shipped
3360,Rahul Mishra,Mouse,Accessories,9,800,7200,2023-04-27,Hyderabad,South,Meera Patel,Net Banking,Processing
3361,Tanvi Mehta,Mouse,Accessories,3,800,2400,2023-12-03,Ahmedabad,West,Anil Sharma,Net Banking,Delivered
3362,Priya Patel,Webcam,Accessories,15,2500,37500,2023-12-06,Pune,West,Ravi Kumar,Cash on Delivery,Processing
3363,Kiran Kumar,Laptop,Electronics,13,45000,585000,2023-03-17,Ahmedabad,West,Priya Nair,UPI,Cancelled
3364,Kiran Kumar,Headphones,Electronics,13,3500,45500,2023-10-09,Delhi,North,Suresh Iyer,Net Banking,Cancelled
3365,Divya Singh,Monitor,Electronics,1,22000,22000,2023-10-15,Chennai,South,Suresh Iyer,Credit Card,Shipped
3366,Meera Joshi,Mouse,Accessories,6,800,4800,2023-10-20,Ahmedabad,West,Sunita Rao,Net Banking,Shipped
3367,Sneha Reddy,Headphones,Electronics,9,3500,31500,2023-03-18,Pune,West,Deepak Joshi,Net Banking,Delivered
3368,Ramesh Kumar,Laptop,Electronics,8,45000,360000,2023-04-25,Bangalore,South,Anil Sharma,Cash on Delivery,Cancelled
3369,Kavya Nambiar,USB Hub,Accessories,1,600,600,2023-03-01,Delhi,North,Suresh Iyer,UPI,Delivered
3370,Meera Joshi,Monitor,Electronics,14,22000,308000,2023-11-10,Chennai,South,Anil Sharma,Credit Card,Delivered
3371,Vikram Iyer,USB Hub,Accessories,1,600,600,2023-11-10,Ahmedabad,West,Deepak Joshi,Credit Card,Processing
3372,Ramesh Kumar,Speaker,Electronics,14,4500,63000,2023-06-14,Delhi,North,Kavya Reddy,Cash on Delivery,Shipped
3373,Divya Singh,Printer,Electronics,14,12000,168000,2023-10-26,Chennai,South,Suresh Iyer,UPI,Delivered
3374,Arjun Nair,Webcam,Accessories,11,2500,27500,2023-05-24,Chennai,South,Anil Sharma,Cash on Delivery,Cancelled
3375,Amit Verma,Tablet,Electronics,5,32000,160000,2023-07-20,Surat,West,Anil Sharma,Cash on Delivery,Shipped
3376,Ananya Das,USB Hub,Accessories,11,600,6600,2023-03-08,Pune,West,Ravi Kumar,Net Banking,Delivered
3377,Pooja Gupta,Printer,Electronics,12,12000,144000,2023-09-09,Delhi,North,Kavya Reddy,Cash on Delivery,Delivered
3378,Priya Patel,Keyboard,Accessories,12,1200,14400,2023-11-05,Surat,West,Deepak Joshi,Credit Card,Cancelled
3379,Sneha Reddy,Printer,Electronics,5,12000,60000,2023-02-04,Ahmedabad,West,Meera Patel,UPI,Cancelled
3380,Tanvi Mehta,Mouse,Accessories,15,800,12000,2023-03-09,Delhi,North,Priya Nair,Net Banking,Shipped
3381,Priya Patel,Mouse,Accessories,15,800,12000,2023-07-25,Kolkata,East,Kavya Reddy,Credit Card,Cancelled
3382,Vikram Iyer,Laptop,Electronics,14,45000,630000,2023-03-26,Chennai,South,Sunita Rao,Credit Card,Shipped
3383,Suresh Rao,Laptop,Electronics,2,45000,90000,2023-04-23,Pune,West,Suresh Iyer,UPI,Processing
3384,Ananya Das,Keyboard,Accessories,8,1200,9600,2023-10-07,Jaipur,North,Priya Nair,Cash on Delivery,Delivered
3385,Tanvi Mehta,Mouse,Accessories,8,800,6400,2023-02-08,Chennai,South,Deepak Joshi,Net Banking,Processing
3386,Kavya Nambiar,Speaker,Electronics,12,4500,54000,2023-03-28,Mumbai,West,Priya Nair,Credit Card,Shipped
3387,Kavya Nambiar,USB Hub,Accessories,9,600,5400,2023-01-23,Hyderabad,South,Sunita Rao,Cash on Delivery,Processing
3388,Sneha Reddy,Headphones,Electronics,4,3500,14000,2023-08-20,Mumbai,West,Deepak Joshi,Credit Card,Cancelled
3389,Tanvi Mehta,Tablet,Electronics,2,32000,64000,2023-03-14,Ahmedabad,West,Kavya Reddy,Cash on Delivery,Shipped
3390,Vikram Iyer,Keyboard,Accessories,1,1200,1200,2023-03-24,Delhi,North,Sunita Rao,Cash on Delivery,Shipped
3391,Tanvi Mehta,Monitor,Electronics,5,22000,110000,2023-09-23,Chennai,South,Suresh Iyer,UPI,Processing
3392,Suresh Rao,Tablet,Electronics,8,32000,256000,2023-04-30,Surat,West,Suresh Iyer,UPI,Shipped
3393,Vikram Iyer,Monitor,Electronics,3,22000,66000,2023-10-06,Ahmedabad,West,Priya Nair,Cash on Delivery,Delivered
3394,Pooja Gupta,Webcam,Accessories,10,2500,25000,2023-08-19,Chennai,South,Anil Sharma,Cash on Delivery,Cancelled
3395,Pooja Gupta,USB Hub,Accessories,8,600,4800,2023-09-02,Delhi,North,Anil Sharma,Cash on Delivery,Cancelled
3396,Kavya Nambiar,Mouse,Accessories,9,800,7200,2023-03-17,Pune,West,Anil Sharma,Net Banking,Delivered
3397,Vikram Iyer,USB Hub,Accessories,3,600,1800,2023-02-13,Ahmedabad,West,Ravi Kumar,UPI,Shipped
3398,Priya Patel,Webcam,Accessories,11,2500,27500,2023-03-23,Kolkata,East,Suresh Iyer,Net Banking,Delivered
3399,Vikram Iyer,Webcam,Accessories,8,2500,20000,2023-02-23,Ahmedabad,West,Deepak Joshi,Cash on Delivery,Shipped
3400,Priya Patel,Monitor,Electronics,11,22000,242000,2023-03-31,Ahmedabad,West,Ravi Kumar,Net Banking,Cancelled
3401,Ananya Das,Tablet,Electronics,1,32000,32000,2023-10-13,Surat,West,Deepak Joshi,UPI,Cancelled
3402,Suresh Rao,Speaker,Electronics,9,4500,40500,2023-05-28,Surat,West,Anil Sharma,UPI,Shipped
3403,Ananya Das,Laptop,Electronics,13,45000,585000,2023-01-18,Kolkata,East,Meera Patel,Cash on Delivery,Processing
3404,Arjun Nair,Printer,Electronics,11,12000,132000,2023-03-08,Hyderabad,South,Priya Nair,Credit Card,Delivered
3405,Rahul Mishra,Headphones,Electronics,8,3500,28000,2023-11-17,Kolkata,East,Kavya Reddy,Credit Card,Cancelled
3406,Sneha Reddy,Monitor,Electronics,15,22000,330000,2023-04-02,Kolkata,East,Suresh Iyer,Cash on Delivery,Cancelled
3407,Amit Verma,Tablet,Electronics,9,32000,288000,2023-12-03,Chennai,South,Anil Sharma,Cash on Delivery,Processing
3408,Pooja Gupta,USB Hub,Accessories,10,600,6000,2023-02-02,Delhi,North,Kavya Reddy,Cash on Delivery,Cancelled
3409,Ananya Das,USB Hub,Accessories,3,600,1800,2023-11-16,Ahmedabad,West,Suresh Iyer,Cash on Delivery,Shipped
3410,Sneha Reddy,Keyboard,Accessories,9,1200,10800,2023-10-23,Kolkata,East,Kavya Reddy,Credit Card,Processing
3411,Amit Verma,Printer,Electronics,7,12000,84000,2023-11-26,Mumbai,West,Meera Patel,Net Banking,Delivered
3412,Suresh Rao,Headphones,Electronics,11,3500,38500,2023-07-04,Mumbai,West,Suresh Iyer,Cash on Delivery,Processing
3413,Vikram Iyer,Tablet,Electronics,1,32000,32000,2023-01-16,Surat,West,Sunita Rao,UPI,Processing
3414,Kavya Nambiar,Printer,Electronics,13,12000,156000,2023-06-25,Bangalore,South,Priya Nair,Net Banking,Processing
3415,Ananya Das,Keyboard,Accessories,7,1200,8400,2023-08-24,Ahmedabad,West,Suresh Iyer,UPI,Shipped
3416,Vikram Iyer,Webcam,Accessories,5,2500,12500,2023-04-06,Surat,West,Meera Patel,UPI,Processing
3417,Rahul Mishra,USB Hub,Accessories,14,600,8400,2023-04-10,Chennai,South,Sunita Rao,Net Banking,Cancelled
3418,Vikram Iyer,Keyboard,Accessories,2,1200,2400,2023-12-17,Hyderabad,South,Priya Nair,UPI,Processing
3419,Kiran Kumar,Tablet,Electronics,15,32000,480000,2023-06-25,Bangalore,South,Ravi Kumar,UPI,Cancelled
3420,Sneha Reddy,Speaker,Electronics,14,4500,63000,2023-12-22,Chennai,South,Priya Nair,Net Banking,Delivered
3421,Pooja Gupta,Mouse,Accessories,2,800,1600,2023-10-14,Ahmedabad,West,Suresh Iyer,Net Banking,Processing
3422,Kiran Kumar,Laptop,Electronics,9,45000,405000,2023-05-15,Jaipur,North,Priya Nair,Credit Card,Processing
3423,Sneha Reddy,Tablet,Electronics,14,32000,448000,2023-05-14,Hyderabad,South,Anil Sharma,UPI,Processing
3424,Tanvi Mehta,Speaker,Electronics,15,4500,67500,2023-12-12,Delhi,North,Sunita Rao,Credit Card,Cancelled
3425,Sneha Reddy,Speaker,Electronics,3,4500,13500,2023-01-25,Jaipur,North,Priya Nair,UPI,Processing
3426,Sneha Reddy,Laptop,Electronics,14,45000,630000,2023-07-06,Delhi,North,Suresh Iyer,Net Banking,Delivered
3427,Meera Joshi,Webcam,Accessories,8,2500,20000,2023-02-25,Hyderabad,South,Priya Nair,UPI,Delivered
3428,Tanvi Mehta,Mouse,Accessories,6,800,4800,2023-11-14,Bangalore,South,Meera Patel,Cash on Delivery,Cancelled
3429,Divya Singh,Printer,Electronics,4,12000,48000,2023-08-07,Delhi,North,Priya Nair,Credit Card,Delivered
3430,Pooja Gupta,Speaker,Electronics,14,4500,63000,2023-03-18,Hyderabad,South,Sunita Rao,Net Banking,Delivered
3431,Kiran Kumar,Laptop,Electronics,3,45000,135000,2023-08-22,Kolkata,East,Sunita Rao,Cash on Delivery,Delivered
3432,Ramesh Kumar,Speaker,Electronics,13,4500,58500,2023-09-02,Bangalore,South,Deepak Joshi,Net Banking,Shipped
3433,Kavya Nambiar,Mouse,Accessories,9,800,7200,2023-10-13,Ahmedabad,West,Priya Nair,Cash on Delivery,Shipped
3434,Kiran Kumar,Keyboard,Accessories,9,1200,10800,2023-08-08,Kolkata,East,Anil Sharma,Net Banking,Cancelled
3435,Arjun Nair,Tablet,Electronics,8,32000,256000,2023-05-24,Ahmedabad,West,Ravi Kumar,UPI,Cancelled
3436,Arjun Nair,Webcam,Accessories,6,2500,15000,2023-12-09,Ahmedabad,West,Priya Nair,Cash on Delivery,Processing
3437,Rahul Mishra,Webcam,Accessories,5,2500,12500,2023-04-02,Surat,West,Ravi Kumar,Net Banking,Delivered
3438,Amit Verma,Monitor,Electronics,6,22000,132000,2023-01-14,Pune,West,Anil Sharma,Credit Card,Delivered
3439,Sneha Reddy,Keyboard,Accessories,6,1200,7200,2023-11-24,Hyderabad,South,Meera Patel,Credit Card,Shipped
3440,Kavya Nambiar,Keyboard,Accessories,13,1200,15600,2023-06-16,Delhi,North,Priya Nair,Credit Card,Shipped
3441,Ramesh Kumar,Laptop,Electronics,6,45000,270000,2023-09-04,Kolkata,East,Meera Patel,Cash on Delivery,Shipped
3442,Kavya Nambiar,Monitor,Electronics,5,22000,110000,2023-05-26,Hyderabad,South,Suresh Iyer,Cash on Delivery,Cancelled
3443,Tanvi Mehta,Keyboard,Accessories,14,1200,16800,2023-12-20,Jaipur,North,Meera Patel,Cash on Delivery,Cancelled
3444,Amit Verma,Tablet,Electronics,11,32000,352000,2023-07-31,Hyderabad,South,Anil Sharma,UPI,Processing
3445,Arjun Nair,Printer,Electronics,15,12000,180000,2023-07-08,Bangalore,South,Meera Patel,Credit Card,Shipped
3446,Pooja Gupta,Keyboard,Accessories,13,1200,15600,2023-02-24,Ahmedabad,West,Ravi Kumar,UPI,Delivered
3447,Tanvi Mehta,Keyboard,Accessories,10,1200,12000,2023-03-15,Chennai,South,Anil Sharma,Net Banking,Delivered
3448,Tanvi Mehta,Laptop,Electronics,12,45000,540000,2023-01-05,Pune,West,Sunita Rao,UPI,Cancelled
3449,Pooja Gupta,Headphones,Electronics,3,3500,10500,2023-04-15,Jaipur,North,Kavya Reddy,Net Banking,Delivered
3450,Kiran Kumar,Printer,Electronics,13,12000,156000,2023-08-30,Bangalore,South,Sunita Rao,Cash on Delivery,Shipped
3451,Meera Joshi,Keyboard,Accessories,8,1200,9600,2023-08-26,Kolkata,East,Deepak Joshi,Net Banking,Processing
3452,Kavya Nambiar,Tablet,Electronics,7,32000,224000,2023-03-21,Bangalore,South,Anil Sharma,Net Banking,Shipped
3453,Pooja Gupta,Speaker,Electronics,9,4500,40500,2023-12-09,Delhi,North,Kavya Reddy,Cash on Delivery,Shipped
3454,Kavya Nambiar,Monitor,Electronics,1,22000,22000,2023-10-09,Pune,West,Ravi Kumar,Cash on Delivery,Delivered
3455,Vikram Iyer,Tablet,Electronics,2,32000,64000,2023-08-23,Bangalore,South,Meera Patel,UPI,Cancelled
3456,Amit Verma,Mouse,Accessories,11,800,8800,2023-10-26,Surat,West,Anil Sharma,Net Banking,Shipped
3457,Tanvi Mehta,Keyboard,Accessories,10,1200,12000,2023-10-18,Bangalore,South,Meera Patel,Cash on Delivery,Shipped
3458,Vikram Iyer,Monitor,Electronics,13,22000,286000,2023-06-17,Pune,West,Sunita Rao,Net Banking,Shipped
3459,Tanvi Mehta,Printer,Electronics,3,12000,36000,2023-05-02,Ahmedabad,West,Ravi Kumar,Net Banking,Processing
3460,Sneha Reddy,Mouse,Accessories,14,800,11200,2023-10-04,Surat,West,Priya Nair,Net Banking,Processing
3461,Divya Singh,USB Hub,Accessories,8,600,4800,2023-11-27,Delhi,North,Kavya Reddy,UPI,Shipped
3462,Ananya Das,USB Hub,Accessories,4,600,2400,2023-01-11,Hyderabad,South,Priya Nair,Net Banking,Processing
3463,Amit Verma,Speaker,Electronics,10,4500,45000,2023-03-01,Jaipur,North,Kavya Reddy,Cash on Delivery,Delivered
3464,Priya Patel,Keyboard,Accessories,3,1200,3600,2023-08-14,Surat,West,Ravi Kumar,Credit Card,Processing
3465,Tanvi Mehta,Mouse,Accessories,8,800,6400,2023-09-27,Surat,West,Kavya Reddy,Credit Card,Shipped
3466,Rahul Mishra,Tablet,Electronics,3,32000,96000,2023-10-24,Kolkata,East,Meera Patel,UPI,Shipped
3467,Kiran Kumar,Laptop,Electronics,3,45000,135000,2023-07-06,Delhi,North,Anil Sharma,UPI,Shipped
3468,Divya Singh,Laptop,Electronics,5,45000,225000,2023-10-11,Mumbai,West,Kavya Reddy,Cash on Delivery,Processing
3469,Meera Joshi,Mouse,Accessories,11,800,8800,2023-09-21,Kolkata,East,Ravi Kumar,UPI,Cancelled
3470,Arjun Nair,Laptop,Electronics,4,45000,180000,2023-01-09,Mumbai,West,Deepak Joshi,UPI,Cancelled
3471,Meera Joshi,Monitor,Electronics,14,22000,308000,2023-10-21,Surat,West,Sunita Rao,Cash on Delivery,Delivered
3472,Tanvi Mehta,Webcam,Accessories,4,2500,10000,2023-10-20,Bangalore,South,Sunita Rao,Credit Card,Shipped
3473,Pooja Gupta,Speaker,Electronics,13,4500,58500,2023-10-28,Bangalore,South,Priya Nair,Credit Card,Delivered
3474,Vikram Iyer,Headphones,Electronics,8,3500,28000,2023-05-22,Chennai,South,Meera Patel,Credit Card,Shipped
3475,Priya Patel,Laptop,Electronics,7,45000,315000,2023-08-29,Surat,West,Meera Patel,Cash on Delivery,Delivered
3476,Ramesh Kumar,Speaker,Electronics,3,4500,13500,2023-07-23,Delhi,North,Ravi Kumar,UPI,Delivered
3477,Tanvi Mehta,Mouse,Accessories,2,800,1600,2023-12-18,Bangalore,South,Kavya Reddy,Cash on Delivery,Cancelled
3478,Suresh Rao,Keyboard,Accessories,2,1200,2400,2023-11-07,Mumbai,West,Sunita Rao,Credit Card,Delivered
3479,Tanvi Mehta,USB Hub,Accessories,2,600,1200,2023-03-08,Pune,West,Ravi Kumar,Credit Card,Delivered
3480,Pooja Gupta,Speaker,Electronics,8,4500,36000,2023-03-11,Mumbai,West,Priya Nair,Cash on Delivery,Shipped
3481,Ramesh Kumar,Mouse,Accessories,12,800,9600,2023-04-20,Surat,West,Deepak Joshi,UPI,Cancelled
3482,Ramesh Kumar,USB Hub,Accessories,4,600,2400,2023-10-02,Kolkata,East,Ravi Kumar,Cash on Delivery,Processing
3483,Amit Verma,Printer,Electronics,3,12000,36000,2023-05-25,Delhi,North,Sunita Rao,Credit Card,Processing
3484,Vikram Iyer,Laptop,Electronics,11,45000,495000,2023-07-22,Ahmedabad,West,Ravi Kumar,Net Banking,Delivered
3485,Ananya Das,Speaker,Electronics,3,4500,13500,2023-03-18,Kolkata,East,Deepak Joshi,Cash on Delivery,Shipped
3486,Kavya Nambiar,Laptop,Electronics,4,45000,180000,2023-12-25,Surat,West,Priya Nair,Net Banking,Cancelled
3487,Pooja Gupta,Monitor,Electronics,13,22000,286000,2023-04-20,Mumbai,West,Priya Nair,UPI,Cancelled
3488,Priya Patel,Laptop,Electronics,4,45000,180000,2023-08-21,Delhi,North,Ravi Kumar,Net Banking,Shipped
3489,Rahul Mishra,USB Hub,Accessories,9,600,5400,2023-06-17,Kolkata,East,Priya Nair,Cash on Delivery,Processing
3490,Arjun Nair,Keyboard,Accessories,14,1200,16800,2023-01-14,Chennai,South,Sunita Rao,UPI,Delivered
3491,Kiran Kumar,Keyboard,Accessories,15,1200,18000,2023-01-28,Jaipur,North,Sunita Rao,Net Banking,Shipped
3492,Arjun Nair,Tablet,Electronics,9,32000,288000,2023-09-11,Chennai,South,Anil Sharma,UPI,Delivered
3493,Kavya Nambiar,Tablet,Electronics,7,32000,224000,2023-08-07,Delhi,North,Anil Sharma,Cash on Delivery,Shipped
3494,Rahul Mishra,Keyboard,Accessories,14,1200,16800,2023-05-25,Bangalore,South,Sunita Rao,Net Banking,Processing
3495,Vikram Iyer,Headphones,Electronics,14,3500,49000,2023-12-17,Bangalore,South,Anil Sharma,UPI,Processing
3496,Ramesh Kumar,Laptop,Electronics,1,45000,45000,2023-03-05,Chennai,South,Priya Nair,Cash on Delivery,Cancelled
3497,Tanvi Mehta,Speaker,Electronics,6,4500,27000,2023-08-05,Jaipur,North,Deepak Joshi,Credit Card,Processing
3498,Meera Joshi,Tablet,Electronics,11,32000,352000,2023-06-28,Surat,West,Deepak Joshi,Cash on Delivery,Shipped
3499,Amit Verma,Mouse,Accessories,8,800,6400,2023-02-24,Hyderabad,South,Deepak Joshi,Cash on Delivery,Cancelled
3500,Ramesh Kumar,Laptop,Electronics,1,45000,45000,2023-10-12,Delhi,North,Sunita Rao,Credit Card,Delivered
3501,Rahul Mishra,Mouse,Accessories,13,800,10400,2023-07-31,Mumbai,West,Meera Patel,Credit Card,Cancelled
3502,Divya Singh,USB Hub,Accessories,13,600,7800,2023-02-16,Hyderabad,South,Ravi Kumar,Cash on Delivery,Delivered
3503,Suresh Rao,Printer,Electronics,9,12000,108000,2023-02-19,Mumbai,West,Priya Nair,Cash on Delivery,Delivered
3504,Meera Joshi,Keyboard,Accessories,1,1200,1200,2023-02-25,Surat,West,Anil Sharma,Cash on Delivery,Delivered
3505,Divya Singh,Mouse,Accessories,1,800,800,2023-07-29,Ahmedabad,West,Sunita Rao,UPI,Delivered
3506,Ramesh Kumar,Tablet,Electronics,6,32000,192000,2023-02-10,Chennai,South,Deepak Joshi,Net Banking,Processing
3507,Amit Verma,Tablet,Electronics,4,32000,128000,2023-07-25,Hyderabad,South,Sunita Rao,UPI,Delivered
3508,Meera Joshi,Laptop,Electronics,7,45000,315000,2023-04-04,Surat,West,Priya Nair,Cash on Delivery,Cancelled
3509,Ramesh Kumar,USB Hub,Accessories,5,600,3000,2023-09-12,Surat,West,Meera Patel,Credit Card,Delivered
3510,Ananya Das,Webcam,Accessories,11,2500,27500,2023-04-13,Chennai,South,Suresh Iyer,UPI,Cancelled
3511,Kiran Kumar,Headphones,Electronics,15,3500,52500,2023-07-21,Pune,West,Ravi Kumar,Credit Card,Processing
3512,Kavya Nambiar,Speaker,Electronics,9,4500,40500,2023-05-04,Delhi,North,Ravi Kumar,Cash on Delivery,Delivered
3513,Kiran Kumar,Laptop,Electronics,5,45000,225000,2023-07-26,Mumbai,West,Suresh Iyer,Credit Card,Processing
3514,Suresh Rao,Webcam,Accessories,1,2500,2500,2023-02-04,Surat,West,Sunita Rao,Credit Card,Cancelled
3515,Priya Patel,Speaker,Electronics,11,4500,49500,2023-08-28,Jaipur,North,Deepak Joshi,Credit Card,Delivered
3516,Suresh Rao,Headphones,Electronics,4,3500,14000,2023-10-06,Surat,West,Sunita Rao,Net Banking,Delivered
3517,Priya Patel,Webcam,Accessories,11,2500,27500,2023-12-29,Chennai,South,Priya Nair,UPI,Delivered
3518,Ramesh Kumar,Headphones,Electronics,10,3500,35000,2023-09-14,Surat,West,Deepak Joshi,Cash on Delivery,Cancelled
3519,Sneha Reddy,Speaker,Electronics,8,4500,36000,2023-11-24,Ahmedabad,West,Sunita Rao,UPI,Cancelled
3520,Kavya Nambiar,Speaker,Electronics,11,4500,49500,2023-03-03,Jaipur,North,Suresh Iyer,Cash on Delivery,Processing
3521,Priya Patel,Monitor,Electronics,15,22000,330000,2023-07-15,Pune,West,Ravi Kumar,UPI,Cancelled
3522,Ananya Das,Headphones,Electronics,8,3500,28000,2023-09-03,Mumbai,West,Deepak Joshi,UPI,Shipped
3523,Sneha Reddy,Keyboard,Accessories,7,1200,8400,2023-04-04,Kolkata,East,Deepak Joshi,Credit Card,Cancelled
3524,Amit Verma,Laptop,Electronics,12,45000,540000,2023-05-16,Delhi,North,Suresh Iyer,UPI,Delivered
3525,Divya Singh,Mouse,Accessories,1,800,800,2023-09-21,Jaipur,North,Ravi Kumar,Credit Card,Delivered
3526,Vikram Iyer,USB Hub,Accessories,14,600,8400,2023-03-23,Mumbai,West,Anil Sharma,Net Banking,Delivered
3527,Vikram Iyer,Printer,Electronics,4,12000,48000,2023-07-09,Delhi,North,Kavya Reddy,UPI,Delivered
3528,Rahul Mishra,Monitor,Electronics,1,22000,22000,2023-10-03,Jaipur,North,Deepak Joshi,Credit Card,Delivered
3529,Arjun Nair,Printer,Electronics,15,12000,180000,2023-05-14,Pune,West,Ravi Kumar,UPI,Delivered
3530,Pooja Gupta,Tablet,Electronics,9,32000,288000,2023-09-20,Kolkata,East,Meera Patel,Cash on Delivery,Processing
3531,Ramesh Kumar,Tablet,Electronics,9,32000,288000,2023-03-30,Mumbai,West,Anil Sharma,Net Banking,Delivered
3532,Vikram Iyer,USB Hub,Accessories,6,600,3600,2023-08-31,Jaipur,North,Sunita Rao,UPI,Shipped
3533,Ananya Das,USB Hub,Accessories,2,600,1200,2023-06-03,Surat,West,Suresh Iyer,Credit Card,Delivered
3534,Vikram Iyer,Keyboard,Accessories,15,1200,18000,2023-09-13,Ahmedabad,West,Deepak Joshi,UPI,Cancelled
3535,Pooja Gupta,Printer,Electronics,3,12000,36000,2023-08-26,Ahmedabad,West,Suresh Iyer,Cash on Delivery,Delivered
3536,Sneha Reddy,Headphones,Electronics,10,3500,35000,2023-07-01,Mumbai,West,Sunita Rao,Net Banking,Delivered
3537,Kiran Kumar,Speaker,Electronics,2,4500,9000,2023-07-01,Pune,West,Anil Sharma,Cash on Delivery,Shipped
3538,Tanvi Mehta,Keyboard,Accessories,5,1200,6000,2023-12-12,Jaipur,North,Meera Patel,Net Banking,Cancelled
3539,Ananya Das,Webcam,Accessories,13,2500,32500,2023-08-24,Delhi,North,Suresh Iyer,UPI,Processing
3540,Pooja Gupta,Laptop,Electronics,15,45000,675000,2023-08-04,Surat,West,Deepak Joshi,Cash on Delivery,Cancelled
3541,Tanvi Mehta,Printer,Electronics,12,12000,144000,2023-05-16,Chennai,South,Suresh Iyer,Credit Card,Processing
3542,Priya Patel,Tablet,Electronics,5,32000,160000,2023-03-19,Ahmedabad,West,Kavya Reddy,Credit Card,Shipped
3543,Amit Verma,Printer,Electronics,2,12000,24000,2023-07-17,Kolkata,East,Ravi Kumar,Net Banking,Shipped
3544,Amit Verma,USB Hub,Accessories,9,600,5400,2023-10-07,Hyderabad,South,Anil Sharma,UPI,Processing
3545,Rahul Mishra,Printer,Electronics,9,12000,108000,2023-12-23,Pune,West,Meera Patel,Credit Card,Cancelled
3546,Amit Verma,Keyboard,Accessories,7,1200,8400,2023-09-03,Hyderabad,South,Kavya Reddy,Credit Card,Cancelled
3547,Priya Patel,Laptop,Electronics,14,45000,630000,2023-02-02,Surat,West,Deepak Joshi,Credit Card,Shipped
3548,Meera Joshi,Monitor,Electronics,15,22000,330000,2023-05-08,Surat,West,Ravi Kumar,UPI,Cancelled
3549,Pooja Gupta,Monitor,Electronics,4,22000,88000,2023-09-01,Chennai,South,Suresh Iyer,Credit Card,Processing
3550,Meera Joshi,Keyboard,Accessories,1,1200,1200,2023-05-11,Chennai,South,Sunita Rao,Cash on Delivery,Processing
3551,Suresh Rao,Laptop,Electronics,6,45000,270000,2023-05-23,Bangalore,South,Deepak Joshi,Cash on Delivery,Shipped
3552,Kiran Kumar,Headphones,Electronics,10,3500,35000,2023-02-19,Delhi,North,Priya Nair,Credit Card,Shipped
3553,Kiran Kumar,Headphones,Electronics,1,3500,3500,2023-10-18,Hyderabad,South,Suresh Iyer,Credit Card,Cancelled
3554,Amit Verma,Tablet,Electronics,13,32000,416000,2023-09-22,Delhi,North,Deepak Joshi,Credit Card,Delivered
3555,Amit Verma,USB Hub,Accessories,14,600,8400,2023-10-10,Jaipur,North,Sunita Rao,Net Banking,Delivered
3556,Kavya Nambiar,Tablet,Electronics,7,32000,224000,2023-09-22,Hyderabad,South,Sunita Rao,UPI,Processing
3557,Vikram Iyer,Speaker,Electronics,15,4500,67500,2023-07-21,Bangalore,South,Suresh Iyer,Net Banking,Cancelled
3558,Pooja Gupta,Speaker,Electronics,10,4500,45000,2023-05-08,Ahmedabad,West,Suresh Iyer,Cash on Delivery,Processing
3559,Pooja Gupta,Printer,Electronics,10,12000,120000,2023-06-09,Pune,West,Sunita Rao,Net Banking,Processing
3560,Ramesh Kumar,Speaker,Electronics,6,4500,27000,2023-12-04,Hyderabad,South,Sunita Rao,Credit Card,Shipped
3561,Suresh Rao,Speaker,Electronics,1,4500,4500,2023-12-18,Bangalore,South,Kavya Reddy,Net Banking,Shipped
3562,Priya Patel,USB Hub,Accessories,6,600,3600,2023-02-28,Mumbai,West,Kavya Reddy,Credit Card,Cancelled
3563,Rahul Mishra,Laptop,Electronics,14,45000,630000,2023-11-02,Chennai,South,Suresh Iyer,UPI,Cancelled
3564,Vikram Iyer,Webcam,Accessories,7,2500,17500,2023-12-30,Chennai,South,Ravi Kumar,Credit Card,Processing
3565,Kiran Kumar,Webcam,Accessories,10,2500,25000,2023-01-29,Kolkata,East,Kavya Reddy,Credit Card,Delivered
3566,Ananya Das,Laptop,Electronics,11,45000,495000,2023-11-30,Surat,West,Deepak Joshi,UPI,Processing
3567,Ramesh Kumar,Printer,Electronics,5,12000,60000,2023-04-02,Surat,West,Deepak Joshi,Cash on Delivery,Cancelled
3568,Kiran Kumar,Headphones,Electronics,10,3500,35000,2023-08-11,Ahmedabad,West,Kavya Reddy,Cash on Delivery,Delivered
3569,Ramesh Kumar,Webcam,Accessories,5,2500,12500,2023-03-24,Pune,West,Deepak Joshi,Net Banking,Cancelled
3570,Meera Joshi,Webcam,Accessories,13,2500,32500,2023-08-15,Jaipur,North,Anil Sharma,Cash on Delivery,Processing
3571,Suresh Rao,Webcam,Accessories,4,2500,10000,2023-09-17,Chennai,South,Anil Sharma,Cash on Delivery,Shipped
3572,Tanvi Mehta,Mouse,Accessories,5,800,4000,2023-07-27,Kolkata,East,Suresh Iyer,UPI,Shipped
3573,Ramesh Kumar,USB Hub,Accessories,12,600,7200,2023-05-29,Kolkata,East,Sunita Rao,Cash on Delivery,Processing
3574,Tanvi Mehta,Speaker,Electronics,6,4500,27000,2023-04-28,Surat,West,Anil Sharma,Credit Card,Cancelled
3575,Amit Verma,Keyboard,Accessories,2,1200,2400,2023-03-31,Bangalore,South,Deepak Joshi,UPI,Cancelled
3576,Divya Singh,USB Hub,Accessories,12,600,7200,2023-12-03,Jaipur,North,Deepak Joshi,Cash on Delivery,Shipped
3577,Ramesh Kumar,Webcam,Accessories,2,2500,5000,2023-07-19,Surat,West,Sunita Rao,Credit Card,Shipped
3578,Tanvi Mehta,Headphones,Electronics,2,3500,7000,2023-07-10,Delhi,North,Deepak Joshi,Cash on Delivery,Delivered
3579,Divya Singh,Laptop,Electronics,1,45000,45000,2023-02-25,Ahmedabad,West,Suresh Iyer,Cash on Delivery,Cancelled
3580,Amit Verma,Printer,Electronics,4,12000,48000,2023-02-10,Bangalore,South,Priya Nair,Cash on Delivery,Delivered
3581,Suresh Rao,Headphones,Electronics,3,3500,10500,2023-07-29,Jaipur,North,Deepak Joshi,UPI,Cancelled
3582,Tanvi Mehta,Monitor,Electronics,12,22000,264000,2023-02-26,Bangalore,South,Ravi Kumar,Credit Card,Shipped
3583,Meera Joshi,Printer,Electronics,4,12000,48000,2023-09-03,Hyderabad,South,Meera Patel,Cash on Delivery,Processing
3584,Ramesh Kumar,Speaker,Electronics,14,4500,63000,2023-09-30,Pune,West,Kavya Reddy,Net Banking,Shipped
3585,Arjun Nair,Webcam,Accessories,9,2500,22500,2023-03-31,Hyderabad,South,Ravi Kumar,Credit Card,Shipped
3586,Meera Joshi,Printer,Electronics,15,12000,180000,2023-05-10,Kolkata,East,Deepak Joshi,Credit Card,Delivered
3587,Meera Joshi,USB Hub,Accessories,5,600,3000,2023-12-01,Hyderabad,South,Deepak Joshi,Cash on Delivery,Processing
3588,Priya Patel,Keyboard,Accessories,14,1200,16800,2023-02-09,Chennai,South,Ravi Kumar,UPI,Shipped
3589,Ananya Das,Tablet,Electronics,13,32000,416000,2023-10-03,Hyderabad,South,Kavya Reddy,Credit Card,Cancelled
3590,Sneha Reddy,Tablet,Electronics,13,32000,416000,2023-04-16,Pune,West,Deepak Joshi,UPI,Cancelled
3591,Rahul Mishra,Keyboard,Accessories,4,1200,4800,2023-10-12,Mumbai,West,Suresh Iyer,UPI,Delivered
3592,Vikram Iyer,Tablet,Electronics,12,32000,384000,2023-01-07,Kolkata,East,Anil Sharma,Credit Card,Cancelled
3593,Pooja Gupta,Mouse,Accessories,5,800,4000,2023-06-18,Mumbai,West,Meera Patel,Credit Card,Cancelled
3594,Rahul Mishra,Speaker,Electronics,6,4500,27000,2023-10-07,Chennai,South,Ravi Kumar,Net Banking,Shipped
3595,Ramesh Kumar,Webcam,Accessories,15,2500,37500,2023-06-06,Chennai,South,Anil Sharma,Credit Card,Delivered
3596,Arjun Nair,USB Hub,Accessories,8,600,4800,2023-09-16,Jaipur,North,Sunita Rao,Cash on Delivery,Processing
3597,Tanvi Mehta,Keyboard,Accessories,5,1200,6000,2023-05-11,Hyderabad,South,Priya Nair,Net Banking,Processing
3598,Sneha Reddy,USB Hub,Accessories,14,600,8400,2023-09-30,Mumbai,West,Priya Nair,Credit Card,Cancelled
3599,Pooja Gupta,Speaker,Electronics,4,4500,18000,2023-08-19,Surat,West,Sunita Rao,Credit Card,Processing
3600,Rahul Mishra,Mouse,Accessories,2,800,1600,2023-03-17,Surat,West,Kavya Reddy,Net Banking,Cancelled
3601,Ananya Das,Speaker,Electronics,10,4500,45000,2023-08-06,Surat,West,Ravi Kumar,Credit Card,Processing
3602,Amit Verma,Webcam,Accessories,10,2500,25000,2023-12-26,Jaipur,North,Kavya Reddy,Credit Card,Processing
3603,Sneha Reddy,Tablet,Electronics,5,32000,160000,2023-07-12,Bangalore,South,Anil Sharma,Credit Card,Cancelled
3604,Tanvi Mehta,Headphones,Electronics,5,3500,17500,2023-03-09,Bangalore,South,Meera Patel,UPI,Cancelled
3605,Ananya Das,Keyboard,Accessories,4,1200,4800,2023-05-02,Ahmedabad,West,Sunita Rao,UPI,Delivered
3606,Tanvi Mehta,Printer,Electronics,1,12000,12000,2023-07-20,Jaipur,North,Ravi Kumar,UPI,Shipped
3607,Pooja Gupta,Printer,Electronics,15,12000,180000,2023-01-26,Ahmedabad,West,Meera Patel,UPI,Shipped
3608,Ramesh Kumar,Monitor,Electronics,14,22000,308000,2023-03-01,Mumbai,West,Ravi Kumar,UPI,Shipped
3609,Rahul Mishra,Laptop,Electronics,2,45000,90000,2023-12-21,Mumbai,West,Suresh Iyer,Cash on Delivery,Cancelled
3610,Rahul Mishra,USB Hub,Accessories,1,600,600,2023-01-16,Delhi,North,Kavya Reddy,Cash on Delivery,Delivered
3611,Sneha Reddy,Laptop,Electronics,2,45000,90000,2023-06-01,Ahmedabad,West,Priya Nair,Cash on Delivery,Delivered
3612,Tanvi Mehta,Headphones,Electronics,15,3500,52500,2023-05-01,Mumbai,West,Deepak Joshi,Net Banking,Shipped
3613,Suresh Rao,Monitor,Electronics,9,22000,198000,2023-01-25,Surat,West,Kavya Reddy,Net Banking,Cancelled
3614,Arjun Nair,Printer,Electronics,4,12000,48000,2023-06-11,Bangalore,South,Suresh Iyer,Net Banking,Delivered
3615,Divya Singh,Laptop,Electronics,4,45000,180000,2023-01-09,Mumbai,West,Suresh Iyer,UPI,Delivered
3616,Kiran Kumar,Webcam,Accessories,6,2500,15000,2023-10-29,Hyderabad,South,Kavya Reddy,Credit Card,Processing
3617,Tanvi Mehta,Laptop,Electronics,7,45000,315000,2023-08-10,Mumbai,West,Suresh Iyer,Cash on Delivery,Processing
3618,Kiran Kumar,Monitor,Electronics,1,22000,22000,2023-11-28,Delhi,North,Priya Nair,Net Banking,Delivered
3619,Suresh Rao,Monitor,Electronics,5,22000,110000,2023-01-01,Chennai,South,Kavya Reddy,Net Banking,Delivered
3620,Arjun Nair,USB Hub,Accessories,14,600,8400,2023-10-30,Surat,West,Kavya Reddy,Credit Card,Delivered
3621,Kiran Kumar,Webcam,Accessories,13,2500,32500,2023-04-10,Ahmedabad,West,Suresh Iyer,UPI,Processing
3622,Pooja Gupta,Printer,Electronics,7,12000,84000,2023-10-01,Bangalore,South,Suresh Iyer,UPI,Cancelled
3623,Rahul Mishra,Speaker,Electronics,13,4500,58500,2023-01-08,Jaipur,North,Meera Patel,Cash on Delivery,Delivered
3624,Vikram Iyer,Tablet,Electronics,11,32000,352000,2023-12-05,Ahmedabad,West,Kavya Reddy,Credit Card,Processing
3625,Kiran Kumar,Laptop,Electronics,13,45000,585000,2023-10-30,Kolkata,East,Ravi Kumar,Net Banking,Cancelled
3626,Ramesh Kumar,Monitor,Electronics,8,22000,176000,2023-07-13,Surat,West,Meera Patel,UPI,Delivered
3627,Suresh Rao,Monitor,Electronics,7,22000,154000,2023-12-26,Bangalore,South,Priya Nair,Cash on Delivery,Shipped
3628,Rahul Mishra,USB Hub,Accessories,5,600,3000,2023-02-10,Mumbai,West,Anil Sharma,Net Banking,Shipped
3629,Rahul Mishra,Monitor,Electronics,6,22000,132000,2023-06-21,Jaipur,North,Priya Nair,Credit Card,Cancelled
3630,Priya Patel,Tablet,Electronics,5,32000,160000,2023-12-28,Jaipur,North,Ravi Kumar,Cash on Delivery,Processing
3631,Priya Patel,USB Hub,Accessories,3,600,1800,2023-02-08,Surat,West,Ravi Kumar,Net Banking,Delivered
3632,Kiran Kumar,Speaker,Electronics,7,4500,31500,2023-03-12,Surat,West,Deepak Joshi,UPI,Shipped
3633,Rahul Mishra,Keyboard,Accessories,8,1200,9600,2023-06-21,Surat,West,Sunita Rao,Cash on Delivery,Delivered
3634,Priya Patel,Headphones,Electronics,5,3500,17500,2023-03-09,Kolkata,East,Priya Nair,Net Banking,Processing
3635,Suresh Rao,Tablet,Electronics,6,32000,192000,2023-08-11,Mumbai,West,Ravi Kumar,Credit Card,Shipped
3636,Pooja Gupta,Keyboard,Accessories,8,1200,9600,2023-01-01,Kolkata,East,Anil Sharma,Credit Card,Delivered
3637,Tanvi Mehta,USB Hub,Accessories,15,600,9000,2023-12-27,Chennai,South,Priya Nair,Cash on Delivery,Processing
3638,Kavya Nambiar,Laptop,Electronics,3,45000,135000,2023-04-19,Jaipur,North,Ravi Kumar,Net Banking,Cancelled
3639,Ananya Das,Keyboard,Accessories,3,1200,3600,2023-10-14,Ahmedabad,West,Priya Nair,Net Banking,Delivered
3640,Vikram Iyer,Laptop,Electronics,8,45000,360000,2023-09-24,Delhi,North,Ravi Kumar,UPI,Processing
3641,Kiran Kumar,Tablet,Electronics,2,32000,64000,2023-03-11,Chennai,South,Sunita Rao,Cash on Delivery,Processing
3642,Suresh Rao,Laptop,Electronics,2,45000,90000,2023-01-31,Jaipur,North,Priya Nair,Credit Card,Delivered
3643,Ananya Das,Monitor,Electronics,6,22000,132000,2023-01-01,Surat,West,Ravi Kumar,Cash on Delivery,Delivered
3644,Priya Patel,Monitor,Electronics,3,22000,66000,2023-08-07,Kolkata,East,Anil Sharma,Net Banking,Shipped
3645,Amit Verma,Tablet,Electronics,14,32000,448000,2023-10-19,Mumbai,West,Meera Patel,Credit Card,Delivered
3646,Ananya Das,Tablet,Electronics,13,32000,416000,2023-08-09,Delhi,North,Priya Nair,Credit Card,Delivered
3647,Kavya Nambiar,Tablet,Electronics,15,32000,480000,2023-12-25,Hyderabad,South,Sunita Rao,Net Banking,Processing
3648,Amit Verma,Headphones,Electronics,13,3500,45500,2023-11-27,Chennai,South,Kavya Reddy,Cash on Delivery,Shipped
3649,Arjun Nair,USB Hub,Accessories,3,600,1800,2023-11-01,Kolkata,East,Deepak Joshi,Cash on Delivery,Delivered
3650,Tanvi Mehta,USB Hub,Accessories,10,600,6000,2023-09-21,Delhi,North,Ravi Kumar,Cash on Delivery,Shipped
3651,Tanvi Mehta,Headphones,Electronics,2,3500,7000,2023-04-20,Ahmedabad,West,Sunita Rao,Credit Card,Processing
3652,Suresh Rao,Webcam,Accessories,3,2500,7500,2023-06-30,Mumbai,West,Suresh Iyer,UPI,Shipped
3653,Sneha Reddy,Monitor,Electronics,15,22000,330000,2023-06-01,Jaipur,North,Priya Nair,Cash on Delivery,Processing
3654,Kiran Kumar,Printer,Electronics,6,12000,72000,2023-03-19,Chennai,South,Anil Sharma,Cash on Delivery,Processing
3655,Divya Singh,Printer,Electronics,1,12000,12000,2023-08-08,Pune,West,Meera Patel,UPI,Processing
3656,Rahul Mishra,Headphones,Electronics,9,3500,31500,2023-04-10,Ahmedabad,West,Deepak Joshi,UPI,Processing
3657,Kavya Nambiar,Mouse,Accessories,15,800,12000,2023-11-19,Pune,West,Deepak Joshi,Cash on Delivery,Shipped
3658,Ramesh Kumar,Printer,Electronics,6,12000,72000,2023-06-21,Mumbai,West,Kavya Reddy,Cash on Delivery,Processing
3659,Ananya Das,Laptop,Electronics,6,45000,270000,2023-08-18,Pune,West,Priya Nair,Net Banking,Delivered
3660,Ananya Das,Webcam,Accessories,3,2500,7500,2023-04-16,Pune,West,Ravi Kumar,Credit Card,Delivered
3661,Priya Patel,Printer,Electronics,15,12000,180000,2023-06-16,Kolkata,East,Anil Sharma,Cash on Delivery,Processing
3662,Priya Patel,Laptop,Electronics,2,45000,90000,2023-04-30,Surat,West,Sunita Rao,Credit Card,Cancelled
3663,Vikram Iyer,Printer,Electronics,2,12000,24000,2023-11-04,Pune,West,Anil Sharma,UPI,Processing
3664,Ramesh Kumar,Headphones,Electronics,11,3500,38500,2023-07-19,Jaipur,North,Ravi Kumar,UPI,Delivered
3665,Meera Joshi,USB Hub,Accessories,6,600,3600,2023-04-30,Surat,West,Deepak Joshi,Credit Card,Shipped
3666,Amit Verma,Laptop,Electronics,11,45000,495000,2023-03-11,Delhi,North,Kavya Reddy,Net Banking,Processing
3667,Suresh Rao,Laptop,Electronics,3,45000,135000,2023-08-02,Mumbai,West,Anil Sharma,Credit Card,Processing
3668,Tanvi Mehta,Monitor,Electronics,4,22000,88000,2023-04-04,Kolkata,East,Priya Nair,Net Banking,Cancelled
3669,Arjun Nair,Speaker,Electronics,1,4500,4500,2023-08-13,Kolkata,East,Anil Sharma,Cash on Delivery,Delivered
3670,Divya Singh,Tablet,Electronics,14,32000,448000,2023-03-08,Chennai,South,Anil Sharma,Net Banking,Processing
3671,Ramesh Kumar,Laptop,Electronics,11,45000,495000,2023-02-03,Chennai,South,Anil Sharma,Cash on Delivery,Processing
3672,Sneha Reddy,Speaker,Electronics,5,4500,22500,2023-01-07,Chennai,South,Sunita Rao,Credit Card,Processing
3673,Kiran Kumar,Webcam,Accessories,1,2500,2500,2023-04-20,Bangalore,South,Anil Sharma,Net Banking,Delivered
3674,Ananya Das,Monitor,Electronics,5,22000,110000,2023-11-17,Ahmedabad,West,Sunita Rao,UPI,Processing
3675,Rahul Mishra,Speaker,Electronics,15,4500,67500,2023-03-31,Surat,West,Priya Nair,Net Banking,Shipped
3676,Ramesh Kumar,Webcam,Accessories,6,2500,15000,2023-03-17,Surat,West,Priya Nair,Cash on Delivery,Delivered
3677,Ananya Das,Laptop,Electronics,7,45000,315000,2023-09-07,Mumbai,West,Anil Sharma,Credit Card,Cancelled
3678,Ramesh Kumar,Speaker,Electronics,15,4500,67500,2023-10-08,Pune,West,Sunita Rao,Cash on Delivery,Cancelled
3679,Tanvi Mehta,Tablet,Electronics,1,32000,32000,2023-12-23,Hyderabad,South,Meera Patel,Cash on Delivery,Processing
3680,Ananya Das,Keyboard,Accessories,11,1200,13200,2023-04-10,Chennai,South,Deepak Joshi,Net Banking,Processing
3681,Divya Singh,Mouse,Accessories,1,800,800,2023-07-21,Mumbai,West,Kavya Reddy,Cash on Delivery,Shipped
3682,Amit Verma,Webcam,Accessories,1,2500,2500,2023-04-22,Kolkata,East,Priya Nair,Credit Card,Delivered
3683,Arjun Nair,Tablet,Electronics,7,32000,224000,2023-06-10,Chennai,South,Ravi Kumar,Cash on Delivery,Shipped
3684,Arjun Nair,Headphones,Electronics,8,3500,28000,2023-10-03,Delhi,North,Ravi Kumar,Credit Card,Shipped
3685,Arjun Nair,Speaker,Electronics,4,4500,18000,2023-04-24,Bangalore,South,Priya Nair,Credit Card,Delivered
3686,Vikram Iyer,Laptop,Electronics,10,45000,450000,2023-01-21,Mumbai,West,Suresh Iyer,Credit Card,Processing
3687,Rahul Mishra,Mouse,Accessories,11,800,8800,2023-10-04,Mumbai,West,Suresh Iyer,Net Banking,Shipped
3688,Priya Patel,Laptop,Electronics,15,45000,675000,2023-03-01,Bangalore,South,Suresh Iyer,Cash on Delivery,Cancelled
3689,Arjun Nair,Mouse,Accessories,10,800,8000,2023-01-04,Bangalore,South,Priya Nair,Cash on Delivery,Processing
3690,Divya Singh,Speaker,Electronics,13,4500,58500,2023-10-06,Ahmedabad,West,Priya Nair,UPI,Delivered
3691,Suresh Rao,Keyboard,Accessories,12,1200,14400,2023-10-31,Surat,West,Suresh Iyer,Net Banking,Shipped
3692,Kiran Kumar,USB Hub,Accessories,4,600,2400,2023-05-04,Mumbai,West,Ravi Kumar,Credit Card,Shipped
3693,Amit Verma,Tablet,Electronics,6,32000,192000,2023-09-24,Kolkata,East,Sunita Rao,Net Banking,Cancelled
3694,Amit Verma,Tablet,Electronics,12,32000,384000,2023-11-02,Mumbai,West,Anil Sharma,Cash on Delivery,Delivered
3695,Sneha Reddy,Monitor,Electronics,14,22000,308000,2023-03-24,Kolkata,East,Anil Sharma,UPI,Shipped
3696,Suresh Rao,USB Hub,Accessories,2,600,1200,2023-11-28,Bangalore,South,Ravi Kumar,Credit Card,Processing
3697,Tanvi Mehta,Printer,Electronics,9,12000,108000,2023-10-21,Delhi,North,Kavya Reddy,Credit Card,Processing
3698,Suresh Rao,Speaker,Electronics,7,4500,31500,2023-02-24,Delhi,North,Sunita Rao,Cash on Delivery,Shipped
3699,Rahul Mishra,Printer,Electronics,6,12000,72000,2023-10-09,Kolkata,East,Sunita Rao,Net Banking,Cancelled
3700,Priya Patel,Tablet,Electronics,12,32000,384000,2023-12-20,Bangalore,South,Suresh Iyer,Credit Card,Delivered
3701,Suresh Rao,Webcam,Accessories,8,2500,20000,2023-10-01,Chennai,South,Meera Patel,Credit Card,Cancelled
3702,Divya Singh,Speaker,Electronics,9,4500,40500,2023-10-25,Bangalore,South,Ravi Kumar,Net Banking,Processing
3703,Rahul Mishra,Headphones,Electronics,11,3500,38500,2023-02-19,Mumbai,West,Ravi Kumar,UPI,Cancelled
3704,Rahul Mishra,Keyboard,Accessories,1,1200,1200,2023-04-01,Mumbai,West,Meera Patel,Net Banking,Shipped
3705,Ramesh Kumar,Mouse,Accessories,11,800,8800,2023-03-21,Bangalore,South,Deepak Joshi,Credit Card,Processing
3706,Sneha Reddy,Headphones,Electronics,5,3500,17500,2023-12-02,Jaipur,North,Ravi Kumar,Credit Card,Delivered
3707,Pooja Gupta,USB Hub,Accessories,10,600,6000,2023-11-05,Kolkata,East,Meera Patel,Credit Card,Shipped
3708,Sneha Reddy,Laptop,Electronics,1,45000,45000,2023-11-21,Bangalore,South,Anil Sharma,Net Banking,Shipped
3709,Divya Singh,Mouse,Accessories,3,800,2400,2023-08-13,Bangalore,South,Priya Nair,UPI,Delivered
3710,Ramesh Kumar,Mouse,Accessories,12,800,9600,2023-04-10,Kolkata,East,Ravi Kumar,Credit Card,Cancelled
3711,Kiran Kumar,Webcam,Accessories,7,2500,17500,2023-05-10,Mumbai,West,Meera Patel,Credit Card,Delivered
3712,Divya Singh,Webcam,Accessories,4,2500,10000,2023-08-14,Surat,West,Kavya Reddy,Net Banking,Cancelled
3713,Sneha Reddy,Speaker,Electronics,10,4500,45000,2023-10-03,Delhi,North,Ravi Kumar,Credit Card,Delivered
3714,Vikram Iyer,Keyboard,Accessories,2,1200,2400,2023-08-01,Surat,West,Sunita Rao,Cash on Delivery,Processing
3715,Ananya Das,USB Hub,Accessories,1,600,600,2023-03-23,Surat,West,Meera Patel,Credit Card,Delivered
3716,Kavya Nambiar,Headphones,Electronics,14,3500,49000,2023-10-05,Chennai,South,Deepak Joshi,Credit Card,Cancelled
3717,Priya Patel,USB Hub,Accessories,3,600,1800,2023-10-18,Bangalore,South,Meera Patel,Credit Card,Cancelled
3718,Meera Joshi,Tablet,Electronics,9,32000,288000,2023-01-29,Mumbai,West,Suresh Iyer,Net Banking,Cancelled
3719,Kiran Kumar,USB Hub,Accessories,13,600,7800,2023-01-21,Jaipur,North,Meera Patel,Cash on Delivery,Shipped
3720,Meera Joshi,Monitor,Electronics,9,22000,198000,2023-07-21,Surat,West,Priya Nair,Credit Card,Processing
3721,Arjun Nair,Speaker,Electronics,13,4500,58500,2023-05-11,Hyderabad,South,Anil Sharma,Cash on Delivery,Cancelled
3722,Ananya Das,USB Hub,Accessories,11,600,6600,2023-06-06,Chennai,South,Meera Patel,UPI,Cancelled
3723,Ananya Das,Webcam,Accessories,5,2500,12500,2023-11-28,Mumbai,West,Suresh Iyer,UPI,Cancelled
3724,Kiran Kumar,Mouse,Accessories,14,800,11200,2023-03-28,Bangalore,South,Ravi Kumar,Cash on Delivery,Delivered
3725,Sneha Reddy,Monitor,Electronics,3,22000,66000,2023-05-11,Hyderabad,South,Suresh Iyer,UPI,Processing
3726,Amit Verma,Printer,Electronics,5,12000,60000,2023-12-11,Kolkata,East,Sunita Rao,Credit Card,Cancelled
3727,Tanvi Mehta,Speaker,Electronics,2,4500,9000,2023-11-15,Surat,West,Suresh Iyer,UPI,Shipped
3728,Ananya Das,Headphones,Electronics,11,3500,38500,2023-11-04,Delhi,North,Suresh Iyer,Net Banking,Shipped
3729,Tanvi Mehta,Mouse,Accessories,6,800,4800,2023-05-03,Ahmedabad,West,Ravi Kumar,Net Banking,Cancelled
3730,Meera Joshi,Keyboard,Accessories,11,1200,13200,2023-01-30,Kolkata,East,Meera Patel,UPI,Shipped
3731,Suresh Rao,Headphones,Electronics,14,3500,49000,2023-01-18,Chennai,South,Meera Patel,Credit Card,Delivered
3732,Ramesh Kumar,Webcam,Accessories,8,2500,20000,2023-07-27,Ahmedabad,West,Priya Nair,Net Banking,Processing
3733,Ananya Das,Tablet,Electronics,15,32000,480000,2023-12-20,Pune,West,Deepak Joshi,Cash on Delivery,Processing
3734,Tanvi Mehta,Tablet,Electronics,10,32000,320000,2023-12-31,Pune,West,Deepak Joshi,Net Banking,Shipped
3735,Ananya Das,Webcam,Accessories,7,2500,17500,2023-07-09,Chennai,South,Kavya Reddy,Net Banking,Cancelled
3736,Kiran Kumar,USB Hub,Accessories,13,600,7800,2023-09-15,Surat,West,Sunita Rao,Cash on Delivery,Shipped
3737,Meera Joshi,Headphones,Electronics,2,3500,7000,2023-04-01,Bangalore,South,Deepak Joshi,Net Banking,Delivered
3738,Tanvi Mehta,Printer,Electronics,10,12000,120000,2023-06-20,Mumbai,West,Deepak Joshi,Credit Card,Processing
3739,Meera Joshi,Keyboard,Accessories,10,1200,12000,2023-03-15,Pune,West,Priya Nair,Cash on Delivery,Cancelled
3740,Kavya Nambiar,Headphones,Electronics,3,3500,10500,2023-02-27,Jaipur,North,Meera Patel,Credit Card,Cancelled
3741,Suresh Rao,Headphones,Electronics,4,3500,14000,2023-07-08,Bangalore,South,Sunita Rao,Net Banking,Shipped
3742,Ramesh Kumar,USB Hub,Accessories,15,600,9000,2023-05-27,Delhi,North,Deepak Joshi,UPI,Shipped
3743,Arjun Nair,Keyboard,Accessories,14,1200,16800,2023-03-01,Pune,West,Priya Nair,Net Banking,Shipped
3744,Sneha Reddy,Laptop,Electronics,10,45000,450000,2023-07-31,Jaipur,North,Kavya Reddy,UPI,Delivered
3745,Vikram Iyer,Laptop,Electronics,9,45000,405000,2023-11-27,Mumbai,West,Sunita Rao,Cash on Delivery,Processing
3746,Priya Patel,Keyboard,Accessories,15,1200,18000,2023-03-03,Bangalore,South,Priya Nair,Cash on Delivery,Delivered
3747,Sneha Reddy,Printer,Electronics,6,12000,72000,2023-03-22,Hyderabad,South,Priya Nair,Net Banking,Shipped
3748,Arjun Nair,USB Hub,Accessories,13,600,7800,2023-08-24,Ahmedabad,West,Deepak Joshi,Cash on Delivery,Delivered
3749,Amit Verma,Monitor,Electronics,4,22000,88000,2023-11-26,Jaipur,North,Anil Sharma,Cash on Delivery,Processing
3750,Divya Singh,Keyboard,Accessories,15,1200,18000,2023-08-16,Chennai,South,Kavya Reddy,UPI,Cancelled
3751,Sneha Reddy,USB Hub,Accessories,7,600,4200,2023-04-07,Kolkata,East,Kavya Reddy,Credit Card,Delivered
3752,Tanvi Mehta,Headphones,Electronics,11,3500,38500,2023-01-24,Mumbai,West,Priya Nair,UPI,Cancelled
3753,Meera Joshi,Printer,Electronics,1,12000,12000,2023-07-08,Delhi,North,Anil Sharma,Credit Card,Delivered
3754,Amit Verma,Keyboard,Accessories,14,1200,16800,2023-12-16,Jaipur,North,Ravi Kumar,Credit Card,Processing
3755,Kavya Nambiar,Keyboard,Accessories,8,1200,9600,2023-12-06,Kolkata,East,Meera Patel,Credit Card,Cancelled
3756,Ananya Das,Laptop,Electronics,5,45000,225000,2023-04-27,Surat,West,Sunita Rao,UPI,Cancelled
3757,Tanvi Mehta,Printer,Electronics,8,12000,96000,2023-03-26,Delhi,North,Anil Sharma,UPI,Delivered
3758,Meera Joshi,Mouse,Accessories,10,800,8000,2023-06-27,Pune,West,Ravi Kumar,Cash on Delivery,Shipped
3759,Ananya Das,Laptop,Electronics,11,45000,495000,2023-04-06,Surat,West,Kavya Reddy,UPI,Processing
3760,Kavya Nambiar,Keyboard,Accessories,10,1200,12000,2023-06-30,Kolkata,East,Meera Patel,UPI,Shipped
3761,Suresh Rao,Keyboard,Accessories,11,1200,13200,2023-12-21,Bangalore,South,Kavya Reddy,UPI,Shipped
3762,Ramesh Kumar,Printer,Electronics,10,12000,120000,2023-03-31,Surat,West,Deepak Joshi,Net Banking,Cancelled
3763,Sneha Reddy,Mouse,Accessories,4,800,3200,2023-03-08,Kolkata,East,Suresh Iyer,Cash on Delivery,Delivered
3764,Kiran Kumar,Printer,Electronics,1,12000,12000,2023-08-29,Kolkata,East,Sunita Rao,Credit Card,Cancelled
3765,Ananya Das,Laptop,Electronics,3,45000,135000,2023-07-19,Ahmedabad,West,Kavya Reddy,Credit Card,Shipped
3766,Ramesh Kumar,Mouse,Accessories,1,800,800,2023-02-20,Pune,West,Kavya Reddy,Credit Card,Shipped
3767,Kavya Nambiar,USB Hub,Accessories,6,600,3600,2023-11-27,Delhi,North,Meera Patel,UPI,Delivered
3768,Suresh Rao,Tablet,Electronics,15,32000,480000,2023-12-29,Pune,West,Deepak Joshi,Net Banking,Cancelled
3769,Suresh Rao,Tablet,Electronics,6,32000,192000,2023-08-15,Chennai,South,Deepak Joshi,UPI,Shipped
3770,Amit Verma,Mouse,Accessories,12,800,9600,2023-03-20,Chennai,South,Ravi Kumar,Credit Card,Delivered
3771,Meera Joshi,Speaker,Electronics,5,4500,22500,2023-03-20,Hyderabad,South,Ravi Kumar,UPI,Shipped
3772,Amit Verma,Webcam,Accessories,1,2500,2500,2023-07-13,Pune,West,Priya Nair,UPI,Processing
3773,Suresh Rao,Laptop,Electronics,4,45000,180000,2023-11-22,Pune,West,Kavya Reddy,UPI,Delivered
3774,Kiran Kumar,Monitor,Electronics,1,22000,22000,2023-05-20,Ahmedabad,West,Kavya Reddy,Net Banking,Delivered
3775,Meera Joshi,Mouse,Accessories,8,800,6400,2023-12-09,Mumbai,West,Meera Patel,Net Banking,Delivered
3776,Tanvi Mehta,Printer,Electronics,3,12000,36000,2023-01-07,Kolkata,East,Sunita Rao,UPI,Cancelled
3777,Rahul Mishra,Keyboard,Accessories,11,1200,13200,2023-01-30,Pune,West,Deepak Joshi,Cash on Delivery,Shipped
3778,Kiran Kumar,Speaker,Electronics,11,4500,49500,2023-07-07,Jaipur,North,Sunita Rao,Net Banking,Processing
3779,Arjun Nair,Tablet,Electronics,6,32000,192000,2023-06-13,Mumbai,West,Sunita Rao,UPI,Delivered
3780,Priya Patel,Webcam,Accessories,7,2500,17500,2023-05-18,Delhi,North,Sunita Rao,Net Banking,Processing
3781,Tanvi Mehta,USB Hub,Accessories,1,600,600,2023-10-19,Hyderabad,South,Sunita Rao,Cash on Delivery,Shipped
3782,Divya Singh,Speaker,Electronics,8,4500,36000,2023-10-08,Kolkata,East,Priya Nair,UPI,Delivered
3783,Ramesh Kumar,Tablet,Electronics,13,32000,416000,2023-03-12,Mumbai,West,Deepak Joshi,UPI,Cancelled
3784,Kavya Nambiar,Keyboard,Accessories,2,1200,2400,2023-11-15,Mumbai,West,Kavya Reddy,Credit Card,Shipped
3785,Sneha Reddy,Monitor,Electronics,5,22000,110000,2023-02-07,Bangalore,South,Meera Patel,Cash on Delivery,Cancelled
3786,Divya Singh,Tablet,Electronics,10,32000,320000,2023-11-28,Ahmedabad,West,Suresh Iyer,Credit Card,Cancelled
3787,Divya Singh,Mouse,Accessories,3,800,2400,2023-08-07,Delhi,North,Kavya Reddy,UPI,Delivered
3788,Vikram Iyer,Speaker,Electronics,3,4500,13500,2023-08-13,Bangalore,South,Suresh Iyer,Credit Card,Cancelled
3789,Ananya Das,Webcam,Accessories,9,2500,22500,2023-10-01,Surat,West,Kavya Reddy,Cash on Delivery,Processing
3790,Ananya Das,Mouse,Accessories,11,800,8800,2023-12-17,Chennai,South,Deepak Joshi,UPI,Delivered
3791,Meera Joshi,Speaker,Electronics,11,4500,49500,2023-07-15,Delhi,North,Deepak Joshi,UPI,Delivered
3792,Amit Verma,Printer,Electronics,11,12000,132000,2023-06-21,Surat,West,Meera Patel,Credit Card,Shipped
3793,Priya Patel,Laptop,Electronics,2,45000,90000,2023-10-28,Bangalore,South,Priya Nair,Credit Card,Processing
3794,Ananya Das,Tablet,Electronics,5,32000,160000,2023-05-25,Pune,West,Kavya Reddy,Net Banking,Cancelled
3795,Kiran Kumar,Laptop,Electronics,1,45000,45000,2023-03-13,Mumbai,West,Kavya Reddy,Cash on Delivery,Processing
3796,Divya Singh,Headphones,Electronics,11,3500,38500,2023-08-11,Ahmedabad,West,Suresh Iyer,Net Banking,Cancelled
3797,Tanvi Mehta,Speaker,Electronics,15,4500,67500,2023-06-08,Jaipur,North,Sunita Rao,Cash on Delivery,Shipped
3798,Ramesh Kumar,USB Hub,Accessories,7,600,4200,2023-12-20,Kolkata,East,Deepak Joshi,Net Banking,Delivered
3799,Meera Joshi,Laptop,Electronics,4,45000,180000,2023-06-30,Pune,West,Meera Patel,Cash on Delivery,Shipped
3800,Arjun Nair,Laptop,Electronics,12,45000,540000,2023-07-17,Surat,West,Suresh Iyer,UPI,Cancelled
3801,Ananya Das,Tablet,Electronics,2,32000,64000,2023-11-22,Delhi,North,Priya Nair,UPI,Cancelled
3802,Pooja Gupta,Mouse,Accessories,4,800,3200,2023-01-26,Kolkata,East,Priya Nair,Cash on Delivery,Delivered
3803,Amit Verma,Keyboard,Accessories,6,1200,7200,2023-02-26,Kolkata,East,Ravi Kumar,Cash on Delivery,Cancelled
3804,Priya Patel,Mouse,Accessories,5,800,4000,2023-05-01,Pune,West,Priya Nair,Net Banking,Processing
3805,Kiran Kumar,Speaker,Electronics,6,4500,27000,2023-05-25,Pune,West,Suresh Iyer,UPI,Processing
3806,Pooja Gupta,Webcam,Accessories,14,2500,35000,2023-05-30,Hyderabad,South,Meera Patel,Net Banking,Processing
3807,Kiran Kumar,Monitor,Electronics,10,22000,220000,2023-03-04,Hyderabad,South,Meera Patel,UPI,Processing
3808,Sneha Reddy,Headphones,Electronics,8,3500,28000,2023-05-26,Surat,West,Deepak Joshi,Cash on Delivery,Processing
3809,Kavya Nambiar,Laptop,Electronics,13,45000,585000,2023-12-13,Ahmedabad,West,Ravi Kumar,UPI,Shipped
3810,Kiran Kumar,Laptop,Electronics,6,45000,270000,2023-09-14,Surat,West,Ravi Kumar,Cash on Delivery,Shipped
3811,Ananya Das,Speaker,Electronics,11,4500,49500,2023-09-25,Ahmedabad,West,Deepak Joshi,Credit Card,Shipped
3812,Divya Singh,Keyboard,Accessories,1,1200,1200,2023-10-20,Delhi,North,Ravi Kumar,Credit Card,Shipped
3813,Divya Singh,Monitor,Electronics,13,22000,286000,2023-01-23,Jaipur,North,Priya Nair,Net Banking,Processing
3814,Suresh Rao,Mouse,Accessories,11,800,8800,2023-12-30,Hyderabad,South,Suresh Iyer,Net Banking,Processing
3815,Ramesh Kumar,Tablet,Electronics,3,32000,96000,2023-03-06,Surat,West,Meera Patel,Credit Card,Delivered
3816,Kavya Nambiar,Headphones,Electronics,10,3500,35000,2023-08-10,Hyderabad,South,Deepak Joshi,Cash on Delivery,Delivered
3817,Ramesh Kumar,Keyboard,Accessories,4,1200,4800,2023-10-18,Surat,West,Anil Sharma,UPI,Processing
3818,Sneha Reddy,Monitor,Electronics,13,22000,286000,2023-02-28,Bangalore,South,Kavya Reddy,Net Banking,Cancelled
3819,Kiran Kumar,Webcam,Accessories,12,2500,30000,2023-11-01,Ahmedabad,West,Meera Patel,Net Banking,Processing
3820,Suresh Rao,Tablet,Electronics,9,32000,288000,2023-08-09,Mumbai,West,Sunita Rao,UPI,Delivered
3821,Sneha Reddy,Headphones,Electronics,9,3500,31500,2023-06-02,Kolkata,East,Deepak Joshi,Net Banking,Cancelled
3822,Sneha Reddy,USB Hub,Accessories,2,600,1200,2023-02-07,Chennai,South,Priya Nair,Credit Card,Shipped
3823,Amit Verma,Headphones,Electronics,4,3500,14000,2023-07-28,Bangalore,South,Ravi Kumar,Credit Card,Shipped
3824,Amit Verma,Mouse,Accessories,8,800,6400,2023-05-30,Hyderabad,South,Deepak Joshi,Cash on Delivery,Shipped
3825,Vikram Iyer,Monitor,Electronics,5,22000,110000,2023-04-29,Mumbai,West,Kavya Reddy,Cash on Delivery,Cancelled
3826,Suresh Rao,Printer,Electronics,1,12000,12000,2023-10-10,Mumbai,West,Priya Nair,UPI,Processing
3827,Tanvi Mehta,USB Hub,Accessories,1,600,600,2023-03-20,Surat,West,Sunita Rao,Cash on Delivery,Cancelled
3828,Sneha Reddy,Headphones,Electronics,8,3500,28000,2023-05-15,Delhi,North,Anil Sharma,Net Banking,Shipped
3829,Rahul Mishra,Webcam,Accessories,3,2500,7500,2023-04-27,Mumbai,West,Priya Nair,Credit Card,Shipped
3830,Kiran Kumar,Keyboard,Accessories,10,1200,12000,2023-05-24,Ahmedabad,West,Suresh Iyer,Net Banking,Shipped
3831,Sneha Reddy,Tablet,Electronics,12,32000,384000,2023-03-23,Kolkata,East,Meera Patel,UPI,Shipped
3832,Ramesh Kumar,Speaker,Electronics,1,4500,4500,2023-03-11,Chennai,South,Ravi Kumar,Net Banking,Cancelled
3833,Tanvi Mehta,Speaker,Electronics,4,4500,18000,2023-04-15,Delhi,North,Anil Sharma,UPI,Delivered
3834,Divya Singh,Mouse,Accessories,5,800,4000,2023-07-29,Chennai,South,Kavya Reddy,Credit Card,Delivered
3835,Divya Singh,USB Hub,Accessories,6,600,3600,2023-01-06,Jaipur,North,Suresh Iyer,UPI,Cancelled
3836,Sneha Reddy,Speaker,Electronics,6,4500,27000,2023-06-11,Surat,West,Anil Sharma,UPI,Processing
3837,Tanvi Mehta,Webcam,Accessories,1,2500,2500,2023-02-10,Chennai,South,Ravi Kumar,UPI,Processing
3838,Sneha Reddy,Tablet,Electronics,4,32000,128000,2023-01-15,Bangalore,South,Deepak Joshi,UPI,Delivered
3839,Priya Patel,Keyboard,Accessories,5,1200,6000,2023-08-23,Ahmedabad,West,Anil Sharma,Credit Card,Cancelled
3840,Arjun Nair,Keyboard,Accessories,11,1200,13200,2023-03-09,Bangalore,South,Anil Sharma,Net Banking,Delivered
3841,Vikram Iyer,Tablet,Electronics,15,32000,480000,2023-05-13,Pune,West,Kavya Reddy,Credit Card,Cancelled
3842,Kiran Kumar,Tablet,Electronics,14,32000,448000,2023-05-14,Kolkata,East,Sunita Rao,UPI,Processing
3843,Rahul Mishra,Laptop,Electronics,6,45000,270000,2023-11-24,Pune,West,Meera Patel,Cash on Delivery,Shipped
3844,Kavya Nambiar,Tablet,Electronics,6,32000,192000,2023-09-16,Bangalore,South,Sunita Rao,UPI,Shipped
3845,Suresh Rao,Webcam,Accessories,1,2500,2500,2023-10-27,Surat,West,Priya Nair,Cash on Delivery,Cancelled
3846,Tanvi Mehta,Printer,Electronics,12,12000,144000,2023-05-11,Hyderabad,South,Ravi Kumar,UPI,Cancelled
3847,Suresh Rao,Mouse,Accessories,8,800,6400,2023-10-21,Chennai,South,Sunita Rao,UPI,Delivered
3848,Priya Patel,Keyboard,Accessories,2,1200,2400,2023-01-25,Delhi,North,Kavya Reddy,Credit Card,Shipped
3849,Ramesh Kumar,Webcam,Accessories,7,2500,17500,2023-11-11,Ahmedabad,West,Sunita Rao,Cash on Delivery,Delivered
3850,Suresh Rao,Tablet,Electronics,12,32000,384000,2023-01-19,Hyderabad,South,Meera Patel,UPI,Processing
3851,Arjun Nair,Monitor,Electronics,10,22000,220000,2023-11-13,Surat,West,Priya Nair,UPI,Processing
3852,Amit Verma,Monitor,Electronics,2,22000,44000,2023-03-30,Jaipur,North,Ravi Kumar,Cash on Delivery,Cancelled
3853,Divya Singh,Headphones,Electronics,4,3500,14000,2023-10-13,Chennai,South,Ravi Kumar,UPI,Delivered
3854,Priya Patel,Webcam,Accessories,3,2500,7500,2023-03-15,Hyderabad,South,Suresh Iyer,UPI,Cancelled
3855,Kiran Kumar,Webcam,Accessories,10,2500,25000,2023-11-27,Hyderabad,South,Meera Patel,UPI,Delivered
3856,Arjun Nair,Printer,Electronics,4,12000,48000,2023-05-29,Chennai,South,Deepak Joshi,Cash on Delivery,Delivered
3857,Divya Singh,Headphones,Electronics,14,3500,49000,2023-09-23,Ahmedabad,West,Priya Nair,Credit Card,Processing
3858,Ramesh Kumar,Tablet,Electronics,13,32000,416000,2023-03-27,Mumbai,West,Priya Nair,Cash on Delivery,Processing
3859,Sneha Reddy,Monitor,Electronics,13,22000,286000,2023-06-10,Surat,West,Kavya Reddy,Cash on Delivery,Processing
3860,Vikram Iyer,Speaker,Electronics,7,4500,31500,2023-08-07,Bangalore,South,Meera Patel,UPI,Processing
3861,Divya Singh,USB Hub,Accessories,5,600,3000,2023-04-05,Chennai,South,Kavya Reddy,Cash on Delivery,Processing
3862,Ananya Das,Keyboard,Accessories,15,1200,18000,2023-07-03,Bangalore,South,Ravi Kumar,Credit Card,Cancelled
3863,Priya Patel,Monitor,Electronics,6,22000,132000,2023-10-05,Pune,West,Ravi Kumar,UPI,Delivered
3864,Amit Verma,Webcam,Accessories,12,2500,30000,2023-03-22,Surat,West,Deepak Joshi,Credit Card,Delivered
3865,Amit Verma,Webcam,Accessories,4,2500,10000,2023-01-22,Pune,West,Priya Nair,Net Banking,Cancelled
3866,Vikram Iyer,Mouse,Accessories,4,800,3200,2023-08-26,Pune,West,Ravi Kumar,Cash on Delivery,Shipped
3867,Ramesh Kumar,Speaker,Electronics,11,4500,49500,2023-04-03,Hyderabad,South,Suresh Iyer,Cash on Delivery,Delivered
3868,Ramesh Kumar,Webcam,Accessories,10,2500,25000,2023-09-21,Hyderabad,South,Priya Nair,Credit Card,Shipped
3869,Rahul Mishra,Mouse,Accessories,4,800,3200,2023-12-02,Delhi,North,Anil Sharma,Credit Card,Processing
3870,Pooja Gupta,Speaker,Electronics,14,4500,63000,2023-04-25,Ahmedabad,West,Ravi Kumar,Credit Card,Delivered
3871,Suresh Rao,Keyboard,Accessories,2,1200,2400,2023-03-30,Bangalore,South,Sunita Rao,Net Banking,Processing
3872,Rahul Mishra,Printer,Electronics,12,12000,144000,2023-07-10,Delhi,North,Ravi Kumar,Cash on Delivery,Cancelled
3873,Tanvi Mehta,Printer,Electronics,7,12000,84000,2023-06-02,Jaipur,North,Anil Sharma,Credit Card,Delivered
3874,Rahul Mishra,Printer,Electronics,5,12000,60000,2023-10-12,Kolkata,East,Anil Sharma,Cash on Delivery,Processing
3875,Ramesh Kumar,Headphones,Electronics,14,3500,49000,2023-12-11,Bangalore,South,Anil Sharma,Cash on Delivery,Shipped
3876,Divya Singh,Speaker,Electronics,15,4500,67500,2023-09-12,Ahmedabad,West,Kavya Reddy,UPI,Processing
3877,Vikram Iyer,Printer,Electronics,13,12000,156000,2023-07-18,Kolkata,East,Suresh Iyer,Net Banking,Cancelled
3878,Pooja Gupta,Headphones,Electronics,10,3500,35000,2023-08-11,Delhi,North,Ravi Kumar,UPI,Processing
3879,Pooja Gupta,Keyboard,Accessories,10,1200,12000,2023-03-14,Delhi,North,Suresh Iyer,UPI,Shipped
3880,Arjun Nair,Monitor,Electronics,3,22000,66000,2023-01-09,Chennai,South,Sunita Rao,Credit Card,Processing
3881,Sneha Reddy,Keyboard,Accessories,5,1200,6000,2023-09-30,Surat,West,Sunita Rao,Net Banking,Cancelled
3882,Kavya Nambiar,Printer,Electronics,13,12000,156000,2023-12-25,Surat,West,Sunita Rao,Credit Card,Cancelled
3883,Ananya Das,Speaker,Electronics,3,4500,13500,2023-07-28,Jaipur,North,Deepak Joshi,Credit Card,Shipped
3884,Ramesh Kumar,Printer,Electronics,2,12000,24000,2023-10-09,Chennai,South,Anil Sharma,UPI,Cancelled
3885,Pooja Gupta,USB Hub,Accessories,1,600,600,2023-12-19,Pune,West,Ravi Kumar,Credit Card,Delivered
3886,Pooja Gupta,Laptop,Electronics,15,45000,675000,2023-04-11,Kolkata,East,Ravi Kumar,Net Banking,Shipped
3887,Ramesh Kumar,Printer,Electronics,4,12000,48000,2023-02-19,Pune,West,Priya Nair,Credit Card,Processing
3888,Tanvi Mehta,Keyboard,Accessories,4,1200,4800,2023-09-29,Hyderabad,South,Meera Patel,Credit Card,Processing
3889,Kavya Nambiar,Printer,Electronics,15,12000,180000,2023-08-02,Bangalore,South,Ravi Kumar,Credit Card,Delivered
3890,Kiran Kumar,Tablet,Electronics,9,32000,288000,2023-12-24,Pune,West,Ravi Kumar,Cash on Delivery,Cancelled
3891,Tanvi Mehta,Mouse,Accessories,3,800,2400,2023-10-12,Chennai,South,Meera Patel,Cash on Delivery,Shipped
3892,Rahul Mishra,Mouse,Accessories,7,800,5600,2023-02-12,Jaipur,North,Priya Nair,Credit Card,Cancelled
3893,Sneha Reddy,Keyboard,Accessories,8,1200,9600,2023-02-23,Pune,West,Suresh Iyer,Net Banking,Delivered
3894,Vikram Iyer,Laptop,Electronics,4,45000,180000,2023-03-21,Delhi,North,Ravi Kumar,UPI,Shipped
3895,Rahul Mishra,Speaker,Electronics,2,4500,9000,2023-12-11,Bangalore,South,Meera Patel,Net Banking,Shipped
3896,Rahul Mishra,Tablet,Electronics,12,32000,384000,2023-02-02,Surat,West,Kavya Reddy,Net Banking,Delivered
3897,Priya Patel,USB Hub,Accessories,8,600,4800,2023-07-17,Jaipur,North,Anil Sharma,Cash on Delivery,Processing
3898,Tanvi Mehta,Speaker,Electronics,1,4500,4500,2023-11-22,Bangalore,South,Sunita Rao,Net Banking,Shipped
3899,Ananya Das,Monitor,Electronics,3,22000,66000,2023-08-28,Surat,West,Kavya Reddy,Cash on Delivery,Delivered
3900,Meera Joshi,Tablet,Electronics,12,32000,384000,2023-02-26,Ahmedabad,West,Suresh Iyer,UPI,Processing
3901,Ramesh Kumar,Webcam,Accessories,3,2500,7500,2023-12-12,Jaipur,North,Ravi Kumar,Cash on Delivery,Cancelled
3902,Suresh Rao,Webcam,Accessories,9,2500,22500,2023-07-16,Pune,West,Ravi Kumar,Net Banking,Delivered
3903,Arjun Nair,Keyboard,Accessories,8,1200,9600,2023-04-15,Kolkata,East,Ravi Kumar,Net Banking,Processing
3904,Kiran Kumar,Mouse,Accessories,5,800,4000,2023-12-10,Surat,West,Anil Sharma,Cash on Delivery,Processing
3905,Ramesh Kumar,Keyboard,Accessories,14,1200,16800,2023-11-08,Surat,West,Kavya Reddy,Net Banking,Cancelled
3906,Ananya Das,Keyboard,Accessories,7,1200,8400,2023-08-05,Surat,West,Deepak Joshi,Credit Card,Cancelled
3907,Ramesh Kumar,Speaker,Electronics,7,4500,31500,2023-09-06,Surat,West,Anil Sharma,Cash on Delivery,Processing
3908,Vikram Iyer,Tablet,Electronics,9,32000,288000,2023-06-30,Hyderabad,South,Deepak Joshi,Cash on Delivery,Processing
3909,Suresh Rao,Monitor,Electronics,4,22000,88000,2023-11-08,Ahmedabad,West,Deepak Joshi,Credit Card,Cancelled
3910,Rahul Mishra,Tablet,Electronics,5,32000,160000,2023-08-23,Chennai,South,Priya Nair,UPI,Cancelled
3911,Priya Patel,Speaker,Electronics,13,4500,58500,2023-10-01,Ahmedabad,West,Suresh Iyer,Net Banking,Delivered
3912,Suresh Rao,Headphones,Electronics,6,3500,21000,2023-01-06,Hyderabad,South,Ravi Kumar,Cash on Delivery,Delivered
3913,Amit Verma,Webcam,Accessories,2,2500,5000,2023-01-17,Bangalore,South,Suresh Iyer,UPI,Cancelled
3914,Rahul Mishra,Laptop,Electronics,7,45000,315000,2023-05-29,Pune,West,Anil Sharma,Credit Card,Shipped
3915,Meera Joshi,Headphones,Electronics,14,3500,49000,2023-05-10,Ahmedabad,West,Sunita Rao,UPI,Delivered
3916,Sneha Reddy,Printer,Electronics,10,12000,120000,2023-10-12,Ahmedabad,West,Anil Sharma,Net Banking,Cancelled
3917,Ananya Das,Headphones,Electronics,9,3500,31500,2023-05-02,Ahmedabad,West,Kavya Reddy,Net Banking,Delivered
3918,Ramesh Kumar,Printer,Electronics,7,12000,84000,2023-05-02,Kolkata,East,Ravi Kumar,Cash on Delivery,Processing
3919,Ramesh Kumar,Laptop,Electronics,1,45000,45000,2023-04-19,Mumbai,West,Priya Nair,Cash on Delivery,Cancelled
3920,Meera Joshi,Monitor,Electronics,15,22000,330000,2023-11-02,Surat,West,Meera Patel,Credit Card,Processing
3921,Arjun Nair,USB Hub,Accessories,2,600,1200,2023-10-13,Hyderabad,South,Meera Patel,Cash on Delivery,Processing
3922,Rahul Mishra,USB Hub,Accessories,10,600,6000,2023-01-27,Jaipur,North,Kavya Reddy,Credit Card,Delivered
3923,Tanvi Mehta,Printer,Electronics,3,12000,36000,2023-08-01,Jaipur,North,Anil Sharma,Credit Card,Delivered
3924,Priya Patel,Mouse,Accessories,6,800,4800,2023-12-19,Pune,West,Anil Sharma,UPI,Processing
3925,Ananya Das,Headphones,Electronics,5,3500,17500,2023-03-09,Hyderabad,South,Anil Sharma,Cash on Delivery,Cancelled
3926,Tanvi Mehta,Headphones,Electronics,7,3500,24500,2023-10-14,Kolkata,East,Suresh Iyer,Net Banking,Shipped
3927,Suresh Rao,Headphones,Electronics,7,3500,24500,2023-03-14,Mumbai,West,Ravi Kumar,Credit Card,Processing
3928,Kavya Nambiar,Webcam,Accessories,10,2500,25000,2023-08-12,Surat,West,Kavya Reddy,UPI,Processing
3929,Priya Patel,USB Hub,Accessories,3,600,1800,2023-04-03,Bangalore,South,Anil Sharma,Net Banking,Shipped
3930,Arjun Nair,Mouse,Accessories,8,800,6400,2023-01-16,Hyderabad,South,Kavya Reddy,Net Banking,Cancelled
3931,Vikram Iyer,USB Hub,Accessories,9,600,5400,2023-05-28,Hyderabad,South,Priya Nair,Net Banking,Shipped
3932,Priya Patel,Speaker,Electronics,6,4500,27000,2023-03-29,Pune,West,Meera Patel,UPI,Processing
3933,Amit Verma,Laptop,Electronics,14,45000,630000,2023-02-11,Jaipur,North,Deepak Joshi,Net Banking,Processing
3934,Kavya Nambiar,Mouse,Accessories,3,800,2400,2023-12-26,Delhi,North,Anil Sharma,Credit Card,Shipped
3935,Priya Patel,USB Hub,Accessories,11,600,6600,2023-04-05,Bangalore,South,Sunita Rao,Cash on Delivery,Shipped
3936,Kiran Kumar,Keyboard,Accessories,8,1200,9600,2023-03-22,Jaipur,North,Deepak Joshi,UPI,Processing
3937,Meera Joshi,Printer,Electronics,12,12000,144000,2023-12-12,Kolkata,East,Priya Nair,UPI,Shipped
3938,Kavya Nambiar,Speaker,Electronics,3,4500,13500,2023-12-15,Hyderabad,South,Priya Nair,UPI,Processing
3939,Meera Joshi,Monitor,Electronics,2,22000,44000,2023-09-15,Pune,West,Kavya Reddy,Net Banking,Delivered
3940,Tanvi Mehta,Tablet,Electronics,1,32000,32000,2023-06-22,Delhi,North,Anil Sharma,Credit Card,Processing
3941,Divya Singh,Headphones,Electronics,2,3500,7000,2023-05-13,Surat,West,Kavya Reddy,Net Banking,Processing
3942,Vikram Iyer,Tablet,Electronics,13,32000,416000,2023-07-07,Chennai,South,Meera Patel,Net Banking,Shipped
3943,Pooja Gupta,Headphones,Electronics,14,3500,49000,2023-09-28,Jaipur,North,Deepak Joshi,Credit Card,Cancelled
3944,Pooja Gupta,Monitor,Electronics,10,22000,220000,2023-06-03,Kolkata,East,Kavya Reddy,UPI,Processing
3945,Meera Joshi,Headphones,Electronics,4,3500,14000,2023-01-19,Surat,West,Meera Patel,Cash on Delivery,Delivered
3946,Sneha Reddy,Mouse,Accessories,2,800,1600,2023-09-29,Chennai,South,Suresh Iyer,Credit Card,Delivered
3947,Rahul Mishra,Mouse,Accessories,14,800,11200,2023-11-26,Chennai,South,Ravi Kumar,Cash on Delivery,Delivered
3948,Tanvi Mehta,Printer,Electronics,9,12000,108000,2023-10-01,Jaipur,North,Ravi Kumar,Credit Card,Processing
3949,Sneha Reddy,Keyboard,Accessories,9,1200,10800,2023-09-01,Jaipur,North,Anil Sharma,Net Banking,Cancelled
3950,Meera Joshi,Keyboard,Accessories,11,1200,13200,2023-02-02,Kolkata,East,Ravi Kumar,Credit Card,Cancelled
3951,Sneha Reddy,Headphones,Electronics,6,3500,21000,2023-12-05,Pune,West,Priya Nair,UPI,Cancelled
3952,Ananya Das,Printer,Electronics,2,12000,24000,2023-09-20,Mumbai,West,Sunita Rao,Net Banking,Cancelled
3953,Kavya Nambiar,Tablet,Electronics,5,32000,160000,2023-05-23,Chennai,South,Suresh Iyer,Cash on Delivery,Delivered
3954,Tanvi Mehta,Tablet,Electronics,12,32000,384000,2023-07-13,Jaipur,North,Ravi Kumar,Cash on Delivery,Delivered
3955,Amit Verma,Headphones,Electronics,4,3500,14000,2023-07-22,Chennai,South,Deepak Joshi,Cash on Delivery,Cancelled
3956,Ananya Das,Headphones,Electronics,1,3500,3500,2023-11-09,Kolkata,East,Anil Sharma,Credit Card,Delivered
3957,Meera Joshi,Laptop,Electronics,10,45000,450000,2023-10-11,Ahmedabad,West,Kavya Reddy,UPI,Delivered
3958,Pooja Gupta,Printer,Electronics,14,12000,168000,2023-12-17,Chennai,South,Priya Nair,UPI,Delivered
3959,Vikram Iyer,Monitor,Electronics,10,22000,220000,2023-07-29,Ahmedabad,West,Deepak Joshi,Net Banking,Shipped
3960,Suresh Rao,Headphones,Electronics,5,3500,17500,2023-09-21,Pune,West,Deepak Joshi,Cash on Delivery,Processing
3961,Kavya Nambiar,Tablet,Electronics,9,32000,288000,2023-07-09,Bangalore,South,Kavya Reddy,Net Banking,Processing
3962,Kavya Nambiar,Printer,Electronics,9,12000,108000,2023-02-26,Bangalore,South,Anil Sharma,UPI,Shipped
3963,Divya Singh,Monitor,Electronics,12,22000,264000,2023-10-26,Jaipur,North,Sunita Rao,UPI,Processing
3964,Ananya Das,Printer,Electronics,4,12000,48000,2023-11-24,Ahmedabad,West,Kavya Reddy,Credit Card,Cancelled
3965,Rahul Mishra,Laptop,Electronics,13,45000,585000,2023-10-25,Kolkata,East,Deepak Joshi,Net Banking,Processing
3966,Kiran Kumar,Monitor,Electronics,13,22000,286000,2023-04-16,Hyderabad,South,Kavya Reddy,UPI,Cancelled
3967,Pooja Gupta,Printer,Electronics,2,12000,24000,2023-04-04,Delhi,North,Meera Patel,Credit Card,Shipped
3968,Kavya Nambiar,Printer,Electronics,6,12000,72000,2023-08-11,Ahmedabad,West,Sunita Rao,Credit Card,Shipped
3969,Priya Patel,Speaker,Electronics,14,4500,63000,2023-10-03,Jaipur,North,Deepak Joshi,Net Banking,Delivered
3970,Vikram Iyer,Laptop,Electronics,11,45000,495000,2023-10-21,Surat,West,Ravi Kumar,Credit Card,Cancelled
3971,Meera Joshi,Tablet,Electronics,1,32000,32000,2023-07-09,Surat,West,Ravi Kumar,Cash on Delivery,Cancelled
3972,Priya Patel,Speaker,Electronics,4,4500,18000,2023-07-11,Chennai,South,Priya Nair,Credit Card,Cancelled
3973,Vikram Iyer,Laptop,Electronics,4,45000,180000,2023-03-06,Kolkata,East,Suresh Iyer,Credit Card,Delivered
3974,Priya Patel,Monitor,Electronics,4,22000,88000,2023-10-27,Surat,West,Anil Sharma,UPI,Shipped
3975,Vikram Iyer,Speaker,Electronics,5,4500,22500,2023-03-10,Jaipur,North,Priya Nair,Net Banking,Delivered
3976,Ramesh Kumar,Mouse,Accessories,1,800,800,2023-10-21,Pune,West,Priya Nair,Credit Card,Delivered
3977,Tanvi Mehta,Laptop,Electronics,6,45000,270000,2023-02-01,Hyderabad,South,Ravi Kumar,Net Banking,Shipped
3978,Tanvi Mehta,Tablet,Electronics,7,32000,224000,2023-02-05,Chennai,South,Priya Nair,Cash on Delivery,Shipped
3979,Priya Patel,USB Hub,Accessories,3,600,1800,2023-08-14,Pune,West,Meera Patel,Net Banking,Cancelled
3980,Sneha Reddy,Speaker,Electronics,4,4500,18000,2023-06-30,Chennai,South,Anil Sharma,Credit Card,Processing
3981,Priya Patel,Printer,Electronics,14,12000,168000,2023-08-09,Kolkata,East,Priya Nair,Net Banking,Cancelled
3982,Kavya Nambiar,Mouse,Accessories,11,800,8800,2023-06-21,Delhi,North,Suresh Iyer,Cash on Delivery,Shipped
3983,Meera Joshi,Speaker,Electronics,10,4500,45000,2023-04-06,Jaipur,North,Priya Nair,Credit Card,Delivered
3984,Vikram Iyer,USB Hub,Accessories,4,600,2400,2023-07-21,Hyderabad,South,Anil Sharma,UPI,Shipped
3985,Ramesh Kumar,Tablet,Electronics,3,32000,96000,2023-08-22,Jaipur,North,Ravi Kumar,Cash on Delivery,Cancelled
3986,Arjun Nair,USB Hub,Accessories,6,600,3600,2023-05-08,Mumbai,West,Ravi Kumar,Credit Card,Cancelled
3987,Vikram Iyer,Headphones,Electronics,2,3500,7000,2023-12-27,Hyderabad,South,Suresh Iyer,Credit Card,Delivered
3988,Meera Joshi,Monitor,Electronics,12,22000,264000,2023-08-25,Surat,West,Meera Patel,Net Banking,Processing
3989,Priya Patel,USB Hub,Accessories,1,600,600,2023-07-11,Hyderabad,South,Anil Sharma,UPI,Delivered
3990,Arjun Nair,Keyboard,Accessories,4,1200,4800,2023-01-05,Jaipur,North,Ravi Kumar,Cash on Delivery,Cancelled
3991,Kavya Nambiar,Mouse,Accessories,3,800,2400,2023-09-18,Pune,West,Sunita Rao,Net Banking,Processing
3992,Suresh Rao,Headphones,Electronics,2,3500,7000,2023-09-28,Jaipur,North,Meera Patel,Net Banking,Shipped
3993,Suresh Rao,Laptop,Electronics,7,45000,315000,2023-10-22,Surat,West,Anil Sharma,Cash on Delivery,Cancelled
3994,Kavya Nambiar,USB Hub,Accessories,12,600,7200,2023-12-04,Hyderabad,South,Anil Sharma,UPI,Shipped
3995,Ananya Das,Printer,Electronics,13,12000,156000,2023-05-23,Ahmedabad,West,Kavya Reddy,Net Banking,Processing
3996,Sneha Reddy,Webcam,Accessories,14,2500,35000,2023-12-28,Delhi,North,Priya Nair,Cash on Delivery,Shipped
3997,Tanvi Mehta,Tablet,Electronics,8,32000,256000,2023-05-17,Delhi,North,Meera Patel,Credit Card,Cancelled
3998,Suresh Rao,Printer,Electronics,2,12000,24000,2023-02-24,Ahmedabad,West,Suresh Iyer,Net Banking,Delivered
3999,Rahul Mishra,Mouse,Accessories,4,800,3200,2023-10-30,Hyderabad,South,Sunita Rao,Cash on Delivery,Shipped
4000,Pooja Gupta,Printer,Electronics,8,12000,96000,2023-11-30,Jaipur,North,Priya Nair,UPI,Shipped
4001,Divya Singh,Mouse,Accessories,5,800,4000,2023-09-01,Pune,West,Anil Sharma,Net Banking,Delivered
4002,Ananya Das,Mouse,Accessories,10,800,8000,2023-01-07,Mumbai,West,Sunita Rao,Net Banking,Shipped
4003,Rahul Mishra,Printer,Electronics,1,12000,12000,2023-04-06,Pune,West,Ravi Kumar,Cash on Delivery,Shipped
4004,Ramesh Kumar,Webcam,Accessories,13,2500,32500,2023-03-27,Hyderabad,South,Deepak Joshi,Credit Card,Shipped
4005,Pooja Gupta,Mouse,Accessories,10,800,8000,2023-01-18,Delhi,North,Priya Nair,Cash on Delivery,Cancelled
4006,Priya Patel,Keyboard,Accessories,5,1200,6000,2023-05-24,Mumbai,West,Anil Sharma,Credit Card,Cancelled
4007,Sneha Reddy,Speaker,Electronics,2,4500,9000,2023-10-17,Hyderabad,South,Ravi Kumar,Net Banking,Processing
4008,Ramesh Kumar,Mouse,Accessories,11,800,8800,2023-02-08,Ahmedabad,West,Kavya Reddy,Net Banking,Delivered
4009,Rahul Mishra,Keyboard,Accessories,13,1200,15600,2023-05-22,Bangalore,South,Kavya Reddy,Credit Card,Cancelled
4010,Kiran Kumar,Keyboard,Accessories,5,1200,6000,2023-10-22,Pune,West,Meera Patel,UPI,Shipped
4011,Suresh Rao,Webcam,Accessories,8,2500,20000,2023-06-02,Delhi,North,Ravi Kumar,UPI,Processing
4012,Vikram Iyer,Laptop,Electronics,14,45000,630000,2023-12-22,Hyderabad,South,Meera Patel,UPI,Cancelled
4013,Ramesh Kumar,Monitor,Electronics,9,22000,198000,2023-11-15,Delhi,North,Anil Sharma,UPI,Processing
4014,Pooja Gupta,USB Hub,Accessories,7,600,4200,2023-02-20,Ahmedabad,West,Suresh Iyer,UPI,Delivered
4015,Kiran Kumar,Tablet,Electronics,3,32000,96000,2023-10-07,Mumbai,West,Kavya Reddy,UPI,Delivered
4016,Meera Joshi,Keyboard,Accessories,1,1200,1200,2023-11-01,Mumbai,West,Meera Patel,Cash on Delivery,Cancelled
4017,Sneha Reddy,Keyboard,Accessories,10,1200,12000,2023-07-04,Delhi,North,Suresh Iyer,Credit Card,Delivered
4018,Meera Joshi,Webcam,Accessories,8,2500,20000,2023-11-06,Jaipur,North,Anil Sharma,Credit Card,Delivered
4019,Suresh Rao,Tablet,Electronics,3,32000,96000,2023-06-20,Chennai,South,Anil Sharma,Credit Card,Cancelled
4020,Sneha Reddy,Mouse,Accessories,8,800,6400,2023-02-15,Surat,West,Anil Sharma,Cash on Delivery,Shipped
4021,Rahul Mishra,Keyboard,Accessories,2,1200,2400,2023-04-15,Delhi,North,Suresh Iyer,Credit Card,Cancelled
4022,Amit Verma,Monitor,Electronics,8,22000,176000,2023-03-14,Pune,West,Sunita Rao,Credit Card,Processing
4023,Suresh Rao,Webcam,Accessories,12,2500,30000,2023-07-28,Hyderabad,South,Sunita Rao,Cash on Delivery,Delivered
4024,Divya Singh,Speaker,Electronics,9,4500,40500,2023-02-05,Bangalore,South,Anil Sharma,Cash on Delivery,Processing
4025,Amit Verma,Headphones,Electronics,7,3500,24500,2023-01-28,Chennai,South,Meera Patel,Net Banking,Processing
4026,Priya Patel,Keyboard,Accessories,6,1200,7200,2023-03-15,Bangalore,South,Suresh Iyer,Credit Card,Shipped
4027,Arjun Nair,Webcam,Accessories,4,2500,10000,2023-10-28,Bangalore,South,Sunita Rao,UPI,Delivered
4028,Suresh Rao,Speaker,Electronics,5,4500,22500,2023-08-17,Hyderabad,South,Kavya Reddy,UPI,Cancelled
4029,Amit Verma,Speaker,Electronics,4,4500,18000,2023-12-12,Mumbai,West,Suresh Iyer,Net Banking,Processing
4030,Divya Singh,Monitor,Electronics,15,22000,330000,2023-03-08,Chennai,South,Suresh Iyer,Credit Card,Cancelled
4031,Ramesh Kumar,Speaker,Electronics,12,4500,54000,2023-10-13,Hyderabad,South,Ravi Kumar,Net Banking,Processing
4032,Priya Patel,Webcam,Accessories,9,2500,22500,2023-06-29,Surat,West,Suresh Iyer,Credit Card,Shipped
4033,Priya Patel,Monitor,Electronics,10,22000,220000,2023-12-08,Delhi,North,Priya Nair,Credit Card,Shipped
4034,Suresh Rao,USB Hub,Accessories,15,600,9000,2023-07-27,Ahmedabad,West,Deepak Joshi,Cash on Delivery,Processing
4035,Vikram Iyer,Tablet,Electronics,7,32000,224000,2023-09-21,Ahmedabad,West,Suresh Iyer,UPI,Shipped
4036,Rahul Mishra,Tablet,Electronics,1,32000,32000,2023-01-05,Pune,West,Deepak Joshi,Net Banking,Cancelled
4037,Divya Singh,Headphones,Electronics,9,3500,31500,2023-04-29,Mumbai,West,Sunita Rao,Credit Card,Delivered
4038,Amit Verma,Tablet,Electronics,10,32000,320000,2023-10-18,Hyderabad,South,Sunita Rao,Cash on Delivery,Processing
4039,Pooja Gupta,Laptop,Electronics,7,45000,315000,2023-10-20,Mumbai,West,Meera Patel,Cash on Delivery,Shipped
4040,Rahul Mishra,Mouse,Accessories,4,800,3200,2023-05-23,Kolkata,East,Deepak Joshi,Cash on Delivery,Processing
4041,Priya Patel,Tablet,Electronics,9,32000,288000,2023-03-22,Mumbai,West,Meera Patel,Cash on Delivery,Processing
4042,Pooja Gupta,Headphones,Electronics,3,3500,10500,2023-03-17,Pune,West,Anil Sharma,UPI,Delivered
4043,Vikram Iyer,Keyboard,Accessories,12,1200,14400,2023-09-09,Chennai,South,Ravi Kumar,Credit Card,Processing
4044,Suresh Rao,Webcam,Accessories,15,2500,37500,2023-04-17,Mumbai,West,Meera Patel,Credit Card,Delivered
4045,Kiran Kumar,Laptop,Electronics,9,45000,405000,2023-09-23,Mumbai,West,Meera Patel,Net Banking,Cancelled
4046,Ananya Das,Tablet,Electronics,10,32000,320000,2023-02-26,Chennai,South,Anil Sharma,Credit Card,Delivered
4047,Suresh Rao,Monitor,Electronics,2,22000,44000,2023-07-27,Hyderabad,South,Anil Sharma,Credit Card,Delivered
4048,Amit Verma,USB Hub,Accessories,13,600,7800,2023-11-18,Surat,West,Meera Patel,UPI,Cancelled
4049,Vikram Iyer,Mouse,Accessories,12,800,9600,2023-10-25,Jaipur,North,Kavya Reddy,Credit Card,Cancelled
4050,Arjun Nair,Laptop,Electronics,13,45000,585000,2023-06-22,Ahmedabad,West,Sunita Rao,Cash on Delivery,Cancelled
4051,Ramesh Kumar,Headphones,Electronics,4,3500,14000,2023-01-21,Pune,West,Anil Sharma,Net Banking,Shipped
4052,Pooja Gupta,Mouse,Accessories,2,800,1600,2023-02-19,Pune,West,Meera Patel,Cash on Delivery,Delivered
4053,Meera Joshi,Monitor,Electronics,15,22000,330000,2023-02-13,Ahmedabad,West,Sunita Rao,Net Banking,Processing
4054,Suresh Rao,Webcam,Accessories,3,2500,7500,2023-10-21,Ahmedabad,West,Deepak Joshi,UPI,Delivered
4055,Ramesh Kumar,Mouse,Accessories,13,800,10400,2023-12-07,Hyderabad,South,Sunita Rao,Net Banking,Shipped
4056,Kiran Kumar,Webcam,Accessories,5,2500,12500,2023-07-31,Chennai,South,Anil Sharma,Cash on Delivery,Processing
4057,Arjun Nair,USB Hub,Accessories,10,600,6000,2023-11-02,Surat,West,Deepak Joshi,Net Banking,Cancelled
4058,Priya Patel,USB Hub,Accessories,3,600,1800,2023-01-28,Jaipur,North,Anil Sharma,UPI,Processing
4059,Tanvi Mehta,Laptop,Electronics,12,45000,540000,2023-10-04,Bangalore,South,Sunita Rao,UPI,Shipped
4060,Tanvi Mehta,Mouse,Accessories,8,800,6400,2023-11-02,Ahmedabad,West,Deepak Joshi,Credit Card,Shipped
4061,Meera Joshi,USB Hub,Accessories,1,600,600,2023-09-29,Bangalore,South,Sunita Rao,Cash on Delivery,Processing
4062,Suresh Rao,Webcam,Accessories,8,2500,20000,2023-04-27,Bangalore,South,Priya Nair,UPI,Cancelled
4063,Meera Joshi,Headphones,Electronics,15,3500,52500,2023-04-24,Bangalore,South,Kavya Reddy,Credit Card,Delivered
4064,Priya Patel,Headphones,Electronics,3,3500,10500,2023-11-14,Delhi,North,Ravi Kumar,Net Banking,Delivered
4065,Priya Patel,Printer,Electronics,11,12000,132000,2023-08-03,Delhi,North,Ravi Kumar,Net Banking,Processing
4066,Kavya Nambiar,Speaker,Electronics,5,4500,22500,2023-12-07,Mumbai,West,Suresh Iyer,Credit Card,Delivered
4067,Sneha Reddy,Laptop,Electronics,10,45000,450000,2023-03-30,Jaipur,North,Anil Sharma,Net Banking,Cancelled
4068,Amit Verma,USB Hub,Accessories,1,600,600,2023-02-13,Mumbai,West,Meera Patel,UPI,Cancelled
4069,Sneha Reddy,Monitor,Electronics,2,22000,44000,2023-03-31,Mumbai,West,Ravi Kumar,Cash on Delivery,Delivered
4070,Vikram Iyer,Webcam,Accessories,3,2500,7500,2023-01-16,Delhi,North,Deepak Joshi,Net Banking,Delivered
4071,Sneha Reddy,Tablet,Electronics,7,32000,224000,2023-06-16,Pune,West,Deepak Joshi,Net Banking,Cancelled
4072,Tanvi Mehta,Laptop,Electronics,11,45000,495000,2023-04-01,Hyderabad,South,Ravi Kumar,Cash on Delivery,Cancelled
4073,Priya Patel,Mouse,Accessories,7,800,5600,2023-01-13,Hyderabad,South,Sunita Rao,Net Banking,Shipped
4074,Sneha Reddy,Laptop,Electronics,8,45000,360000,2023-11-17,Kolkata,East,Deepak Joshi,Cash on Delivery,Shipped
4075,Kiran Kumar,Headphones,Electronics,6,3500,21000,2023-10-13,Chennai,South,Sunita Rao,Cash on Delivery,Cancelled
4076,Suresh Rao,Printer,Electronics,3,12000,36000,2023-06-12,Bangalore,South,Sunita Rao,UPI,Cancelled
4077,Rahul Mishra,Keyboard,Accessories,8,1200,9600,2023-01-02,Pune,West,Suresh Iyer,Cash on Delivery,Cancelled
4078,Arjun Nair,Webcam,Accessories,3,2500,7500,2023-03-08,Pune,West,Sunita Rao,Cash on Delivery,Cancelled
4079,Suresh Rao,Printer,Electronics,9,12000,108000,2023-05-19,Jaipur,North,Deepak Joshi,Cash on Delivery,Cancelled
4080,Vikram Iyer,Monitor,Electronics,10,22000,220000,2023-01-31,Bangalore,South,Meera Patel,Net Banking,Delivered
4081,Suresh Rao,Laptop,Electronics,15,45000,675000,2023-02-25,Pune,West,Deepak Joshi,Cash on Delivery,Processing
4082,Kavya Nambiar,Keyboard,Accessories,4,1200,4800,2023-06-10,Bangalore,South,Deepak Joshi,UPI,Processing
4083,Tanvi Mehta,Laptop,Electronics,12,45000,540000,2023-08-03,Hyderabad,South,Suresh Iyer,UPI,Delivered
4084,Kiran Kumar,Keyboard,Accessories,6,1200,7200,2023-11-23,Delhi,North,Deepak Joshi,Net Banking,Shipped
4085,Ramesh Kumar,Webcam,Accessories,10,2500,25000,2023-03-30,Hyderabad,South,Suresh Iyer,Net Banking,Processing
4086,Pooja Gupta,Monitor,Electronics,2,22000,44000,2023-12-10,Delhi,North,Kavya Reddy,UPI,Delivered
4087,Ramesh Kumar,Printer,Electronics,8,12000,96000,2023-05-08,Bangalore,South,Suresh Iyer,UPI,Processing
4088,Suresh Rao,Mouse,Accessories,11,800,8800,2023-10-28,Kolkata,East,Deepak Joshi,UPI,Delivered
4089,Suresh Rao,Printer,Electronics,5,12000,60000,2023-10-28,Ahmedabad,West,Suresh Iyer,Credit Card,Cancelled
4090,Meera Joshi,USB Hub,Accessories,14,600,8400,2023-01-10,Hyderabad,South,Sunita Rao,Credit Card,Delivered
4091,Arjun Nair,Keyboard,Accessories,3,1200,3600,2023-07-09,Delhi,North,Meera Patel,Net Banking,Delivered
4092,Priya Patel,Keyboard,Accessories,14,1200,16800,2023-01-16,Chennai,South,Suresh Iyer,Credit Card,Processing
4093,Kavya Nambiar,Speaker,Electronics,7,4500,31500,2023-01-03,Ahmedabad,West,Meera Patel,Cash on Delivery,Shipped
4094,Ramesh Kumar,Monitor,Electronics,7,22000,154000,2023-01-28,Ahmedabad,West,Meera Patel,UPI,Delivered
4095,Rahul Mishra,Mouse,Accessories,10,800,8000,2023-08-17,Delhi,North,Anil Sharma,Credit Card,Delivered
4096,Arjun Nair,Headphones,Electronics,1,3500,3500,2023-04-18,Mumbai,West,Kavya Reddy,Credit Card,Shipped
4097,Ananya Das,Monitor,Electronics,12,22000,264000,2023-02-20,Jaipur,North,Kavya Reddy,Cash on Delivery,Delivered
4098,Suresh Rao,Monitor,Electronics,15,22000,330000,2023-03-21,Pune,West,Priya Nair,Credit Card,Processing
4099,Kavya Nambiar,Monitor,Electronics,11,22000,242000,2023-05-26,Surat,West,Kavya Reddy,Net Banking,Processing
4100,Divya Singh,Laptop,Electronics,2,45000,90000,2023-04-16,Delhi,North,Priya Nair,UPI,Processing
4101,Ramesh Kumar,Printer,Electronics,12,12000,144000,2023-03-03,Bangalore,South,Kavya Reddy,UPI,Cancelled
4102,Suresh Rao,Printer,Electronics,8,12000,96000,2023-03-12,Mumbai,West,Kavya Reddy,Credit Card,Shipped
4103,Kiran Kumar,Tablet,Electronics,7,32000,224000,2023-02-24,Delhi,North,Anil Sharma,Credit Card,Cancelled
4104,Vikram Iyer,Keyboard,Accessories,15,1200,18000,2023-04-14,Bangalore,South,Suresh Iyer,Net Banking,Cancelled
4105,Divya Singh,Tablet,Electronics,9,32000,288000,2023-04-12,Delhi,North,Priya Nair,UPI,Delivered
4106,Tanvi Mehta,Tablet,Electronics,9,32000,288000,2023-02-24,Pune,West,Anil Sharma,UPI,Processing
4107,Meera Joshi,Printer,Electronics,11,12000,132000,2023-10-09,Mumbai,West,Priya Nair,Cash on Delivery,Delivered
4108,Vikram Iyer,Laptop,Electronics,11,45000,495000,2023-05-12,Bangalore,South,Deepak Joshi,UPI,Shipped
4109,Kavya Nambiar,Mouse,Accessories,3,800,2400,2023-03-25,Pune,West,Sunita Rao,Cash on Delivery,Delivered
4110,Rahul Mishra,USB Hub,Accessories,11,600,6600,2023-07-15,Surat,West,Priya Nair,Cash on Delivery,Processing
4111,Suresh Rao,USB Hub,Accessories,1,600,600,2023-07-19,Jaipur,North,Kavya Reddy,Net Banking,Delivered
4112,Sneha Reddy,USB Hub,Accessories,12,600,7200,2023-03-02,Surat,West,Priya Nair,UPI,Delivered
4113,Kavya Nambiar,Webcam,Accessories,12,2500,30000,2023-03-01,Mumbai,West,Suresh Iyer,Net Banking,Shipped
4114,Tanvi Mehta,USB Hub,Accessories,1,600,600,2023-09-03,Delhi,North,Anil Sharma,UPI,Shipped
4115,Rahul Mishra,Webcam,Accessories,14,2500,35000,2023-11-29,Mumbai,West,Deepak Joshi,UPI,Processing
4116,Kavya Nambiar,Mouse,Accessories,10,800,8000,2023-10-03,Delhi,North,Meera Patel,UPI,Processing
4117,Sneha Reddy,Printer,Electronics,9,12000,108000,2023-02-03,Hyderabad,South,Anil Sharma,Credit Card,Processing
4118,Kavya Nambiar,Monitor,Electronics,10,22000,220000,2023-02-08,Pune,West,Anil Sharma,Net Banking,Shipped
4119,Tanvi Mehta,Laptop,Electronics,2,45000,90000,2023-07-08,Bangalore,South,Sunita Rao,Cash on Delivery,Cancelled
4120,Arjun Nair,Webcam,Accessories,7,2500,17500,2023-12-24,Ahmedabad,West,Suresh Iyer,UPI,Shipped
4121,Rahul Mishra,Speaker,Electronics,4,4500,18000,2023-06-08,Kolkata,East,Sunita Rao,Credit Card,Delivered
4122,Tanvi Mehta,Webcam,Accessories,14,2500,35000,2023-03-02,Mumbai,West,Deepak Joshi,Cash on Delivery,Cancelled
4123,Kavya Nambiar,Headphones,Electronics,8,3500,28000,2023-09-16,Bangalore,South,Suresh Iyer,Credit Card,Processing
4124,Meera Joshi,Tablet,Electronics,9,32000,288000,2023-06-22,Chennai,South,Sunita Rao,UPI,Delivered
4125,Amit Verma,Tablet,Electronics,6,32000,192000,2023-02-20,Jaipur,North,Meera Patel,Net Banking,Cancelled
4126,Arjun Nair,Printer,Electronics,6,12000,72000,2023-07-05,Delhi,North,Ravi Kumar,Cash on Delivery,Delivered
4127,Pooja Gupta,Speaker,Electronics,3,4500,13500,2023-04-27,Jaipur,North,Suresh Iyer,Credit Card,Shipped
4128,Suresh Rao,Headphones,Electronics,7,3500,24500,2023-07-09,Hyderabad,South,Deepak Joshi,Cash on Delivery,Cancelled
4129,Priya Patel,Tablet,Electronics,1,32000,32000,2023-07-03,Bangalore,South,Kavya Reddy,Credit Card,Delivered
4130,Divya Singh,Tablet,Electronics,1,32000,32000,2023-09-14,Chennai,South,Sunita Rao,Net Banking,Cancelled
4131,Suresh Rao,Headphones,Electronics,9,3500,31500,2023-11-25,Jaipur,North,Meera Patel,Cash on Delivery,Delivered
4132,Arjun Nair,Mouse,Accessories,8,800,6400,2023-06-12,Delhi,North,Meera Patel,Credit Card,Shipped
4133,Kavya Nambiar,Tablet,Electronics,14,32000,448000,2023-02-07,Hyderabad,South,Deepak Joshi,Net Banking,Cancelled
4134,Ananya Das,Keyboard,Accessories,1,1200,1200,2023-03-24,Pune,West,Ravi Kumar,Net Banking,Processing
4135,Tanvi Mehta,USB Hub,Accessories,7,600,4200,2023-03-17,Ahmedabad,West,Kavya Reddy,UPI,Processing
4136,Arjun Nair,Laptop,Electronics,7,45000,315000,2023-08-08,Jaipur,North,Ravi Kumar,Credit Card,Cancelled
4137,Priya Patel,USB Hub,Accessories,3,600,1800,2023-09-02,Chennai,South,Meera Patel,Net Banking,Shipped
4138,Pooja Gupta,Printer,Electronics,8,12000,96000,2023-08-02,Pune,West,Ravi Kumar,Net Banking,Shipped
4139,Kavya Nambiar,Mouse,Accessories,7,800,5600,2023-09-16,Ahmedabad,West,Kavya Reddy,Credit Card,Cancelled
4140,Kiran Kumar,Laptop,Electronics,9,45000,405000,2023-09-25,Hyderabad,South,Meera Patel,UPI,Delivered
4141,Arjun Nair,Webcam,Accessories,13,2500,32500,2023-05-01,Kolkata,East,Anil Sharma,Net Banking,Delivered
4142,Divya Singh,Printer,Electronics,13,12000,156000,2023-03-16,Surat,West,Meera Patel,Cash on Delivery,Delivered
4143,Kiran Kumar,Webcam,Accessories,14,2500,35000,2023-08-19,Surat,West,Deepak Joshi,Credit Card,Processing
4144,Ramesh Kumar,Mouse,Accessories,7,800,5600,2023-08-19,Kolkata,East,Kavya Reddy,Cash on Delivery,Cancelled
4145,Kiran Kumar,Webcam,Accessories,5,2500,12500,2023-03-23,Kolkata,East,Sunita Rao,Credit Card,Shipped
4146,Divya Singh,Printer,Electronics,3,12000,36000,2023-04-03,Hyderabad,South,Meera Patel,Cash on Delivery,Shipped
4147,Pooja Gupta,Tablet,Electronics,3,32000,96000,2023-01-31,Chennai,South,Ravi Kumar,UPI,Shipped
4148,Kavya Nambiar,Tablet,Electronics,2,32000,64000,2023-02-08,Delhi,North,Kavya Reddy,Net Banking,Cancelled
4149,Priya Patel,USB Hub,Accessories,2,600,1200,2023-09-09,Surat,West,Suresh Iyer,UPI,Delivered
4150,Meera Joshi,Headphones,Electronics,10,3500,35000,2023-10-06,Bangalore,South,Sunita Rao,Net Banking,Processing
4151,Sneha Reddy,Printer,Electronics,10,12000,120000,2023-10-11,Pune,West,Anil Sharma,Net Banking,Shipped
4152,Sneha Reddy,Monitor,Electronics,10,22000,220000,2023-01-05,Pune,West,Ravi Kumar,UPI,Delivered
4153,Ramesh Kumar,Keyboard,Accessories,10,1200,12000,2023-10-09,Pune,West,Sunita Rao,Net Banking,Shipped
4154,Ramesh Kumar,USB Hub,Accessories,8,600,4800,2023-02-09,Hyderabad,South,Suresh Iyer,Credit Card,Delivered
4155,Tanvi Mehta,Tablet,Electronics,15,32000,480000,2023-01-10,Jaipur,North,Meera Patel,Credit Card,Cancelled
4156,Tanvi Mehta,Mouse,Accessories,15,800,12000,2023-01-21,Jaipur,North,Priya Nair,Credit Card,Delivered
4157,Amit Verma,Headphones,Electronics,4,3500,14000,2023-04-17,Surat,West,Suresh Iyer,Cash on Delivery,Shipped
4158,Sneha Reddy,Headphones,Electronics,7,3500,24500,2023-10-23,Hyderabad,South,Sunita Rao,Cash on Delivery,Shipped
4159,Kiran Kumar,Speaker,Electronics,13,4500,58500,2023-08-16,Hyderabad,South,Meera Patel,Credit Card,Shipped
4160,Suresh Rao,Speaker,Electronics,12,4500,54000,2023-07-23,Mumbai,West,Priya Nair,Net Banking,Delivered
4161,Kavya Nambiar,Keyboard,Accessories,10,1200,12000,2023-11-10,Kolkata,East,Priya Nair,Credit Card,Shipped
4162,Pooja Gupta,Speaker,Electronics,3,4500,13500,2023-08-25,Chennai,South,Ravi Kumar,Cash on Delivery,Shipped
4163,Priya Patel,Printer,Electronics,3,12000,36000,2023-10-21,Delhi,North,Suresh Iyer,UPI,Processing
4164,Kavya Nambiar,Laptop,Electronics,13,45000,585000,2023-10-16,Hyderabad,South,Suresh Iyer,Credit Card,Shipped
4165,Vikram Iyer,USB Hub,Accessories,8,600,4800,2023-07-22,Pune,West,Priya Nair,UPI,Cancelled
4166,Meera Joshi,Keyboard,Accessories,11,1200,13200,2023-06-05,Ahmedabad,West,Meera Patel,Cash on Delivery,Processing
4167,Divya Singh,Speaker,Electronics,6,4500,27000,2023-01-12,Surat,West,Anil Sharma,Cash on Delivery,Processing
4168,Meera Joshi,Laptop,Electronics,12,45000,540000,2023-09-11,Pune,West,Suresh Iyer,Credit Card,Shipped
4169,Pooja Gupta,Laptop,Electronics,1,45000,45000,2023-12-07,Ahmedabad,West,Sunita Rao,UPI,Delivered
4170,Tanvi Mehta,Keyboard,Accessories,13,1200,15600,2023-02-09,Bangalore,South,Priya Nair,Net Banking,Shipped
4171,Rahul Mishra,Speaker,Electronics,5,4500,22500,2023-05-13,Mumbai,West,Anil Sharma,UPI,Shipped
4172,Sneha Reddy,Keyboard,Accessories,4,1200,4800,2023-05-07,Kolkata,East,Ravi Kumar,Credit Card,Shipped
4173,Amit Verma,Mouse,Accessories,2,800,1600,2023-01-21,Kolkata,East,Priya Nair,Net Banking,Processing
4174,Meera Joshi,Laptop,Electronics,10,45000,450000,2023-04-26,Delhi,North,Deepak Joshi,Net Banking,Delivered
4175,Kavya Nambiar,Mouse,Accessories,10,800,8000,2023-09-16,Pune,West,Deepak Joshi,UPI,Shipped
4176,Arjun Nair,Mouse,Accessories,15,800,12000,2023-03-25,Chennai,South,Meera Patel,Cash on Delivery,Shipped
4177,Suresh Rao,Speaker,Electronics,3,4500,13500,2023-01-04,Pune,West,Anil Sharma,Net Banking,Shipped
4178,Suresh Rao,Monitor,Electronics,14,22000,308000,2023-05-18,Bangalore,South,Deepak Joshi,Credit Card,Shipped
4179,Suresh Rao,Speaker,Electronics,8,4500,36000,2023-06-20,Mumbai,West,Suresh Iyer,Net Banking,Shipped
4180,Divya Singh,Laptop,Electronics,3,45000,135000,2023-05-05,Delhi,North,Suresh Iyer,UPI,Delivered
4181,Meera Joshi,Tablet,Electronics,5,32000,160000,2023-10-29,Jaipur,North,Deepak Joshi,UPI,Delivered
4182,Suresh Rao,Laptop,Electronics,3,45000,135000,2023-11-01,Pune,West,Deepak Joshi,Credit Card,Shipped
4183,Ananya Das,Tablet,Electronics,10,32000,320000,2023-02-20,Kolkata,East,Ravi Kumar,UPI,Cancelled
4184,Priya Patel,Tablet,Electronics,12,32000,384000,2023-04-28,Delhi,North,Kavya Reddy,Net Banking,Shipped
4185,Divya Singh,USB Hub,Accessories,7,600,4200,2023-05-21,Bangalore,South,Priya Nair,UPI,Cancelled
4186,Pooja Gupta,Headphones,Electronics,2,3500,7000,2023-03-14,Pune,West,Anil Sharma,Cash on Delivery,Delivered
4187,Ananya Das,Tablet,Electronics,1,32000,32000,2023-01-03,Chennai,South,Ravi Kumar,Net Banking,Processing
4188,Amit Verma,Keyboard,Accessories,1,1200,1200,2023-04-08,Hyderabad,South,Sunita Rao,Credit Card,Processing
4189,Meera Joshi,Mouse,Accessories,6,800,4800,2023-01-06,Kolkata,East,Sunita Rao,Net Banking,Shipped
4190,Priya Patel,Keyboard,Accessories,10,1200,12000,2023-11-24,Delhi,North,Deepak Joshi,UPI,Delivered
4191,Divya Singh,Printer,Electronics,8,12000,96000,2023-10-30,Jaipur,North,Ravi Kumar,Net Banking,Cancelled
4192,Pooja Gupta,Speaker,Electronics,6,4500,27000,2023-12-21,Bangalore,South,Deepak Joshi,UPI,Shipped
4193,Pooja Gupta,Monitor,Electronics,9,22000,198000,2023-05-01,Ahmedabad,West,Deepak Joshi,Net Banking,Delivered
4194,Arjun Nair,Speaker,Electronics,12,4500,54000,2023-01-04,Bangalore,South,Kavya Reddy,Cash on Delivery,Delivered
4195,Kavya Nambiar,USB Hub,Accessories,11,600,6600,2023-07-15,Jaipur,North,Meera Patel,UPI,Shipped
4196,Kiran Kumar,Keyboard,Accessories,10,1200,12000,2023-10-13,Surat,West,Priya Nair,Credit Card,Processing
4197,Divya Singh,Speaker,Electronics,3,4500,13500,2023-06-24,Mumbai,West,Deepak Joshi,Cash on Delivery,Processing
4198,Rahul Mishra,Laptop,Electronics,6,45000,270000,2023-11-22,Ahmedabad,West,Priya Nair,UPI,Shipped
4199,Amit Verma,Webcam,Accessories,12,2500,30000,2023-09-02,Pune,West,Suresh Iyer,UPI,Delivered
4200,Amit Verma,Printer,Electronics,7,12000,84000,2023-09-04,Hyderabad,South,Ravi Kumar,Net Banking,Processing
4201,Priya Patel,Mouse,Accessories,12,800,9600,2023-07-11,Kolkata,East,Suresh Iyer,UPI,Shipped
4202,Ramesh Kumar,Keyboard,Accessories,14,1200,16800,2023-06-29,Bangalore,South,Sunita Rao,UPI,Processing
4203,Divya Singh,USB Hub,Accessories,13,600,7800,2023-06-03,Bangalore,South,Ravi Kumar,Cash on Delivery,Shipped
4204,Vikram Iyer,Speaker,Electronics,15,4500,67500,2023-04-03,Hyderabad,South,Anil Sharma,Credit Card,Shipped
4205,Priya Patel,Keyboard,Accessories,15,1200,18000,2023-05-21,Chennai,South,Deepak Joshi,UPI,Delivered
4206,Kiran Kumar,Laptop,Electronics,12,45000,540000,2023-12-02,Surat,West,Suresh Iyer,UPI,Cancelled
4207,Ramesh Kumar,Laptop,Electronics,7,45000,315000,2023-07-24,Bangalore,South,Deepak Joshi,Net Banking,Delivered
4208,Amit Verma,Speaker,Electronics,7,4500,31500,2023-04-10,Kolkata,East,Sunita Rao,Cash on Delivery,Processing
4209,Ananya Das,Laptop,Electronics,12,45000,540000,2023-04-29,Mumbai,West,Sunita Rao,Credit Card,Delivered
4210,Suresh Rao,Speaker,Electronics,4,4500,18000,2023-07-09,Chennai,South,Meera Patel,UPI,Shipped
4211,Priya Patel,Keyboard,Accessories,14,1200,16800,2023-08-26,Hyderabad,South,Sunita Rao,UPI,Cancelled
4212,Tanvi Mehta,Laptop,Electronics,7,45000,315000,2023-01-11,Mumbai,West,Ravi Kumar,Cash on Delivery,Cancelled
4213,Kiran Kumar,Laptop,Electronics,7,45000,315000,2023-05-24,Kolkata,East,Sunita Rao,Cash on Delivery,Delivered
4214,Kiran Kumar,Tablet,Electronics,14,32000,448000,2023-03-08,Pune,West,Deepak Joshi,UPI,Processing
4215,Sneha Reddy,Laptop,Electronics,10,45000,450000,2023-06-16,Mumbai,West,Kavya Reddy,UPI,Shipped
4216,Kavya Nambiar,Headphones,Electronics,2,3500,7000,2023-08-16,Pune,West,Suresh Iyer,UPI,Shipped
4217,Suresh Rao,Monitor,Electronics,14,22000,308000,2023-04-12,Chennai,South,Suresh Iyer,Credit Card,Delivered
4218,Priya Patel,Speaker,Electronics,5,4500,22500,2023-12-31,Hyderabad,South,Suresh Iyer,Net Banking,Shipped
4219,Arjun Nair,Mouse,Accessories,7,800,5600,2023-06-28,Delhi,North,Deepak Joshi,Credit Card,Shipped
4220,Vikram Iyer,Tablet,Electronics,8,32000,256000,2023-08-29,Bangalore,South,Suresh Iyer,Net Banking,Cancelled
4221,Sneha Reddy,USB Hub,Accessories,7,600,4200,2023-12-21,Mumbai,West,Deepak Joshi,Net Banking,Shipped
4222,Tanvi Mehta,Speaker,Electronics,14,4500,63000,2023-05-23,Mumbai,West,Suresh Iyer,Credit Card,Cancelled
4223,Rahul Mishra,Webcam,Accessories,2,2500,5000,2023-09-19,Kolkata,East,Kavya Reddy,Credit Card,Delivered
4224,Sneha Reddy,Tablet,Electronics,10,32000,320000,2023-10-17,Surat,West,Ravi Kumar,Net Banking,Shipped
4225,Sneha Reddy,Laptop,Electronics,5,45000,225000,2023-10-14,Bangalore,South,Kavya Reddy,Net Banking,Processing
4226,Amit Verma,Headphones,Electronics,13,3500,45500,2023-09-12,Delhi,North,Meera Patel,Net Banking,Processing
4227,Rahul Mishra,USB Hub,Accessories,13,600,7800,2023-04-11,Kolkata,East,Suresh Iyer,Net Banking,Cancelled
4228,Kavya Nambiar,Speaker,Electronics,3,4500,13500,2023-07-03,Mumbai,West,Deepak Joshi,Net Banking,Shipped
4229,Ananya Das,USB Hub,Accessories,7,600,4200,2023-10-14,Bangalore,South,Anil Sharma,Net Banking,Cancelled
4230,Pooja Gupta,Keyboard,Accessories,9,1200,10800,2023-08-11,Chennai,South,Deepak Joshi,Credit Card,Delivered
4231,Rahul Mishra,Laptop,Electronics,6,45000,270000,2023-04-27,Surat,West,Priya Nair,Net Banking,Cancelled
4232,Pooja Gupta,Headphones,Electronics,2,3500,7000,2023-07-20,Bangalore,South,Deepak Joshi,UPI,Processing
4233,Ananya Das,Speaker,Electronics,1,4500,4500,2023-01-17,Surat,West,Meera Patel,Cash on Delivery,Delivered
4234,Divya Singh,Headphones,Electronics,1,3500,3500,2023-06-06,Pune,West,Suresh Iyer,Credit Card,Processing
4235,Arjun Nair,Mouse,Accessories,9,800,7200,2023-09-25,Jaipur,North,Deepak Joshi,UPI,Cancelled
4236,Priya Patel,Laptop,Electronics,12,45000,540000,2023-07-12,Pune,West,Kavya Reddy,Net Banking,Cancelled
4237,Amit Verma,Headphones,Electronics,14,3500,49000,2023-08-28,Pune,West,Suresh Iyer,UPI,Cancelled
4238,Arjun Nair,Printer,Electronics,6,12000,72000,2023-12-04,Delhi,North,Sunita Rao,Net Banking,Delivered
4239,Tanvi Mehta,Laptop,Electronics,8,45000,360000,2023-09-01,Bangalore,South,Ravi Kumar,Credit Card,Delivered
4240,Pooja Gupta,Printer,Electronics,6,12000,72000,2023-01-21,Hyderabad,South,Kavya Reddy,Cash on Delivery,Delivered
4241,Suresh Rao,Headphones,Electronics,6,3500,21000,2023-07-30,Chennai,South,Suresh Iyer,Credit Card,Processing
4242,Divya Singh,Laptop,Electronics,12,45000,540000,2023-05-07,Chennai,South,Deepak Joshi,Cash on Delivery,Shipped
4243,Vikram Iyer,Mouse,Accessories,7,800,5600,2023-09-05,Mumbai,West,Kavya Reddy,UPI,Delivered
4244,Rahul Mishra,USB Hub,Accessories,12,600,7200,2023-03-03,Jaipur,North,Ravi Kumar,UPI,Shipped
4245,Tanvi Mehta,USB Hub,Accessories,15,600,9000,2023-09-01,Pune,West,Deepak Joshi,Credit Card,Delivered
4246,Rahul Mishra,Printer,Electronics,9,12000,108000,2023-11-28,Jaipur,North,Suresh Iyer,Net Banking,Shipped
4247,Suresh Rao,Printer,Electronics,11,12000,132000,2023-11-03,Kolkata,East,Anil Sharma,Cash on Delivery,Cancelled
4248,Arjun Nair,Mouse,Accessories,7,800,5600,2023-04-15,Surat,West,Ravi Kumar,Cash on Delivery,Cancelled
4249,Meera Joshi,Laptop,Electronics,13,45000,585000,2023-11-23,Kolkata,East,Anil Sharma,Net Banking,Shipped
4250,Ramesh Kumar,Keyboard,Accessories,12,1200,14400,2023-08-22,Delhi,North,Deepak Joshi,Cash on Delivery,Delivered
4251,Ramesh Kumar,Printer,Electronics,11,12000,132000,2023-08-15,Pune,West,Suresh Iyer,Cash on Delivery,Shipped
4252,Kiran Kumar,Keyboard,Accessories,13,1200,15600,2023-02-05,Mumbai,West,Ravi Kumar,Credit Card,Cancelled
4253,Suresh Rao,Mouse,Accessories,10,800,8000,2023-04-01,Surat,West,Sunita Rao,UPI,Cancelled
4254,Pooja Gupta,Monitor,Electronics,3,22000,66000,2023-08-03,Ahmedabad,West,Priya Nair,UPI,Shipped
4255,Rahul Mishra,Tablet,Electronics,8,32000,256000,2023-01-04,Delhi,North,Suresh Iyer,Net Banking,Processing
4256,Amit Verma,Keyboard,Accessories,10,1200,12000,2023-05-30,Pune,West,Anil Sharma,UPI,Shipped
4257,Vikram Iyer,Monitor,Electronics,6,22000,132000,2023-06-04,Chennai,South,Anil Sharma,Credit Card,Processing
4258,Divya Singh,Webcam,Accessories,10,2500,25000,2023-08-03,Surat,West,Anil Sharma,Cash on Delivery,Shipped
4259,Divya Singh,Monitor,Electronics,6,22000,132000,2023-10-03,Surat,West,Meera Patel,Credit Card,Processing
4260,Arjun Nair,Headphones,Electronics,9,3500,31500,2023-03-25,Surat,West,Meera Patel,Net Banking,Shipped
4261,Vikram Iyer,Laptop,Electronics,13,45000,585000,2023-12-22,Bangalore,South,Sunita Rao,Cash on Delivery,Delivered
4262,Kiran Kumar,USB Hub,Accessories,9,600,5400,2023-01-03,Jaipur,North,Suresh Iyer,Net Banking,Shipped
4263,Rahul Mishra,Monitor,Electronics,15,22000,330000,2023-11-27,Kolkata,East,Anil Sharma,Credit Card,Cancelled
4264,Amit Verma,Headphones,Electronics,15,3500,52500,2023-12-03,Surat,West,Sunita Rao,Net Banking,Delivered
4265,Priya Patel,Mouse,Accessories,13,800,10400,2023-01-24,Jaipur,North,Kavya Reddy,Credit Card,Shipped
4266,Tanvi Mehta,USB Hub,Accessories,1,600,600,2023-08-17,Hyderabad,South,Anil Sharma,UPI,Delivered
4267,Vikram Iyer,Printer,Electronics,1,12000,12000,2023-09-23,Ahmedabad,West,Sunita Rao,Cash on Delivery,Shipped
4268,Ananya Das,USB Hub,Accessories,9,600,5400,2023-03-26,Bangalore,South,Suresh Iyer,UPI,Processing
4269,Vikram Iyer,Headphones,Electronics,6,3500,21000,2023-01-16,Ahmedabad,West,Anil Sharma,Cash on Delivery,Shipped
4270,Meera Joshi,Printer,Electronics,11,12000,132000,2023-10-24,Ahmedabad,West,Ravi Kumar,Cash on Delivery,Processing
4271,Ramesh Kumar,Monitor,Electronics,7,22000,154000,2023-10-04,Delhi,North,Suresh Iyer,Credit Card,Cancelled
4272,Kiran Kumar,Monitor,Electronics,13,22000,286000,2023-08-30,Bangalore,South,Suresh Iyer,UPI,Delivered
4273,Kavya Nambiar,Printer,Electronics,9,12000,108000,2023-03-10,Mumbai,West,Anil Sharma,UPI,Delivered
4274,Tanvi Mehta,Tablet,Electronics,11,32000,352000,2023-03-31,Mumbai,West,Suresh Iyer,UPI,Processing
4275,Suresh Rao,Headphones,Electronics,4,3500,14000,2023-06-16,Hyderabad,South,Suresh Iyer,UPI,Processing
4276,Tanvi Mehta,Webcam,Accessories,11,2500,27500,2023-09-06,Ahmedabad,West,Anil Sharma,Credit Card,Shipped
4277,Tanvi Mehta,Laptop,Electronics,13,45000,585000,2023-12-05,Hyderabad,South,Ravi Kumar,Net Banking,Shipped
4278,Ramesh Kumar,Webcam,Accessories,7,2500,17500,2023-11-02,Chennai,South,Sunita Rao,UPI,Shipped
4279,Amit Verma,Tablet,Electronics,4,32000,128000,2023-01-05,Kolkata,East,Deepak Joshi,Cash on Delivery,Cancelled
4280,Vikram Iyer,Laptop,Electronics,10,45000,450000,2023-07-12,Chennai,South,Kavya Reddy,Credit Card,Shipped
4281,Amit Verma,Headphones,Electronics,7,3500,24500,2023-06-12,Chennai,South,Deepak Joshi,Credit Card,Processing
4282,Arjun Nair,Webcam,Accessories,12,2500,30000,2023-08-06,Chennai,South,Sunita Rao,Cash on Delivery,Processing
4283,Kavya Nambiar,Headphones,Electronics,4,3500,14000,2023-07-24,Mumbai,West,Deepak Joshi,UPI,Delivered
4284,Sneha Reddy,Webcam,Accessories,8,2500,20000,2023-09-13,Surat,West,Priya Nair,Net Banking,Cancelled
4285,Sneha Reddy,USB Hub,Accessories,4,600,2400,2023-03-07,Bangalore,South,Suresh Iyer,Credit Card,Cancelled
4286,Rahul Mishra,USB Hub,Accessories,10,600,6000,2023-11-16,Jaipur,North,Suresh Iyer,Net Banking,Delivered
4287,Ananya Das,Keyboard,Accessories,10,1200,12000,2023-06-08,Kolkata,East,Kavya Reddy,UPI,Shipped
4288,Rahul Mishra,Laptop,Electronics,3,45000,135000,2023-11-06,Hyderabad,South,Suresh Iyer,UPI,Shipped
4289,Ramesh Kumar,USB Hub,Accessories,10,600,6000,2023-03-07,Surat,West,Suresh Iyer,Cash on Delivery,Cancelled
4290,Ananya Das,Monitor,Electronics,15,22000,330000,2023-10-19,Jaipur,North,Suresh Iyer,UPI,Shipped
4291,Tanvi Mehta,Webcam,Accessories,10,2500,25000,2023-10-30,Pune,West,Ravi Kumar,UPI,Shipped
4292,Kavya Nambiar,Webcam,Accessories,12,2500,30000,2023-09-02,Ahmedabad,West,Suresh Iyer,Cash on Delivery,Cancelled
4293,Tanvi Mehta,Tablet,Electronics,3,32000,96000,2023-07-10,Surat,West,Suresh Iyer,Credit Card,Processing
4294,Amit Verma,Monitor,Electronics,5,22000,110000,2023-09-26,Chennai,South,Anil Sharma,Net Banking,Shipped
4295,Rahul Mishra,Monitor,Electronics,4,22000,88000,2023-11-05,Kolkata,East,Meera Patel,Credit Card,Shipped
4296,Ramesh Kumar,Keyboard,Accessories,1,1200,1200,2023-01-16,Pune,West,Sunita Rao,Net Banking,Processing
4297,Amit Verma,Laptop,Electronics,15,45000,675000,2023-07-24,Jaipur,North,Sunita Rao,Net Banking,Shipped
4298,Priya Patel,Laptop,Electronics,12,45000,540000,2023-10-16,Hyderabad,South,Meera Patel,Net Banking,Delivered
4299,Divya Singh,Laptop,Electronics,9,45000,405000,2023-10-22,Chennai,South,Priya Nair,UPI,Cancelled
4300,Rahul Mishra,Keyboard,Accessories,10,1200,12000,2023-11-10,Mumbai,West,Suresh Iyer,Net Banking,Cancelled
4301,Pooja Gupta,Headphones,Electronics,12,3500,42000,2023-12-08,Bangalore,South,Ravi Kumar,Net Banking,Delivered
4302,Amit Verma,Webcam,Accessories,12,2500,30000,2023-11-29,Surat,West,Anil Sharma,UPI,Shipped
4303,Tanvi Mehta,Webcam,Accessories,1,2500,2500,2023-10-19,Chennai,South,Kavya Reddy,Cash on Delivery,Cancelled
4304,Rahul Mishra,Speaker,Electronics,10,4500,45000,2023-05-14,Delhi,North,Suresh Iyer,UPI,Delivered
4305,Tanvi Mehta,Webcam,Accessories,9,2500,22500,2023-03-09,Pune,West,Anil Sharma,Credit Card,Cancelled
4306,Divya Singh,Webcam,Accessories,11,2500,27500,2023-01-02,Chennai,South,Suresh Iyer,Cash on Delivery,Delivered
4307,Divya Singh,Printer,Electronics,10,12000,120000,2023-06-20,Pune,West,Ravi Kumar,Net Banking,Delivered
4308,Divya Singh,Headphones,Electronics,13,3500,45500,2023-06-07,Chennai,South,Deepak Joshi,Credit Card,Shipped
4309,Sneha Reddy,Webcam,Accessories,2,2500,5000,2023-12-03,Chennai,South,Kavya Reddy,Net Banking,Cancelled
4310,Divya Singh,Monitor,Electronics,1,22000,22000,2023-09-12,Mumbai,West,Kavya Reddy,UPI,Shipped
4311,Sneha Reddy,Monitor,Electronics,6,22000,132000,2023-02-01,Jaipur,North,Suresh Iyer,Credit Card,Shipped
4312,Kavya Nambiar,Laptop,Electronics,12,45000,540000,2023-06-20,Bangalore,South,Sunita Rao,UPI,Cancelled
4313,Sneha Reddy,Mouse,Accessories,8,800,6400,2023-01-21,Chennai,South,Deepak Joshi,UPI,Processing
4314,Arjun Nair,Headphones,Electronics,14,3500,49000,2023-08-18,Hyderabad,South,Anil Sharma,Net Banking,Cancelled
4315,Kiran Kumar,USB Hub,Accessories,8,600,4800,2023-10-01,Mumbai,West,Ravi Kumar,UPI,Processing
4316,Kiran Kumar,Monitor,Electronics,12,22000,264000,2023-08-29,Mumbai,West,Priya Nair,Credit Card,Delivered
4317,Rahul Mishra,Tablet,Electronics,15,32000,480000,2023-12-19,Mumbai,West,Priya Nair,Credit Card,Cancelled
4318,Ananya Das,Mouse,Accessories,14,800,11200,2023-10-03,Bangalore,South,Priya Nair,Credit Card,Processing
4319,Ramesh Kumar,Webcam,Accessories,4,2500,10000,2023-05-11,Pune,West,Sunita Rao,Net Banking,Delivered
4320,Pooja Gupta,Webcam,Accessories,9,2500,22500,2023-02-10,Kolkata,East,Sunita Rao,Net Banking,Cancelled
4321,Kiran Kumar,Headphones,Electronics,12,3500,42000,2023-11-14,Hyderabad,South,Priya Nair,UPI,Delivered
4322,Kavya Nambiar,USB Hub,Accessories,11,600,6600,2023-09-09,Mumbai,West,Kavya Reddy,Credit Card,Delivered
4323,Tanvi Mehta,Headphones,Electronics,10,3500,35000,2023-05-06,Mumbai,West,Anil Sharma,Net Banking,Processing
4324,Ramesh Kumar,Headphones,Electronics,9,3500,31500,2023-05-22,Delhi,North,Meera Patel,UPI,Shipped
4325,Sneha Reddy,Monitor,Electronics,1,22000,22000,2023-12-15,Ahmedabad,West,Suresh Iyer,Cash on Delivery,Shipped
4326,Tanvi Mehta,Laptop,Electronics,9,45000,405000,2023-07-10,Chennai,South,Suresh Iyer,Net Banking,Delivered
4327,Amit Verma,Tablet,Electronics,9,32000,288000,2023-01-07,Ahmedabad,West,Suresh Iyer,Net Banking,Shipped
4328,Arjun Nair,Speaker,Electronics,2,4500,9000,2023-07-15,Kolkata,East,Suresh Iyer,UPI,Shipped
4329,Amit Verma,Mouse,Accessories,12,800,9600,2023-08-02,Kolkata,East,Meera Patel,Credit Card,Shipped
4330,Kavya Nambiar,Speaker,Electronics,5,4500,22500,2023-05-15,Jaipur,North,Anil Sharma,Credit Card,Cancelled
4331,Rahul Mishra,Tablet,Electronics,9,32000,288000,2023-11-06,Mumbai,West,Kavya Reddy,Credit Card,Shipped
4332,Ananya Das,Laptop,Electronics,10,45000,450000,2023-12-25,Delhi,North,Sunita Rao,Net Banking,Shipped
4333,Kavya Nambiar,Monitor,Electronics,4,22000,88000,2023-12-15,Delhi,North,Ravi Kumar,Cash on Delivery,Cancelled
4334,Arjun Nair,Monitor,Electronics,6,22000,132000,2023-10-03,Delhi,North,Priya Nair,Credit Card,Processing
4335,Vikram Iyer,Keyboard,Accessories,4,1200,4800,2023-04-06,Pune,West,Sunita Rao,Credit Card,Cancelled
4336,Vikram Iyer,Laptop,Electronics,8,45000,360000,2023-12-17,Hyderabad,South,Ravi Kumar,UPI,Delivered
4337,Vikram Iyer,Webcam,Accessories,10,2500,25000,2023-08-29,Chennai,South,Anil Sharma,Cash on Delivery,Cancelled
4338,Arjun Nair,Headphones,Electronics,12,3500,42000,2023-05-23,Kolkata,East,Kavya Reddy,Credit Card,Shipped
4339,Arjun Nair,Mouse,Accessories,8,800,6400,2023-02-02,Delhi,North,Suresh Iyer,Credit Card,Processing
4340,Tanvi Mehta,Mouse,Accessories,5,800,4000,2023-08-04,Surat,West,Kavya Reddy,Cash on Delivery,Cancelled
4341,Meera Joshi,Keyboard,Accessories,3,1200,3600,2023-05-08,Pune,West,Suresh Iyer,Credit Card,Processing
4342,Priya Patel,Mouse,Accessories,3,800,2400,2023-07-16,Mumbai,West,Deepak Joshi,Credit Card,Shipped
4343,Tanvi Mehta,Webcam,Accessories,14,2500,35000,2023-10-12,Jaipur,North,Kavya Reddy,Credit Card,Shipped
4344,Meera Joshi,USB Hub,Accessories,7,600,4200,2023-01-25,Ahmedabad,West,Anil Sharma,Cash on Delivery,Shipped
4345,Kiran Kumar,Laptop,Electronics,7,45000,315000,2023-05-03,Pune,West,Anil Sharma,Net Banking,Delivered
4346,Priya Patel,Keyboard,Accessories,15,1200,18000,2023-11-25,Ahmedabad,West,Suresh Iyer,Net Banking,Delivered
4347,Ramesh Kumar,Speaker,Electronics,10,4500,45000,2023-03-03,Ahmedabad,West,Meera Patel,Credit Card,Delivered
4348,Vikram Iyer,Keyboard,Accessories,13,1200,15600,2023-05-02,Mumbai,West,Anil Sharma,UPI,Processing
4349,Meera Joshi,Keyboard,Accessories,10,1200,12000,2023-05-15,Mumbai,West,Ravi Kumar,UPI,Cancelled
4350,Ananya Das,Webcam,Accessories,8,2500,20000,2023-12-23,Surat,West,Priya Nair,UPI,Delivered
4351,Ramesh Kumar,Speaker,Electronics,7,4500,31500,2023-01-22,Bangalore,South,Suresh Iyer,Credit Card,Shipped
4352,Tanvi Mehta,Tablet,Electronics,15,32000,480000,2023-09-10,Kolkata,East,Deepak Joshi,Net Banking,Processing
4353,Meera Joshi,Headphones,Electronics,3,3500,10500,2023-01-23,Surat,West,Deepak Joshi,Net Banking,Processing
4354,Priya Patel,Webcam,Accessories,9,2500,22500,2023-02-16,Chennai,South,Anil Sharma,Credit Card,Cancelled
4355,Arjun Nair,Webcam,Accessories,9,2500,22500,2023-04-19,Kolkata,East,Deepak Joshi,Net Banking,Cancelled
4356,Ananya Das,USB Hub,Accessories,14,600,8400,2023-03-27,Bangalore,South,Priya Nair,UPI,Delivered
4357,Meera Joshi,Tablet,Electronics,8,32000,256000,2023-01-27,Surat,West,Suresh Iyer,Cash on Delivery,Delivered
4358,Kavya Nambiar,Mouse,Accessories,2,800,1600,2023-08-04,Pune,West,Ravi Kumar,Net Banking,Cancelled
4359,Divya Singh,Laptop,Electronics,1,45000,45000,2023-06-01,Jaipur,North,Ravi Kumar,Cash on Delivery,Cancelled
4360,Suresh Rao,Laptop,Electronics,4,45000,180000,2023-06-30,Bangalore,South,Sunita Rao,Net Banking,Processing
4361,Vikram Iyer,Laptop,Electronics,6,45000,270000,2023-04-12,Delhi,North,Anil Sharma,Credit Card,Cancelled
4362,Suresh Rao,Mouse,Accessories,7,800,5600,2023-09-12,Delhi,North,Sunita Rao,Net Banking,Cancelled
4363,Ananya Das,Laptop,Electronics,9,45000,405000,2023-08-14,Kolkata,East,Anil Sharma,Net Banking,Shipped
4364,Sneha Reddy,Keyboard,Accessories,5,1200,6000,2023-02-08,Hyderabad,South,Meera Patel,Net Banking,Processing
4365,Pooja Gupta,Tablet,Electronics,5,32000,160000,2023-01-29,Surat,West,Suresh Iyer,Net Banking,Processing
4366,Pooja Gupta,Mouse,Accessories,11,800,8800,2023-06-13,Delhi,North,Kavya Reddy,Credit Card,Processing
4367,Suresh Rao,Tablet,Electronics,10,32000,320000,2023-02-10,Delhi,North,Suresh Iyer,Cash on Delivery,Processing
4368,Meera Joshi,USB Hub,Accessories,4,600,2400,2023-08-08,Surat,West,Suresh Iyer,Credit Card,Shipped
4369,Divya Singh,Mouse,Accessories,12,800,9600,2023-11-07,Kolkata,East,Deepak Joshi,Cash on Delivery,Cancelled
4370,Divya Singh,Printer,Electronics,6,12000,72000,2023-12-18,Mumbai,West,Anil Sharma,UPI,Shipped
4371,Rahul Mishra,Tablet,Electronics,13,32000,416000,2023-02-15,Jaipur,North,Deepak Joshi,UPI,Delivered
4372,Ramesh Kumar,Monitor,Electronics,3,22000,66000,2023-03-25,Surat,West,Priya Nair,Cash on Delivery,Cancelled
4373,Pooja Gupta,Mouse,Accessories,4,800,3200,2023-03-15,Chennai,South,Kavya Reddy,UPI,Shipped
4374,Arjun Nair,Mouse,Accessories,14,800,11200,2023-07-27,Surat,West,Deepak Joshi,Credit Card,Shipped
4375,Suresh Rao,Printer,Electronics,6,12000,72000,2023-05-03,Bangalore,South,Ravi Kumar,Cash on Delivery,Cancelled
4376,Vikram Iyer,USB Hub,Accessories,14,600,8400,2023-10-31,Surat,West,Ravi Kumar,Net Banking,Shipped
4377,Ananya Das,Tablet,Electronics,15,32000,480000,2023-05-02,Jaipur,North,Ravi Kumar,UPI,Processing
4378,Vikram Iyer,Keyboard,Accessories,3,1200,3600,2023-05-03,Mumbai,West,Ravi Kumar,Credit Card,Delivered
4379,Ananya Das,Headphones,Electronics,2,3500,7000,2023-08-05,Mumbai,West,Meera Patel,UPI,Shipped
4380,Sneha Reddy,Printer,Electronics,5,12000,60000,2023-03-12,Hyderabad,South,Deepak Joshi,Cash on Delivery,Delivered
4381,Tanvi Mehta,Speaker,Electronics,9,4500,40500,2023-03-18,Surat,West,Anil Sharma,Cash on Delivery,Processing
4382,Pooja Gupta,Webcam,Accessories,6,2500,15000,2023-05-18,Delhi,North,Priya Nair,UPI,Cancelled
4383,Ananya Das,Laptop,Electronics,6,45000,270000,2023-08-12,Jaipur,North,Sunita Rao,UPI,Shipped
4384,Suresh Rao,Monitor,Electronics,1,22000,22000,2023-07-21,Mumbai,West,Deepak Joshi,UPI,Shipped
4385,Vikram Iyer,Keyboard,Accessories,13,1200,15600,2023-08-10,Bangalore,South,Ravi Kumar,UPI,Cancelled
4386,Sneha Reddy,Tablet,Electronics,8,32000,256000,2023-04-22,Jaipur,North,Sunita Rao,Cash on Delivery,Delivered
4387,Pooja Gupta,USB Hub,Accessories,15,600,9000,2023-06-02,Pune,West,Kavya Reddy,Credit Card,Cancelled
4388,Ramesh Kumar,Laptop,Electronics,9,45000,405000,2023-07-05,Chennai,South,Meera Patel,Cash on Delivery,Delivered
4389,Ananya Das,Webcam,Accessories,6,2500,15000,2023-03-28,Surat,West,Deepak Joshi,UPI,Processing
4390,Suresh Rao,Monitor,Electronics,11,22000,242000,2023-08-31,Mumbai,West,Deepak Joshi,Credit Card,Shipped
4391,Vikram Iyer,Tablet,Electronics,1,32000,32000,2023-12-12,Hyderabad,South,Suresh Iyer,Cash on Delivery,Processing
4392,Kiran Kumar,Printer,Electronics,7,12000,84000,2023-08-21,Bangalore,South,Ravi Kumar,Net Banking,Delivered
4393,Sneha Reddy,USB Hub,Accessories,1,600,600,2023-01-21,Bangalore,South,Suresh Iyer,UPI,Processing
4394,Arjun Nair,USB Hub,Accessories,7,600,4200,2023-02-06,Hyderabad,South,Kavya Reddy,Net Banking,Processing
4395,Sneha Reddy,Speaker,Electronics,11,4500,49500,2023-10-28,Jaipur,North,Sunita Rao,UPI,Cancelled
4396,Kavya Nambiar,Speaker,Electronics,12,4500,54000,2023-05-23,Ahmedabad,West,Sunita Rao,Net Banking,Cancelled
4397,Tanvi Mehta,Laptop,Electronics,12,45000,540000,2023-11-14,Surat,West,Priya Nair,Net Banking,Delivered
4398,Sneha Reddy,Headphones,Electronics,12,3500,42000,2023-12-05,Surat,West,Ravi Kumar,Cash on Delivery,Cancelled
4399,Pooja Gupta,Headphones,Electronics,3,3500,10500,2023-03-09,Chennai,South,Meera Patel,Net Banking,Cancelled
4400,Pooja Gupta,Monitor,Electronics,2,22000,44000,2023-03-22,Bangalore,South,Sunita Rao,Credit Card,Processing
4401,Sneha Reddy,Speaker,Electronics,9,4500,40500,2023-06-23,Hyderabad,South,Deepak Joshi,Credit Card,Delivered
4402,Kiran Kumar,Monitor,Electronics,11,22000,242000,2023-08-19,Bangalore,South,Ravi Kumar,UPI,Shipped
4403,Divya Singh,Speaker,Electronics,12,4500,54000,2023-06-05,Ahmedabad,West,Deepak Joshi,UPI,Shipped
4404,Pooja Gupta,Webcam,Accessories,12,2500,30000,2023-08-25,Pune,West,Kavya Reddy,Credit Card,Shipped
4405,Vikram Iyer,Keyboard,Accessories,8,1200,9600,2023-09-27,Chennai,South,Kavya Reddy,Credit Card,Processing
4406,Rahul Mishra,Printer,Electronics,2,12000,24000,2023-07-18,Hyderabad,South,Anil Sharma,Cash on Delivery,Delivered
4407,Meera Joshi,Mouse,Accessories,10,800,8000,2023-11-25,Hyderabad,South,Suresh Iyer,Net Banking,Cancelled
4408,Kiran Kumar,Speaker,Electronics,9,4500,40500,2023-05-19,Surat,West,Anil Sharma,Net Banking,Cancelled
4409,Suresh Rao,Tablet,Electronics,5,32000,160000,2023-10-18,Surat,West,Suresh Iyer,UPI,Shipped
4410,Amit Verma,Laptop,Electronics,14,45000,630000,2023-08-16,Surat,West,Meera Patel,Cash on Delivery,Delivered
4411,Tanvi Mehta,Laptop,Electronics,1,45000,45000,2023-10-21,Ahmedabad,West,Ravi Kumar,Cash on Delivery,Delivered
4412,Priya Patel,USB Hub,Accessories,3,600,1800,2023-01-04,Pune,West,Suresh Iyer,Net Banking,Processing
4413,Kiran Kumar,Webcam,Accessories,11,2500,27500,2023-09-17,Jaipur,North,Deepak Joshi,Net Banking,Cancelled
4414,Suresh Rao,Printer,Electronics,6,12000,72000,2023-06-17,Pune,West,Priya Nair,Cash on Delivery,Processing
4415,Kiran Kumar,Monitor,Electronics,5,22000,110000,2023-08-29,Bangalore,South,Deepak Joshi,Credit Card,Delivered
4416,Meera Joshi,Laptop,Electronics,9,45000,405000,2023-08-17,Pune,West,Suresh Iyer,UPI,Processing
4417,Kiran Kumar,Laptop,Electronics,2,45000,90000,2023-08-01,Kolkata,East,Priya Nair,Net Banking,Processing
4418,Kavya Nambiar,Monitor,Electronics,3,22000,66000,2023-05-12,Bangalore,South,Deepak Joshi,Net Banking,Delivered
4419,Tanvi Mehta,Printer,Electronics,10,12000,120000,2023-08-30,Surat,West,Deepak Joshi,Credit Card,Shipped
4420,Tanvi Mehta,Mouse,Accessories,9,800,7200,2023-07-28,Chennai,South,Suresh Iyer,Credit Card,Shipped
4421,Pooja Gupta,Webcam,Accessories,14,2500,35000,2023-01-22,Jaipur,North,Sunita Rao,Cash on Delivery,Delivered
4422,Tanvi Mehta,Mouse,Accessories,4,800,3200,2023-01-24,Pune,West,Deepak Joshi,Net Banking,Shipped
4423,Ramesh Kumar,Mouse,Accessories,11,800,8800,2023-07-30,Ahmedabad,West,Ravi Kumar,Credit Card,Processing
4424,Sneha Reddy,Laptop,Electronics,10,45000,450000,2023-10-01,Ahmedabad,West,Anil Sharma,Net Banking,Delivered
4425,Ramesh Kumar,Mouse,Accessories,11,800,8800,2023-10-24,Hyderabad,South,Suresh Iyer,Credit Card,Cancelled
4426,Tanvi Mehta,Speaker,Electronics,14,4500,63000,2023-10-22,Jaipur,North,Kavya Reddy,UPI,Processing
4427,Priya Patel,Webcam,Accessories,9,2500,22500,2023-05-18,Bangalore,South,Meera Patel,Net Banking,Cancelled
4428,Arjun Nair,Speaker,Electronics,9,4500,40500,2023-01-07,Hyderabad,South,Priya Nair,Credit Card,Cancelled
4429,Suresh Rao,Mouse,Accessories,13,800,10400,2023-07-13,Kolkata,East,Kavya Reddy,Net Banking,Delivered
4430,Vikram Iyer,Speaker,Electronics,8,4500,36000,2023-11-24,Kolkata,East,Meera Patel,Net Banking,Delivered
4431,Suresh Rao,Webcam,Accessories,14,2500,35000,2023-11-18,Surat,West,Anil Sharma,UPI,Cancelled
4432,Arjun Nair,Laptop,Electronics,12,45000,540000,2023-11-12,Bangalore,South,Deepak Joshi,UPI,Delivered
4433,Ananya Das,Mouse,Accessories,6,800,4800,2023-09-29,Delhi,North,Ravi Kumar,Net Banking,Processing
4434,Kavya Nambiar,Speaker,Electronics,8,4500,36000,2023-04-08,Mumbai,West,Deepak Joshi,UPI,Delivered
4435,Vikram Iyer,Mouse,Accessories,10,800,8000,2023-08-14,Delhi,North,Kavya Reddy,Cash on Delivery,Processing
4436,Ananya Das,Printer,Electronics,8,12000,96000,2023-07-05,Pune,West,Priya Nair,Credit Card,Processing
4437,Pooja Gupta,Monitor,Electronics,15,22000,330000,2023-08-06,Ahmedabad,West,Deepak Joshi,UPI,Shipped
4438,Kavya Nambiar,Laptop,Electronics,9,45000,405000,2023-03-08,Ahmedabad,West,Priya Nair,Cash on Delivery,Processing
4439,Sneha Reddy,Monitor,Electronics,7,22000,154000,2023-03-23,Surat,West,Meera Patel,UPI,Cancelled
4440,Kiran Kumar,Laptop,Electronics,12,45000,540000,2023-10-08,Kolkata,East,Deepak Joshi,UPI,Cancelled
4441,Sneha Reddy,USB Hub,Accessories,5,600,3000,2023-09-22,Jaipur,North,Sunita Rao,Cash on Delivery,Shipped
4442,Kavya Nambiar,Laptop,Electronics,7,45000,315000,2023-04-04,Pune,West,Meera Patel,Credit Card,Processing
4443,Divya Singh,Monitor,Electronics,15,22000,330000,2023-02-16,Ahmedabad,West,Ravi Kumar,Net Banking,Shipped
4444,Ananya Das,USB Hub,Accessories,14,600,8400,2023-06-24,Kolkata,East,Deepak Joshi,Cash on Delivery,Delivered
4445,Divya Singh,USB Hub,Accessories,4,600,2400,2023-03-10,Bangalore,South,Ravi Kumar,UPI,Cancelled
4446,Ananya Das,Monitor,Electronics,10,22000,220000,2023-09-15,Jaipur,North,Anil Sharma,UPI,Shipped
4447,Ramesh Kumar,Mouse,Accessories,11,800,8800,2023-10-21,Jaipur,North,Anil Sharma,Cash on Delivery,Processing
4448,Divya Singh,Headphones,Electronics,11,3500,38500,2023-11-23,Ahmedabad,West,Anil Sharma,Net Banking,Cancelled
4449,Arjun Nair,Tablet,Electronics,6,32000,192000,2023-12-27,Surat,West,Sunita Rao,Cash on Delivery,Cancelled
4450,Ananya Das,Tablet,Electronics,6,32000,192000,2023-04-14,Kolkata,East,Sunita Rao,Credit Card,Cancelled
4451,Meera Joshi,Mouse,Accessories,9,800,7200,2023-02-03,Jaipur,North,Sunita Rao,Net Banking,Cancelled
4452,Arjun Nair,Speaker,Electronics,9,4500,40500,2023-10-25,Mumbai,West,Priya Nair,Cash on Delivery,Shipped
4453,Arjun Nair,USB Hub,Accessories,4,600,2400,2023-09-16,Ahmedabad,West,Kavya Reddy,Cash on Delivery,Shipped
4454,Ramesh Kumar,Printer,Electronics,14,12000,168000,2023-03-21,Mumbai,West,Kavya Reddy,Cash on Delivery,Delivered
4455,Vikram Iyer,Keyboard,Accessories,10,1200,12000,2023-07-24,Chennai,South,Sunita Rao,UPI,Delivered
4456,Pooja Gupta,Speaker,Electronics,11,4500,49500,2023-06-20,Mumbai,West,Sunita Rao,Credit Card,Shipped
4457,Kiran Kumar,Speaker,Electronics,9,4500,40500,2023-11-26,Ahmedabad,West,Sunita Rao,UPI,Delivered
4458,Kiran Kumar,Tablet,Electronics,15,32000,480000,2023-07-25,Mumbai,West,Anil Sharma,Credit Card,Delivered
4459,Divya Singh,Tablet,Electronics,3,32000,96000,2023-04-23,Surat,West,Ravi Kumar,UPI,Cancelled
4460,Sneha Reddy,Printer,Electronics,15,12000,180000,2023-04-29,Surat,West,Deepak Joshi,Cash on Delivery,Processing
4461,Sneha Reddy,Speaker,Electronics,15,4500,67500,2023-01-24,Jaipur,North,Priya Nair,Credit Card,Cancelled
4462,Ananya Das,Tablet,Electronics,8,32000,256000,2023-09-19,Kolkata,East,Suresh Iyer,UPI,Shipped
4463,Ramesh Kumar,Webcam,Accessories,12,2500,30000,2023-08-17,Kolkata,East,Kavya Reddy,Cash on Delivery,Shipped
4464,Tanvi Mehta,Monitor,Electronics,14,22000,308000,2023-12-03,Bangalore,South,Meera Patel,Credit Card,Processing
4465,Vikram Iyer,Webcam,Accessories,11,2500,27500,2023-01-22,Kolkata,East,Priya Nair,Cash on Delivery,Delivered
4466,Rahul Mishra,Webcam,Accessories,11,2500,27500,2023-02-17,Bangalore,South,Kavya Reddy,UPI,Processing
4467,Meera Joshi,Headphones,Electronics,1,3500,3500,2023-06-09,Hyderabad,South,Meera Patel,Credit Card,Delivered
4468,Ramesh Kumar,Headphones,Electronics,5,3500,17500,2023-09-05,Delhi,North,Sunita Rao,UPI,Shipped
4469,Rahul Mishra,Webcam,Accessories,4,2500,10000,2023-07-25,Mumbai,West,Kavya Reddy,Credit Card,Processing
4470,Pooja Gupta,USB Hub,Accessories,10,600,6000,2023-02-08,Ahmedabad,West,Anil Sharma,Cash on Delivery,Cancelled
4471,Kavya Nambiar,Speaker,Electronics,9,4500,40500,2023-01-28,Jaipur,North,Ravi Kumar,UPI,Processing
4472,Arjun Nair,Headphones,Electronics,7,3500,24500,2023-09-20,Kolkata,East,Deepak Joshi,Cash on Delivery,Cancelled
4473,Kavya Nambiar,Speaker,Electronics,1,4500,4500,2023-04-29,Hyderabad,South,Suresh Iyer,Cash on Delivery,Processing
4474,Amit Verma,Laptop,Electronics,7,45000,315000,2023-04-22,Delhi,North,Priya Nair,Cash on Delivery,Shipped
4475,Kavya Nambiar,Tablet,Electronics,11,32000,352000,2023-04-17,Ahmedabad,West,Sunita Rao,Net Banking,Cancelled
4476,Ananya Das,Webcam,Accessories,12,2500,30000,2023-03-24,Jaipur,North,Ravi Kumar,Cash on Delivery,Shipped
4477,Suresh Rao,Monitor,Electronics,7,22000,154000,2023-10-14,Ahmedabad,West,Meera Patel,Credit Card,Shipped
4478,Meera Joshi,Speaker,Electronics,6,4500,27000,2023-10-14,Delhi,North,Deepak Joshi,UPI,Shipped
4479,Kiran Kumar,Mouse,Accessories,5,800,4000,2023-02-16,Bangalore,South,Priya Nair,Credit Card,Processing
4480,Kiran Kumar,Headphones,Electronics,4,3500,14000,2023-10-26,Ahmedabad,West,Suresh Iyer,Credit Card,Cancelled
4481,Kavya Nambiar,Mouse,Accessories,5,800,4000,2023-07-16,Hyderabad,South,Kavya Reddy,Net Banking,Cancelled
4482,Ananya Das,Keyboard,Accessories,6,1200,7200,2023-11-20,Delhi,North,Priya Nair,Net Banking,Delivered
4483,Priya Patel,Tablet,Electronics,12,32000,384000,2023-11-09,Hyderabad,South,Suresh Iyer,Credit Card,Cancelled
4484,Tanvi Mehta,Laptop,Electronics,1,45000,45000,2023-03-24,Kolkata,East,Ravi Kumar,Credit Card,Delivered
4485,Vikram Iyer,USB Hub,Accessories,9,600,5400,2023-02-06,Surat,West,Deepak Joshi,Credit Card,Shipped
4486,Kiran Kumar,Headphones,Electronics,11,3500,38500,2023-09-03,Hyderabad,South,Anil Sharma,Net Banking,Shipped
4487,Pooja Gupta,Tablet,Electronics,5,32000,160000,2023-01-14,Jaipur,North,Ravi Kumar,UPI,Cancelled
4488,Suresh Rao,Headphones,Electronics,4,3500,14000,2023-01-15,Chennai,South,Ravi Kumar,Cash on Delivery,Processing
4489,Ananya Das,Laptop,Electronics,12,45000,540000,2023-11-27,Surat,West,Suresh Iyer,UPI,Delivered
4490,Divya Singh,Printer,Electronics,7,12000,84000,2023-07-13,Chennai,South,Kavya Reddy,Credit Card,Cancelled
4491,Ramesh Kumar,USB Hub,Accessories,7,600,4200,2023-02-09,Pune,West,Ravi Kumar,Net Banking,Cancelled
4492,Amit Verma,Mouse,Accessories,3,800,2400,2023-01-17,Hyderabad,South,Ravi Kumar,UPI,Shipped
4493,Ramesh Kumar,Headphones,Electronics,10,3500,35000,2023-10-06,Surat,West,Sunita Rao,UPI,Cancelled
4494,Divya Singh,USB Hub,Accessories,4,600,2400,2023-08-04,Ahmedabad,West,Priya Nair,Credit Card,Delivered
4495,Meera Joshi,Tablet,Electronics,10,32000,320000,2023-02-06,Jaipur,North,Ravi Kumar,Net Banking,Processing
4496,Ramesh Kumar,USB Hub,Accessories,5,600,3000,2023-05-31,Delhi,North,Ravi Kumar,UPI,Shipped
4497,Kavya Nambiar,Webcam,Accessories,8,2500,20000,2023-06-05,Delhi,North,Suresh Iyer,Net Banking,Cancelled
4498,Kavya Nambiar,Headphones,Electronics,14,3500,49000,2023-07-12,Bangalore,South,Anil Sharma,Credit Card,Cancelled
4499,Kiran Kumar,Mouse,Accessories,13,800,10400,2023-03-07,Jaipur,North,Meera Patel,Credit Card,Processing
4500,Meera Joshi,USB Hub,Accessories,11,600,6600,2023-06-21,Surat,West,Ravi Kumar,UPI,Cancelled
4501,Suresh Rao,Tablet,Electronics,14,32000,448000,2023-05-15,Pune,West,Sunita Rao,Net Banking,Delivered
4502,Meera Joshi,Laptop,Electronics,15,45000,675000,2023-10-08,Chennai,South,Anil Sharma,UPI,Processing
4503,Kavya Nambiar,Webcam,Accessories,12,2500,30000,2023-04-17,Delhi,North,Deepak Joshi,Net Banking,Processing
4504,Amit Verma,Printer,Electronics,8,12000,96000,2023-03-14,Pune,West,Meera Patel,Credit Card,Processing
4505,Arjun Nair,Tablet,Electronics,4,32000,128000,2023-02-03,Chennai,South,Priya Nair,Net Banking,Cancelled
4506,Arjun Nair,Monitor,Electronics,11,22000,242000,2023-09-04,Kolkata,East,Meera Patel,UPI,Processing
4507,Suresh Rao,Monitor,Electronics,5,22000,110000,2023-12-23,Delhi,North,Kavya Reddy,Cash on Delivery,Processing
4508,Ramesh Kumar,Mouse,Accessories,3,800,2400,2023-12-19,Delhi,North,Deepak Joshi,Credit Card,Processing
4509,Vikram Iyer,Headphones,Electronics,8,3500,28000,2023-09-11,Chennai,South,Suresh Iyer,Cash on Delivery,Delivered
4510,Rahul Mishra,Printer,Electronics,1,12000,12000,2023-12-24,Chennai,South,Priya Nair,Credit Card,Delivered
4511,Priya Patel,Monitor,Electronics,8,22000,176000,2023-05-05,Ahmedabad,West,Deepak Joshi,UPI,Delivered
4512,Sneha Reddy,Webcam,Accessories,2,2500,5000,2023-05-09,Delhi,North,Suresh Iyer,Cash on Delivery,Cancelled
4513,Divya Singh,Keyboard,Accessories,13,1200,15600,2023-01-08,Delhi,North,Sunita Rao,Cash on Delivery,Delivered
4514,Vikram Iyer,Laptop,Electronics,11,45000,495000,2023-07-27,Surat,West,Priya Nair,Cash on Delivery,Processing
4515,Kavya Nambiar,Keyboard,Accessories,13,1200,15600,2023-08-21,Kolkata,East,Anil Sharma,Cash on Delivery,Delivered
4516,Vikram Iyer,Keyboard,Accessories,14,1200,16800,2023-10-24,Pune,West,Meera Patel,UPI,Delivered
4517,Pooja Gupta,Webcam,Accessories,3,2500,7500,2023-12-28,Hyderabad,South,Meera Patel,Credit Card,Cancelled
4518,Ramesh Kumar,Laptop,Electronics,3,45000,135000,2023-04-10,Mumbai,West,Ravi Kumar,Cash on Delivery,Processing
4519,Tanvi Mehta,Webcam,Accessories,11,2500,27500,2023-06-17,Mumbai,West,Ravi Kumar,UPI,Processing
4520,Ramesh Kumar,Monitor,Electronics,5,22000,110000,2023-03-20,Delhi,North,Suresh Iyer,Cash on Delivery,Cancelled
4521,Arjun Nair,Laptop,Electronics,6,45000,270000,2023-02-08,Delhi,North,Priya Nair,UPI,Delivered
4522,Sneha Reddy,Monitor,Electronics,7,22000,154000,2023-05-08,Pune,West,Ravi Kumar,UPI,Shipped
4523,Meera Joshi,Keyboard,Accessories,1,1200,1200,2023-01-17,Hyderabad,South,Meera Patel,UPI,Shipped
4524,Amit Verma,Keyboard,Accessories,6,1200,7200,2023-07-13,Mumbai,West,Anil Sharma,Credit Card,Delivered
4525,Arjun Nair,Monitor,Electronics,13,22000,286000,2023-04-17,Delhi,North,Deepak Joshi,UPI,Shipped
4526,Vikram Iyer,Speaker,Electronics,4,4500,18000,2023-04-27,Delhi,North,Ravi Kumar,Net Banking,Shipped
4527,Amit Verma,Printer,Electronics,2,12000,24000,2023-04-20,Pune,West,Meera Patel,Net Banking,Processing
4528,Sneha Reddy,USB Hub,Accessories,6,600,3600,2023-03-06,Hyderabad,South,Deepak Joshi,UPI,Cancelled
4529,Kiran Kumar,Headphones,Electronics,10,3500,35000,2023-08-15,Hyderabad,South,Anil Sharma,UPI,Processing
4530,Sneha Reddy,Speaker,Electronics,7,4500,31500,2023-08-08,Ahmedabad,West,Deepak Joshi,UPI,Delivered
4531,Suresh Rao,Speaker,Electronics,4,4500,18000,2023-08-12,Kolkata,East,Kavya Reddy,Cash on Delivery,Shipped
4532,Vikram Iyer,Headphones,Electronics,9,3500,31500,2023-11-23,Surat,West,Priya Nair,UPI,Cancelled
4533,Meera Joshi,Mouse,Accessories,7,800,5600,2023-02-17,Kolkata,East,Ravi Kumar,Cash on Delivery,Cancelled
4534,Arjun Nair,Webcam,Accessories,10,2500,25000,2023-02-03,Kolkata,East,Kavya Reddy,Cash on Delivery,Shipped
4535,Rahul Mishra,Webcam,Accessories,14,2500,35000,2023-11-24,Chennai,South,Anil Sharma,Cash on Delivery,Cancelled
4536,Suresh Rao,Headphones,Electronics,5,3500,17500,2023-08-31,Delhi,North,Priya Nair,UPI,Shipped
4537,Amit Verma,USB Hub,Accessories,12,600,7200,2023-07-09,Surat,West,Deepak Joshi,Cash on Delivery,Processing
4538,Vikram Iyer,USB Hub,Accessories,12,600,7200,2023-06-12,Pune,West,Meera Patel,Net Banking,Shipped
4539,Pooja Gupta,Printer,Electronics,12,12000,144000,2023-12-19,Surat,West,Suresh Iyer,UPI,Processing
4540,Tanvi Mehta,Mouse,Accessories,5,800,4000,2023-04-14,Bangalore,South,Suresh Iyer,Cash on Delivery,Shipped
4541,Priya Patel,Headphones,Electronics,6,3500,21000,2023-09-01,Delhi,North,Ravi Kumar,Cash on Delivery,Cancelled
4542,Meera Joshi,Mouse,Accessories,15,800,12000,2023-04-25,Ahmedabad,West,Deepak Joshi,UPI,Processing
4543,Pooja Gupta,USB Hub,Accessories,6,600,3600,2023-09-14,Ahmedabad,West,Suresh Iyer,UPI,Delivered
4544,Amit Verma,USB Hub,Accessories,7,600,4200,2023-10-03,Delhi,North,Deepak Joshi,Cash on Delivery,Shipped
4545,Suresh Rao,Speaker,Electronics,13,4500,58500,2023-10-07,Surat,West,Sunita Rao,Cash on Delivery,Delivered
4546,Priya Patel,Webcam,Accessories,11,2500,27500,2023-09-14,Chennai,South,Sunita Rao,Cash on Delivery,Shipped
4547,Ramesh Kumar,Tablet,Electronics,1,32000,32000,2023-05-06,Delhi,North,Kavya Reddy,UPI,Cancelled
4548,Pooja Gupta,Keyboard,Accessories,1,1200,1200,2023-08-30,Pune,West,Ravi Kumar,Credit Card,Delivered
4549,Kavya Nambiar,Headphones,Electronics,10,3500,35000,2023-08-05,Ahmedabad,West,Kavya Reddy,Credit Card,Shipped
4550,Priya Patel,USB Hub,Accessories,10,600,6000,2023-04-17,Hyderabad,South,Ravi Kumar,Credit Card,Processing
4551,Suresh Rao,USB Hub,Accessories,10,600,6000,2023-06-02,Chennai,South,Kavya Reddy,Cash on Delivery,Shipped
4552,Pooja Gupta,Webcam,Accessories,14,2500,35000,2023-03-15,Hyderabad,South,Ravi Kumar,Cash on Delivery,Processing
4553,Ananya Das,Webcam,Accessories,4,2500,10000,2023-04-08,Pune,West,Sunita Rao,Cash on Delivery,Shipped
4554,Ramesh Kumar,Speaker,Electronics,11,4500,49500,2023-06-03,Surat,West,Meera Patel,Cash on Delivery,Processing
4555,Amit Verma,Printer,Electronics,11,12000,132000,2023-02-26,Delhi,North,Suresh Iyer,Cash on Delivery,Processing
4556,Kiran Kumar,Speaker,Electronics,2,4500,9000,2023-11-14,Jaipur,North,Kavya Reddy,Credit Card,Cancelled
4557,Sneha Reddy,Printer,Electronics,4,12000,48000,2023-06-18,Chennai,South,Sunita Rao,Credit Card,Delivered
4558,Suresh Rao,USB Hub,Accessories,3,600,1800,2023-06-29,Delhi,North,Anil Sharma,Credit Card,Cancelled
4559,Pooja Gupta,Mouse,Accessories,10,800,8000,2023-05-20,Surat,West,Anil Sharma,Credit Card,Shipped
4560,Sneha Reddy,Mouse,Accessories,5,800,4000,2023-05-20,Chennai,South,Kavya Reddy,Cash on Delivery,Cancelled
4561,Arjun Nair,Mouse,Accessories,9,800,7200,2023-02-21,Hyderabad,South,Anil Sharma,Net Banking,Delivered
4562,Divya Singh,Laptop,Electronics,14,45000,630000,2023-08-11,Delhi,North,Meera Patel,Credit Card,Delivered
4563,Kiran Kumar,Headphones,Electronics,2,3500,7000,2023-02-23,Ahmedabad,West,Anil Sharma,Net Banking,Delivered
4564,Vikram Iyer,Laptop,Electronics,14,45000,630000,2023-06-09,Mumbai,West,Ravi Kumar,Credit Card,Shipped
4565,Kavya Nambiar,Printer,Electronics,14,12000,168000,2023-08-02,Ahmedabad,West,Suresh Iyer,Credit Card,Cancelled
4566,Tanvi Mehta,Printer,Electronics,12,12000,144000,2023-02-07,Mumbai,West,Anil Sharma,UPI,Processing
4567,Arjun Nair,Keyboard,Accessories,14,1200,16800,2023-04-13,Delhi,North,Priya Nair,Net Banking,Processing
4568,Sneha Reddy,Keyboard,Accessories,4,1200,4800,2023-06-13,Mumbai,West,Sunita Rao,Cash on Delivery,Delivered
4569,Divya Singh,Tablet,Electronics,11,32000,352000,2023-02-19,Surat,West,Sunita Rao,UPI,Cancelled
4570,Priya Patel,Laptop,Electronics,6,45000,270000,2023-09-04,Delhi,North,Sunita Rao,Cash on Delivery,Delivered
4571,Priya Patel,Mouse,Accessories,13,800,10400,2023-12-28,Bangalore,South,Deepak Joshi,Credit Card,Shipped
4572,Amit Verma,Headphones,Electronics,11,3500,38500,2023-01-03,Jaipur,North,Sunita Rao,Net Banking,Delivered
4573,Divya Singh,Monitor,Electronics,14,22000,308000,2023-10-01,Bangalore,South,Deepak Joshi,Net Banking,Shipped
4574,Sneha Reddy,Tablet,Electronics,13,32000,416000,2023-11-08,Delhi,North,Suresh Iyer,Cash on Delivery,Processing
4575,Sneha Reddy,Tablet,Electronics,5,32000,160000,2023-08-08,Pune,West,Sunita Rao,UPI,Delivered
4576,Priya Patel,Laptop,Electronics,5,45000,225000,2023-11-11,Jaipur,North,Suresh Iyer,Credit Card,Processing
4577,Priya Patel,Keyboard,Accessories,11,1200,13200,2023-03-19,Chennai,South,Priya Nair,Net Banking,Delivered
4578,Sneha Reddy,Monitor,Electronics,2,22000,44000,2023-06-21,Chennai,South,Priya Nair,Credit Card,Cancelled
4579,Kiran Kumar,Speaker,Electronics,11,4500,49500,2023-04-05,Pune,West,Sunita Rao,Cash on Delivery,Processing
4580,Amit Verma,Webcam,Accessories,3,2500,7500,2023-06-15,Kolkata,East,Kavya Reddy,Net Banking,Delivered
4581,Arjun Nair,Laptop,Electronics,11,45000,495000,2023-07-06,Bangalore,South,Kavya Reddy,Credit Card,Cancelled
4582,Ananya Das,Speaker,Electronics,10,4500,45000,2023-12-27,Ahmedabad,West,Deepak Joshi,Net Banking,Cancelled
4583,Ananya Das,USB Hub,Accessories,5,600,3000,2023-09-17,Surat,West,Meera Patel,Credit Card,Delivered
4584,Pooja Gupta,Webcam,Accessories,10,2500,25000,2023-11-18,Delhi,North,Priya Nair,Cash on Delivery,Cancelled
4585,Meera Joshi,Webcam,Accessories,4,2500,10000,2023-07-07,Pune,West,Deepak Joshi,UPI,Shipped
4586,Kiran Kumar,Tablet,Electronics,8,32000,256000,2023-03-21,Delhi,North,Suresh Iyer,UPI,Processing
4587,Kiran Kumar,USB Hub,Accessories,1,600,600,2023-05-13,Kolkata,East,Anil Sharma,Cash on Delivery,Delivered
4588,Tanvi Mehta,Laptop,Electronics,5,45000,225000,2023-12-01,Delhi,North,Deepak Joshi,Credit Card,Shipped
4589,Kiran Kumar,Laptop,Electronics,9,45000,405000,2023-11-28,Pune,West,Ravi Kumar,Net Banking,Delivered
4590,Tanvi Mehta,Printer,Electronics,13,12000,156000,2023-02-22,Jaipur,North,Anil Sharma,Credit Card,Cancelled
4591,Vikram Iyer,USB Hub,Accessories,10,600,6000,2023-01-31,Ahmedabad,West,Deepak Joshi,Credit Card,Cancelled
4592,Divya Singh,Keyboard,Accessories,3,1200,3600,2023-01-04,Ahmedabad,West,Suresh Iyer,UPI,Shipped
4593,Kavya Nambiar,Printer,Electronics,2,12000,24000,2023-06-29,Delhi,North,Ravi Kumar,UPI,Shipped
4594,Amit Verma,Keyboard,Accessories,3,1200,3600,2023-04-03,Ahmedabad,West,Ravi Kumar,Net Banking,Delivered
4595,Kavya Nambiar,Printer,Electronics,8,12000,96000,2023-06-17,Hyderabad,South,Ravi Kumar,UPI,Processing
4596,Ramesh Kumar,Speaker,Electronics,10,4500,45000,2023-06-02,Surat,West,Anil Sharma,Net Banking,Delivered
4597,Ananya Das,Laptop,Electronics,5,45000,225000,2023-08-20,Ahmedabad,West,Sunita Rao,UPI,Processing
4598,Meera Joshi,Monitor,Electronics,15,22000,330000,2023-05-07,Delhi,North,Anil Sharma,Net Banking,Shipped
4599,Amit Verma,Webcam,Accessories,15,2500,37500,2023-03-16,Jaipur,North,Ravi Kumar,Credit Card,Cancelled
4600,Tanvi Mehta,Headphones,Electronics,11,3500,38500,2023-12-25,Delhi,North,Priya Nair,Cash on Delivery,Delivered
4601,Ramesh Kumar,Speaker,Electronics,9,4500,40500,2023-05-04,Jaipur,North,Ravi Kumar,Credit Card,Delivered
4602,Arjun Nair,Laptop,Electronics,2,45000,90000,2023-11-15,Hyderabad,South,Priya Nair,UPI,Processing
4603,Suresh Rao,Monitor,Electronics,6,22000,132000,2023-03-06,Surat,West,Sunita Rao,Net Banking,Processing
4604,Arjun Nair,Tablet,Electronics,7,32000,224000,2023-08-21,Ahmedabad,West,Ravi Kumar,Credit Card,Shipped
4605,Tanvi Mehta,Monitor,Electronics,11,22000,242000,2023-10-12,Ahmedabad,West,Meera Patel,Credit Card,Cancelled
4606,Vikram Iyer,Mouse,Accessories,8,800,6400,2023-10-14,Kolkata,East,Anil Sharma,UPI,Cancelled
4607,Vikram Iyer,Printer,Electronics,13,12000,156000,2023-03-01,Surat,West,Ravi Kumar,Credit Card,Shipped
4608,Kavya Nambiar,Speaker,Electronics,5,4500,22500,2023-05-03,Jaipur,North,Suresh Iyer,Credit Card,Processing
4609,Tanvi Mehta,Webcam,Accessories,6,2500,15000,2023-06-26,Ahmedabad,West,Kavya Reddy,Net Banking,Processing
4610,Amit Verma,Laptop,Electronics,13,45000,585000,2023-05-23,Ahmedabad,West,Anil Sharma,Cash on Delivery,Cancelled
4611,Meera Joshi,Speaker,Electronics,12,4500,54000,2023-06-02,Mumbai,West,Ravi Kumar,Cash on Delivery,Delivered
4612,Kiran Kumar,USB Hub,Accessories,12,600,7200,2023-01-25,Delhi,North,Priya Nair,Cash on Delivery,Cancelled
4613,Meera Joshi,Mouse,Accessories,8,800,6400,2023-05-20,Chennai,South,Kavya Reddy,Credit Card,Delivered
4614,Kiran Kumar,USB Hub,Accessories,3,600,1800,2023-08-16,Kolkata,East,Sunita Rao,UPI,Cancelled
4615,Tanvi Mehta,Printer,Electronics,5,12000,60000,2023-10-28,Delhi,North,Anil Sharma,UPI,Processing
4616,Sneha Reddy,Mouse,Accessories,9,800,7200,2023-05-24,Mumbai,West,Kavya Reddy,Cash on Delivery,Shipped
4617,Arjun Nair,Speaker,Electronics,5,4500,22500,2023-05-18,Pune,West,Kavya Reddy,Cash on Delivery,Shipped
4618,Vikram Iyer,Webcam,Accessories,9,2500,22500,2023-05-25,Mumbai,West,Ravi Kumar,UPI,Shipped
4619,Rahul Mishra,Headphones,Electronics,4,3500,14000,2023-06-04,Bangalore,South,Anil Sharma,Credit Card,Processing
4620,Arjun Nair,Monitor,Electronics,12,22000,264000,2023-03-06,Jaipur,North,Sunita Rao,Net Banking,Processing
4621,Meera Joshi,Mouse,Accessories,10,800,8000,2023-02-25,Pune,West,Priya Nair,Net Banking,Cancelled
4622,Kiran Kumar,Headphones,Electronics,15,3500,52500,2023-01-15,Surat,West,Ravi Kumar,Cash on Delivery,Cancelled
4623,Meera Joshi,Laptop,Electronics,5,45000,225000,2023-03-26,Bangalore,South,Kavya Reddy,Credit Card,Shipped
4624,Ananya Das,Mouse,Accessories,11,800,8800,2023-03-15,Chennai,South,Priya Nair,Net Banking,Processing
4625,Meera Joshi,Keyboard,Accessories,14,1200,16800,2023-02-12,Chennai,South,Ravi Kumar,Cash on Delivery,Shipped
4626,Ananya Das,Laptop,Electronics,1,45000,45000,2023-03-13,Hyderabad,South,Suresh Iyer,Cash on Delivery,Shipped
4627,Amit Verma,Speaker,Electronics,2,4500,9000,2023-08-15,Surat,West,Sunita Rao,Cash on Delivery,Processing
4628,Ramesh Kumar,Keyboard,Accessories,3,1200,3600,2023-03-09,Surat,West,Deepak Joshi,Credit Card,Cancelled
4629,Tanvi Mehta,Tablet,Electronics,15,32000,480000,2023-04-01,Ahmedabad,West,Sunita Rao,Net Banking,Shipped
4630,Kiran Kumar,Speaker,Electronics,15,4500,67500,2023-07-27,Bangalore,South,Meera Patel,Cash on Delivery,Delivered
4631,Suresh Rao,USB Hub,Accessories,3,600,1800,2023-07-01,Chennai,South,Anil Sharma,UPI,Delivered
4632,Ramesh Kumar,Mouse,Accessories,3,800,2400,2023-09-14,Surat,West,Deepak Joshi,Net Banking,Delivered
4633,Priya Patel,Keyboard,Accessories,1,1200,1200,2023-08-03,Bangalore,South,Anil Sharma,Credit Card,Shipped
4634,Sneha Reddy,Mouse,Accessories,6,800,4800,2023-11-13,Chennai,South,Kavya Reddy,Cash on Delivery,Delivered
4635,Vikram Iyer,Speaker,Electronics,1,4500,4500,2023-01-30,Mumbai,West,Anil Sharma,UPI,Processing
4636,Amit Verma,USB Hub,Accessories,7,600,4200,2023-03-16,Delhi,North,Priya Nair,Cash on Delivery,Processing
4637,Meera Joshi,Tablet,Electronics,9,32000,288000,2023-07-08,Delhi,North,Deepak Joshi,Credit Card,Cancelled
4638,Sneha Reddy,Speaker,Electronics,13,4500,58500,2023-03-15,Surat,West,Anil Sharma,Net Banking,Processing
4639,Priya Patel,Mouse,Accessories,12,800,9600,2023-04-30,Bangalore,South,Suresh Iyer,Cash on Delivery,Cancelled
4640,Kiran Kumar,Printer,Electronics,5,12000,60000,2023-06-19,Delhi,North,Deepak Joshi,Cash on Delivery,Processing
4641,Ananya Das,Mouse,Accessories,1,800,800,2023-03-02,Jaipur,North,Deepak Joshi,Net Banking,Shipped
4642,Vikram Iyer,Speaker,Electronics,15,4500,67500,2023-02-11,Delhi,North,Kavya Reddy,Cash on Delivery,Cancelled
4643,Meera Joshi,USB Hub,Accessories,6,600,3600,2023-01-30,Pune,West,Ravi Kumar,Cash on Delivery,Cancelled
4644,Amit Verma,Monitor,Electronics,1,22000,22000,2023-10-22,Bangalore,South,Sunita Rao,Net Banking,Cancelled
4645,Priya Patel,Printer,Electronics,7,12000,84000,2023-12-06,Mumbai,West,Anil Sharma,UPI,Shipped
4646,Kiran Kumar,Mouse,Accessories,11,800,8800,2023-02-28,Delhi,North,Kavya Reddy,Cash on Delivery,Delivered
4647,Sneha Reddy,USB Hub,Accessories,11,600,6600,2023-08-07,Jaipur,North,Priya Nair,UPI,Shipped
4648,Priya Patel,Keyboard,Accessories,11,1200,13200,2023-09-06,Chennai,South,Priya Nair,UPI,Delivered
4649,Rahul Mishra,Keyboard,Accessories,14,1200,16800,2023-11-22,Pune,West,Deepak Joshi,Net Banking,Cancelled
4650,Arjun Nair,Mouse,Accessories,2,800,1600,2023-02-12,Jaipur,North,Ravi Kumar,Net Banking,Shipped
4651,Divya Singh,Laptop,Electronics,1,45000,45000,2023-05-06,Mumbai,West,Priya Nair,UPI,Shipped
4652,Arjun Nair,Mouse,Accessories,4,800,3200,2023-03-15,Delhi,North,Suresh Iyer,Net Banking,Cancelled
4653,Divya Singh,USB Hub,Accessories,4,600,2400,2023-03-06,Surat,West,Deepak Joshi,Credit Card,Cancelled
4654,Divya Singh,Printer,Electronics,13,12000,156000,2023-12-16,Chennai,South,Suresh Iyer,Net Banking,Delivered
4655,Amit Verma,Webcam,Accessories,15,2500,37500,2023-09-26,Chennai,South,Anil Sharma,Credit Card,Delivered
4656,Suresh Rao,Headphones,Electronics,14,3500,49000,2023-07-18,Mumbai,West,Priya Nair,UPI,Cancelled
4657,Divya Singh,USB Hub,Accessories,3,600,1800,2023-08-09,Hyderabad,South,Meera Patel,Net Banking,Delivered
4658,Meera Joshi,Keyboard,Accessories,3,1200,3600,2023-05-24,Jaipur,North,Priya Nair,UPI,Shipped
4659,Meera Joshi,Tablet,Electronics,11,32000,352000,2023-07-20,Kolkata,East,Suresh Iyer,Cash on Delivery,Cancelled
4660,Arjun Nair,Headphones,Electronics,8,3500,28000,2023-09-19,Ahmedabad,West,Suresh Iyer,UPI,Shipped
4661,Meera Joshi,Headphones,Electronics,5,3500,17500,2023-12-29,Surat,West,Sunita Rao,Credit Card,Processing
4662,Kiran Kumar,USB Hub,Accessories,6,600,3600,2023-01-03,Bangalore,South,Ravi Kumar,Cash on Delivery,Processing
4663,Kavya Nambiar,USB Hub,Accessories,15,600,9000,2023-06-20,Ahmedabad,West,Sunita Rao,UPI,Delivered
4664,Tanvi Mehta,USB Hub,Accessories,13,600,7800,2023-08-18,Bangalore,South,Suresh Iyer,Cash on Delivery,Shipped
4665,Pooja Gupta,Speaker,Electronics,12,4500,54000,2023-06-13,Chennai,South,Anil Sharma,Cash on Delivery,Shipped
4666,Priya Patel,Headphones,Electronics,14,3500,49000,2023-03-12,Hyderabad,South,Ravi Kumar,Credit Card,Processing
4667,Amit Verma,USB Hub,Accessories,15,600,9000,2023-01-03,Kolkata,East,Ravi Kumar,UPI,Processing
4668,Tanvi Mehta,Tablet,Electronics,9,32000,288000,2023-12-20,Jaipur,North,Anil Sharma,Net Banking,Processing
4669,Meera Joshi,Tablet,Electronics,8,32000,256000,2023-03-12,Surat,West,Sunita Rao,Net Banking,Delivered
4670,Vikram Iyer,Tablet,Electronics,4,32000,128000,2023-04-28,Mumbai,West,Ravi Kumar,Credit Card,Processing
4671,Suresh Rao,Tablet,Electronics,11,32000,352000,2023-03-15,Ahmedabad,West,Meera Patel,UPI,Cancelled
4672,Pooja Gupta,Keyboard,Accessories,15,1200,18000,2023-10-18,Mumbai,West,Deepak Joshi,Net Banking,Delivered
4673,Ramesh Kumar,USB Hub,Accessories,7,600,4200,2023-08-16,Jaipur,North,Suresh Iyer,UPI,Cancelled
4674,Kiran Kumar,Mouse,Accessories,14,800,11200,2023-09-24,Bangalore,South,Meera Patel,Credit Card,Delivered
4675,Ramesh Kumar,Monitor,Electronics,15,22000,330000,2023-03-19,Bangalore,South,Anil Sharma,Net Banking,Processing
4676,Suresh Rao,Keyboard,Accessories,14,1200,16800,2023-05-10,Pune,West,Meera Patel,UPI,Shipped
4677,Kiran Kumar,USB Hub,Accessories,11,600,6600,2023-10-23,Jaipur,North,Anil Sharma,UPI,Cancelled
4678,Kiran Kumar,Tablet,Electronics,12,32000,384000,2023-04-16,Delhi,North,Anil Sharma,Net Banking,Processing
4679,Tanvi Mehta,Speaker,Electronics,15,4500,67500,2023-08-11,Hyderabad,South,Ravi Kumar,Credit Card,Processing
4680,Priya Patel,USB Hub,Accessories,10,600,6000,2023-01-27,Hyderabad,South,Meera Patel,UPI,Processing
4681,Tanvi Mehta,Speaker,Electronics,13,4500,58500,2023-02-17,Kolkata,East,Meera Patel,Net Banking,Delivered
4682,Arjun Nair,Laptop,Electronics,2,45000,90000,2023-06-19,Delhi,North,Suresh Iyer,Credit Card,Cancelled
4683,Tanvi Mehta,Webcam,Accessories,12,2500,30000,2023-12-20,Ahmedabad,West,Anil Sharma,Credit Card,Shipped
4684,Suresh Rao,Printer,Electronics,10,12000,120000,2023-11-24,Ahmedabad,West,Anil Sharma,Net Banking,Processing
4685,Arjun Nair,Monitor,Electronics,5,22000,110000,2023-02-01,Mumbai,West,Meera Patel,Credit Card,Processing
4686,Meera Joshi,USB Hub,Accessories,15,600,9000,2023-09-18,Pune,West,Sunita Rao,UPI,Processing
4687,Priya Patel,Mouse,Accessories,11,800,8800,2023-12-02,Ahmedabad,West,Deepak Joshi,UPI,Cancelled
4688,Rahul Mishra,Headphones,Electronics,6,3500,21000,2023-06-30,Jaipur,North,Anil Sharma,UPI,Delivered
4689,Rahul Mishra,Speaker,Electronics,2,4500,9000,2023-07-26,Mumbai,West,Priya Nair,Cash on Delivery,Processing
4690,Rahul Mishra,Tablet,Electronics,8,32000,256000,2023-08-19,Delhi,North,Deepak Joshi,Credit Card,Delivered
4691,Suresh Rao,Speaker,Electronics,3,4500,13500,2023-08-25,Mumbai,West,Sunita Rao,Cash on Delivery,Shipped
4692,Priya Patel,Tablet,Electronics,7,32000,224000,2023-02-17,Delhi,North,Priya Nair,Cash on Delivery,Cancelled
4693,Ananya Das,Printer,Electronics,2,12000,24000,2023-02-13,Pune,West,Kavya Reddy,Cash on Delivery,Cancelled
4694,Rahul Mishra,Webcam,Accessories,12,2500,30000,2023-12-31,Surat,West,Meera Patel,UPI,Shipped
4695,Pooja Gupta,USB Hub,Accessories,8,600,4800,2023-01-22,Delhi,North,Priya Nair,Credit Card,Processing
4696,Arjun Nair,Printer,Electronics,6,12000,72000,2023-04-08,Chennai,South,Priya Nair,Credit Card,Processing
4697,Amit Verma,USB Hub,Accessories,8,600,4800,2023-12-28,Kolkata,East,Priya Nair,UPI,Processing
4698,Ananya Das,Mouse,Accessories,10,800,8000,2023-12-02,Chennai,South,Ravi Kumar,Net Banking,Shipped
4699,Priya Patel,USB Hub,Accessories,11,600,6600,2023-03-14,Pune,West,Kavya Reddy,Cash on Delivery,Processing
4700,Meera Joshi,Printer,Electronics,2,12000,24000,2023-12-15,Mumbai,West,Deepak Joshi,Cash on Delivery,Cancelled
4701,Ramesh Kumar,Printer,Electronics,10,12000,120000,2023-04-17,Jaipur,North,Meera Patel,Credit Card,Shipped
4702,Tanvi Mehta,Printer,Electronics,4,12000,48000,2023-03-22,Kolkata,East,Kavya Reddy,UPI,Cancelled
4703,Suresh Rao,USB Hub,Accessories,10,600,6000,2023-10-14,Pune,West,Meera Patel,Net Banking,Processing
4704,Ramesh Kumar,Monitor,Electronics,13,22000,286000,2023-12-30,Kolkata,East,Ravi Kumar,Net Banking,Shipped
4705,Priya Patel,Printer,Electronics,5,12000,60000,2023-08-07,Kolkata,East,Meera Patel,Credit Card,Cancelled
4706,Tanvi Mehta,Mouse,Accessories,9,800,7200,2023-10-16,Mumbai,West,Kavya Reddy,UPI,Delivered
4707,Divya Singh,Tablet,Electronics,9,32000,288000,2023-03-27,Chennai,South,Kavya Reddy,Cash on Delivery,Cancelled
4708,Arjun Nair,Monitor,Electronics,15,22000,330000,2023-09-14,Delhi,North,Ravi Kumar,Net Banking,Shipped
4709,Sneha Reddy,Tablet,Electronics,15,32000,480000,2023-07-19,Ahmedabad,West,Anil Sharma,Credit Card,Delivered
4710,Ramesh Kumar,Tablet,Electronics,3,32000,96000,2023-02-07,Delhi,North,Ravi Kumar,Net Banking,Shipped
4711,Divya Singh,Mouse,Accessories,11,800,8800,2023-05-29,Hyderabad,South,Meera Patel,Credit Card,Processing
4712,Suresh Rao,Tablet,Electronics,8,32000,256000,2023-02-18,Jaipur,North,Suresh Iyer,Credit Card,Cancelled
4713,Ananya Das,Monitor,Electronics,6,22000,132000,2023-12-30,Pune,West,Suresh Iyer,Net Banking,Cancelled
4714,Ramesh Kumar,USB Hub,Accessories,7,600,4200,2023-06-01,Jaipur,North,Suresh Iyer,UPI,Shipped
4715,Ananya Das,Headphones,Electronics,1,3500,3500,2023-01-09,Hyderabad,South,Priya Nair,UPI,Shipped
4716,Vikram Iyer,Headphones,Electronics,11,3500,38500,2023-07-14,Bangalore,South,Priya Nair,UPI,Cancelled
4717,Amit Verma,Speaker,Electronics,12,4500,54000,2023-04-04,Chennai,South,Sunita Rao,Credit Card,Processing
4718,Divya Singh,Mouse,Accessories,12,800,9600,2023-01-07,Surat,West,Anil Sharma,Net Banking,Processing
4719,Suresh Rao,Tablet,Electronics,7,32000,224000,2023-01-26,Chennai,South,Sunita Rao,Net Banking,Cancelled
4720,Ramesh Kumar,Speaker,Electronics,2,4500,9000,2023-06-18,Delhi,North,Sunita Rao,Credit Card,Delivered
4721,Ramesh Kumar,USB Hub,Accessories,7,600,4200,2023-01-05,Bangalore,South,Anil Sharma,UPI,Cancelled
4722,Vikram Iyer,Webcam,Accessories,10,2500,25000,2023-04-17,Ahmedabad,West,Deepak Joshi,Cash on Delivery,Processing
4723,Tanvi Mehta,Speaker,Electronics,14,4500,63000,2023-10-12,Jaipur,North,Meera Patel,UPI,Processing
4724,Meera Joshi,Headphones,Electronics,9,3500,31500,2023-04-16,Ahmedabad,West,Kavya Reddy,Credit Card,Shipped
4725,Divya Singh,Monitor,Electronics,10,22000,220000,2023-07-26,Hyderabad,South,Sunita Rao,Net Banking,Cancelled
4726,Vikram Iyer,Mouse,Accessories,15,800,12000,2023-07-31,Ahmedabad,West,Suresh Iyer,Net Banking,Shipped
4727,Priya Patel,Keyboard,Accessories,15,1200,18000,2023-04-17,Mumbai,West,Kavya Reddy,UPI,Cancelled
4728,Amit Verma,USB Hub,Accessories,3,600,1800,2023-09-23,Kolkata,East,Deepak Joshi,Cash on Delivery,Processing
4729,Pooja Gupta,Headphones,Electronics,15,3500,52500,2023-03-27,Surat,West,Kavya Reddy,UPI,Processing
4730,Pooja Gupta,Laptop,Electronics,13,45000,585000,2023-01-18,Mumbai,West,Ravi Kumar,Credit Card,Cancelled
4731,Pooja Gupta,Laptop,Electronics,5,45000,225000,2023-12-08,Delhi,North,Suresh Iyer,Credit Card,Processing
4732,Suresh Rao,Monitor,Electronics,1,22000,22000,2023-10-14,Surat,West,Priya Nair,Net Banking,Shipped
4733,Kiran Kumar,Keyboard,Accessories,15,1200,18000,2023-02-28,Jaipur,North,Meera Patel,Credit Card,Shipped
4734,Kavya Nambiar,Mouse,Accessories,15,800,12000,2023-08-04,Kolkata,East,Meera Patel,Cash on Delivery,Shipped
4735,Ramesh Kumar,Laptop,Electronics,15,45000,675000,2023-01-30,Delhi,North,Anil Sharma,Credit Card,Shipped
4736,Priya Patel,Monitor,Electronics,8,22000,176000,2023-09-24,Ahmedabad,West,Anil Sharma,Net Banking,Delivered
4737,Meera Joshi,Keyboard,Accessories,11,1200,13200,2023-04-29,Ahmedabad,West,Deepak Joshi,Credit Card,Processing
4738,Ananya Das,Printer,Electronics,13,12000,156000,2023-04-03,Surat,West,Anil Sharma,UPI,Delivered
4739,Kiran Kumar,Headphones,Electronics,11,3500,38500,2023-08-16,Chennai,South,Suresh Iyer,Credit Card,Shipped
4740,Tanvi Mehta,USB Hub,Accessories,3,600,1800,2023-10-01,Pune,West,Anil Sharma,Credit Card,Shipped
4741,Meera Joshi,Keyboard,Accessories,9,1200,10800,2023-02-04,Pune,West,Deepak Joshi,Cash on Delivery,Processing
4742,Tanvi Mehta,Tablet,Electronics,14,32000,448000,2023-06-27,Mumbai,West,Meera Patel,Credit Card,Delivered
4743,Sneha Reddy,Laptop,Electronics,11,45000,495000,2023-10-08,Kolkata,East,Meera Patel,Credit Card,Cancelled
4744,Ananya Das,Tablet,Electronics,10,32000,320000,2023-08-18,Chennai,South,Deepak Joshi,UPI,Delivered
4745,Amit Verma,Printer,Electronics,2,12000,24000,2023-06-07,Surat,West,Suresh Iyer,UPI,Cancelled
4746,Suresh Rao,USB Hub,Accessories,11,600,6600,2023-01-15,Kolkata,East,Sunita Rao,Cash on Delivery,Cancelled
4747,Rahul Mishra,USB Hub,Accessories,12,600,7200,2023-02-20,Jaipur,North,Kavya Reddy,Cash on Delivery,Cancelled
4748,Kiran Kumar,Keyboard,Accessories,9,1200,10800,2023-04-21,Ahmedabad,West,Meera Patel,Cash on Delivery,Processing
4749,Kiran Kumar,Laptop,Electronics,12,45000,540000,2023-12-02,Delhi,North,Ravi Kumar,Cash on Delivery,Cancelled
4750,Kiran Kumar,Keyboard,Accessories,3,1200,3600,2023-04-05,Surat,West,Suresh Iyer,Cash on Delivery,Cancelled
4751,Pooja Gupta,Printer,Electronics,1,12000,12000,2023-10-19,Ahmedabad,West,Meera Patel,Cash on Delivery,Cancelled
4752,Amit Verma,Monitor,Electronics,14,22000,308000,2023-06-16,Pune,West,Ravi Kumar,Credit Card,Cancelled
4753,Suresh Rao,Headphones,Electronics,10,3500,35000,2023-05-04,Surat,West,Priya Nair,Credit Card,Shipped
4754,Divya Singh,Webcam,Accessories,10,2500,25000,2023-09-02,Kolkata,East,Kavya Reddy,UPI,Cancelled
4755,Kiran Kumar,Webcam,Accessories,14,2500,35000,2023-09-11,Surat,West,Deepak Joshi,Credit Card,Shipped
4756,Ramesh Kumar,Printer,Electronics,12,12000,144000,2023-09-30,Kolkata,East,Priya Nair,Credit Card,Delivered
4757,Priya Patel,Headphones,Electronics,13,3500,45500,2023-08-14,Delhi,North,Suresh Iyer,Net Banking,Cancelled
4758,Priya Patel,Printer,Electronics,4,12000,48000,2023-10-20,Surat,West,Ravi Kumar,Net Banking,Cancelled
4759,Divya Singh,Webcam,Accessories,9,2500,22500,2023-09-30,Delhi,North,Sunita Rao,Credit Card,Processing
4760,Kavya Nambiar,Printer,Electronics,1,12000,12000,2023-01-29,Pune,West,Priya Nair,Credit Card,Delivered
4761,Ananya Das,Speaker,Electronics,5,4500,22500,2023-05-19,Bangalore,South,Ravi Kumar,Cash on Delivery,Cancelled
4762,Sneha Reddy,Webcam,Accessories,1,2500,2500,2023-11-17,Jaipur,North,Anil Sharma,UPI,Shipped
4763,Meera Joshi,Laptop,Electronics,2,45000,90000,2023-03-18,Delhi,North,Anil Sharma,Credit Card,Cancelled
4764,Ananya Das,Laptop,Electronics,5,45000,225000,2023-03-29,Jaipur,North,Anil Sharma,Cash on Delivery,Processing
4765,Kavya Nambiar,Keyboard,Accessories,3,1200,3600,2023-04-27,Bangalore,South,Meera Patel,Cash on Delivery,Shipped
4766,Amit Verma,Monitor,Electronics,1,22000,22000,2023-07-16,Ahmedabad,West,Anil Sharma,Credit Card,Cancelled
4767,Suresh Rao,Mouse,Accessories,3,800,2400,2023-05-14,Mumbai,West,Ravi Kumar,Cash on Delivery,Cancelled
4768,Divya Singh,Keyboard,Accessories,12,1200,14400,2023-10-21,Hyderabad,South,Priya Nair,UPI,Cancelled
4769,Divya Singh,Headphones,Electronics,12,3500,42000,2023-06-17,Mumbai,West,Sunita Rao,Net Banking,Processing
4770,Vikram Iyer,USB Hub,Accessories,6,600,3600,2023-07-28,Surat,West,Kavya Reddy,Net Banking,Delivered
4771,Suresh Rao,USB Hub,Accessories,15,600,9000,2023-09-10,Ahmedabad,West,Meera Patel,Net Banking,Processing
4772,Meera Joshi,Headphones,Electronics,4,3500,14000,2023-05-11,Kolkata,East,Sunita Rao,Net Banking,Cancelled
4773,Kavya Nambiar,USB Hub,Accessories,9,600,5400,2023-12-06,Ahmedabad,West,Suresh Iyer,Net Banking,Shipped
4774,Rahul Mishra,Headphones,Electronics,4,3500,14000,2023-06-01,Ahmedabad,West,Meera Patel,Net Banking,Cancelled
4775,Sneha Reddy,Keyboard,Accessories,14,1200,16800,2023-09-11,Pune,West,Suresh Iyer,Cash on Delivery,Processing
4776,Ramesh Kumar,Printer,Electronics,4,12000,48000,2023-03-20,Kolkata,East,Kavya Reddy,Cash on Delivery,Processing
4777,Tanvi Mehta,Printer,Electronics,1,12000,12000,2023-09-18,Jaipur,North,Deepak Joshi,UPI,Shipped
4778,Vikram Iyer,USB Hub,Accessories,9,600,5400,2023-04-22,Surat,West,Deepak Joshi,Net Banking,Shipped
4779,Kavya Nambiar,USB Hub,Accessories,12,600,7200,2023-06-22,Surat,West,Anil Sharma,Net Banking,Delivered
4780,Meera Joshi,Headphones,Electronics,13,3500,45500,2023-01-31,Kolkata,East,Anil Sharma,UPI,Processing
4781,Ramesh Kumar,USB Hub,Accessories,3,600,1800,2023-01-05,Jaipur,North,Kavya Reddy,UPI,Processing
4782,Ananya Das,Keyboard,Accessories,13,1200,15600,2023-04-11,Surat,West,Anil Sharma,Cash on Delivery,Cancelled
4783,Kavya Nambiar,Mouse,Accessories,15,800,12000,2023-03-14,Jaipur,North,Priya Nair,Net Banking,Processing
4784,Priya Patel,Laptop,Electronics,9,45000,405000,2023-01-15,Chennai,South,Suresh Iyer,UPI,Processing
4785,Ramesh Kumar,Printer,Electronics,2,12000,24000,2023-07-01,Kolkata,East,Ravi Kumar,Credit Card,Processing
4786,Rahul Mishra,Webcam,Accessories,11,2500,27500,2023-04-05,Mumbai,West,Sunita Rao,Net Banking,Shipped
4787,Amit Verma,Webcam,Accessories,15,2500,37500,2023-02-03,Chennai,South,Kavya Reddy,Net Banking,Shipped
4788,Sneha Reddy,Mouse,Accessories,10,800,8000,2023-06-19,Jaipur,North,Sunita Rao,Credit Card,Delivered
4789,Ananya Das,Keyboard,Accessories,11,1200,13200,2023-06-30,Chennai,South,Anil Sharma,Net Banking,Shipped
4790,Kavya Nambiar,USB Hub,Accessories,3,600,1800,2023-08-24,Kolkata,East,Deepak Joshi,UPI,Cancelled
4791,Meera Joshi,USB Hub,Accessories,13,600,7800,2023-12-08,Bangalore,South,Sunita Rao,Credit Card,Processing
4792,Rahul Mishra,Tablet,Electronics,9,32000,288000,2023-04-09,Chennai,South,Priya Nair,Net Banking,Processing
4793,Suresh Rao,Webcam,Accessories,5,2500,12500,2023-11-20,Delhi,North,Suresh Iyer,Credit Card,Delivered
4794,Priya Patel,Speaker,Electronics,6,4500,27000,2023-02-18,Chennai,South,Kavya Reddy,Net Banking,Processing
4795,Sneha Reddy,Webcam,Accessories,13,2500,32500,2023-12-17,Kolkata,East,Kavya Reddy,Credit Card,Cancelled
4796,Kavya Nambiar,Keyboard,Accessories,3,1200,3600,2023-10-06,Jaipur,North,Sunita Rao,Cash on Delivery,Cancelled
4797,Kiran Kumar,Mouse,Accessories,8,800,6400,2023-05-09,Chennai,South,Sunita Rao,UPI,Delivered
4798,Pooja Gupta,Webcam,Accessories,6,2500,15000,2023-08-05,Jaipur,North,Ravi Kumar,Cash on Delivery,Processing
4799,Ramesh Kumar,Monitor,Electronics,13,22000,286000,2023-08-06,Bangalore,South,Deepak Joshi,Credit Card,Cancelled
4800,Ananya Das,USB Hub,Accessories,1,600,600,2023-10-29,Bangalore,South,Anil Sharma,Cash on Delivery,Shipped
4801,Sneha Reddy,Monitor,Electronics,14,22000,308000,2023-08-09,Surat,West,Anil Sharma,UPI,Processing
4802,Ramesh Kumar,Monitor,Electronics,12,22000,264000,2023-09-10,Pune,West,Deepak Joshi,Net Banking,Delivered
4803,Rahul Mishra,Webcam,Accessories,14,2500,35000,2023-10-30,Surat,West,Ravi Kumar,UPI,Cancelled
4804,Amit Verma,Tablet,Electronics,11,32000,352000,2023-02-21,Chennai,South,Meera Patel,Net Banking,Shipped
4805,Arjun Nair,Printer,Electronics,9,12000,108000,2023-01-20,Ahmedabad,West,Priya Nair,Credit Card,Processing
4806,Ananya Das,Keyboard,Accessories,3,1200,3600,2023-07-09,Mumbai,West,Meera Patel,Cash on Delivery,Processing
4807,Amit Verma,Webcam,Accessories,14,2500,35000,2023-12-14,Mumbai,West,Ravi Kumar,UPI,Delivered
4808,Meera Joshi,Mouse,Accessories,3,800,2400,2023-08-30,Hyderabad,South,Priya Nair,Cash on Delivery,Cancelled
4809,Priya Patel,Tablet,Electronics,10,32000,320000,2023-11-09,Bangalore,South,Sunita Rao,Net Banking,Processing
4810,Vikram Iyer,Speaker,Electronics,12,4500,54000,2023-05-27,Mumbai,West,Deepak Joshi,UPI,Delivered
4811,Sneha Reddy,Printer,Electronics,11,12000,132000,2023-06-03,Chennai,South,Suresh Iyer,Net Banking,Shipped
4812,Kavya Nambiar,Monitor,Electronics,11,22000,242000,2023-12-01,Mumbai,West,Ravi Kumar,Cash on Delivery,Cancelled
4813,Kiran Kumar,Monitor,Electronics,6,22000,132000,2023-01-09,Delhi,North,Ravi Kumar,Credit Card,Cancelled
4814,Suresh Rao,Speaker,Electronics,7,4500,31500,2023-06-23,Bangalore,South,Sunita Rao,Cash on Delivery,Shipped
4815,Amit Verma,Keyboard,Accessories,2,1200,2400,2023-08-07,Ahmedabad,West,Sunita Rao,Credit Card,Cancelled
4816,Priya Patel,Mouse,Accessories,3,800,2400,2023-03-22,Surat,West,Meera Patel,Cash on Delivery,Delivered
4817,Divya Singh,Webcam,Accessories,4,2500,10000,2023-12-14,Jaipur,North,Suresh Iyer,Cash on Delivery,Delivered
4818,Rahul Mishra,Laptop,Electronics,3,45000,135000,2023-10-17,Kolkata,East,Kavya Reddy,Cash on Delivery,Delivered
4819,Pooja Gupta,Tablet,Electronics,6,32000,192000,2023-11-01,Hyderabad,South,Sunita Rao,Net Banking,Shipped
4820,Ramesh Kumar,Laptop,Electronics,5,45000,225000,2023-06-12,Hyderabad,South,Anil Sharma,UPI,Delivered
4821,Sneha Reddy,Keyboard,Accessories,12,1200,14400,2023-09-24,Pune,West,Kavya Reddy,Credit Card,Shipped
4822,Amit Verma,Headphones,Electronics,15,3500,52500,2023-01-29,Kolkata,East,Priya Nair,Cash on Delivery,Cancelled
4823,Suresh Rao,USB Hub,Accessories,4,600,2400,2023-11-29,Mumbai,West,Anil Sharma,Net Banking,Delivered
4824,Vikram Iyer,Speaker,Electronics,5,4500,22500,2023-07-28,Chennai,South,Kavya Reddy,Net Banking,Processing
4825,Sneha Reddy,Monitor,Electronics,12,22000,264000,2023-03-16,Ahmedabad,West,Suresh Iyer,Credit Card,Delivered
4826,Vikram Iyer,Monitor,Electronics,14,22000,308000,2023-10-09,Chennai,South,Ravi Kumar,Cash on Delivery,Shipped
4827,Priya Patel,Monitor,Electronics,14,22000,308000,2023-06-10,Mumbai,West,Meera Patel,UPI,Processing
4828,Arjun Nair,USB Hub,Accessories,2,600,1200,2023-10-07,Mumbai,West,Ravi Kumar,UPI,Delivered
4829,Rahul Mishra,Monitor,Electronics,9,22000,198000,2023-12-03,Chennai,South,Ravi Kumar,Net Banking,Shipped
4830,Pooja Gupta,Keyboard,Accessories,13,1200,15600,2023-10-09,Mumbai,West,Meera Patel,Credit Card,Cancelled
4831,Kiran Kumar,Printer,Electronics,12,12000,144000,2023-11-23,Delhi,North,Meera Patel,Cash on Delivery,Delivered
4832,Vikram Iyer,Mouse,Accessories,10,800,8000,2023-12-13,Ahmedabad,West,Sunita Rao,Cash on Delivery,Shipped
4833,Pooja Gupta,USB Hub,Accessories,1,600,600,2023-08-27,Surat,West,Deepak Joshi,Cash on Delivery,Cancelled
4834,Ramesh Kumar,Tablet,Electronics,1,32000,32000,2023-01-22,Bangalore,South,Priya Nair,UPI,Delivered
4835,Divya Singh,Headphones,Electronics,13,3500,45500,2023-01-26,Delhi,North,Anil Sharma,Cash on Delivery,Delivered
4836,Meera Joshi,USB Hub,Accessories,5,600,3000,2023-10-15,Chennai,South,Anil Sharma,Net Banking,Delivered
4837,Rahul Mishra,Keyboard,Accessories,8,1200,9600,2023-01-04,Chennai,South,Priya Nair,Credit Card,Delivered
4838,Suresh Rao,Speaker,Electronics,10,4500,45000,2023-05-16,Delhi,North,Deepak Joshi,Net Banking,Processing
4839,Amit Verma,Webcam,Accessories,10,2500,25000,2023-08-30,Pune,West,Suresh Iyer,Net Banking,Processing
4840,Divya Singh,USB Hub,Accessories,10,600,6000,2023-04-06,Delhi,North,Suresh Iyer,Cash on Delivery,Delivered
4841,Suresh Rao,Mouse,Accessories,8,800,6400,2023-12-17,Jaipur,North,Sunita Rao,Cash on Delivery,Shipped
4842,Kiran Kumar,USB Hub,Accessories,10,600,6000,2023-07-01,Chennai,South,Sunita Rao,UPI,Cancelled
4843,Ramesh Kumar,USB Hub,Accessories,9,600,5400,2023-04-23,Jaipur,North,Priya Nair,Net Banking,Cancelled
4844,Rahul Mishra,Mouse,Accessories,2,800,1600,2023-04-11,Jaipur,North,Kavya Reddy,Net Banking,Delivered
4845,Vikram Iyer,Keyboard,Accessories,4,1200,4800,2023-12-18,Bangalore,South,Deepak Joshi,Cash on Delivery,Delivered
4846,Tanvi Mehta,Headphones,Electronics,13,3500,45500,2023-07-20,Hyderabad,South,Suresh Iyer,UPI,Cancelled
4847,Ramesh Kumar,USB Hub,Accessories,12,600,7200,2023-04-22,Chennai,South,Deepak Joshi,Credit Card,Delivered
4848,Vikram Iyer,Tablet,Electronics,13,32000,416000,2023-02-19,Pune,West,Deepak Joshi,UPI,Delivered
4849,Sneha Reddy,Webcam,Accessories,5,2500,12500,2023-09-19,Bangalore,South,Sunita Rao,Cash on Delivery,Cancelled
4850,Ramesh Kumar,Mouse,Accessories,5,800,4000,2023-09-03,Pune,West,Deepak Joshi,Cash on Delivery,Processing
4851,Ananya Das,USB Hub,Accessories,10,600,6000,2023-07-18,Ahmedabad,West,Kavya Reddy,Credit Card,Shipped
4852,Ramesh Kumar,USB Hub,Accessories,9,600,5400,2023-04-29,Ahmedabad,West,Anil Sharma,Net Banking,Shipped
4853,Sneha Reddy,Tablet,Electronics,15,32000,480000,2023-11-25,Surat,West,Suresh Iyer,UPI,Delivered
4854,Suresh Rao,Webcam,Accessories,3,2500,7500,2023-03-16,Surat,West,Sunita Rao,UPI,Cancelled
4855,Sneha Reddy,Laptop,Electronics,6,45000,270000,2023-11-03,Pune,West,Deepak Joshi,Credit Card,Delivered
4856,Amit Verma,Headphones,Electronics,7,3500,24500,2023-12-18,Mumbai,West,Sunita Rao,Credit Card,Cancelled
4857,Arjun Nair,Keyboard,Accessories,9,1200,10800,2023-03-22,Bangalore,South,Kavya Reddy,Credit Card,Shipped
4858,Divya Singh,Laptop,Electronics,9,45000,405000,2023-02-28,Delhi,North,Suresh Iyer,Credit Card,Cancelled
4859,Pooja Gupta,Webcam,Accessories,9,2500,22500,2023-11-10,Jaipur,North,Deepak Joshi,Cash on Delivery,Processing
4860,Ananya Das,Speaker,Electronics,8,4500,36000,2023-11-16,Surat,West,Anil Sharma,Net Banking,Shipped
4861,Priya Patel,Keyboard,Accessories,8,1200,9600,2023-03-05,Delhi,North,Deepak Joshi,Cash on Delivery,Processing
4862,Rahul Mishra,USB Hub,Accessories,9,600,5400,2023-02-18,Kolkata,East,Sunita Rao,Credit Card,Cancelled
4863,Suresh Rao,Monitor,Electronics,4,22000,88000,2023-11-20,Jaipur,North,Priya Nair,Cash on Delivery,Shipped
4864,Amit Verma,Monitor,Electronics,4,22000,88000,2023-02-18,Pune,West,Kavya Reddy,Net Banking,Processing
4865,Priya Patel,Tablet,Electronics,12,32000,384000,2023-08-01,Bangalore,South,Suresh Iyer,Net Banking,Cancelled
4866,Rahul Mishra,Mouse,Accessories,15,800,12000,2023-10-15,Jaipur,North,Sunita Rao,Credit Card,Shipped
4867,Tanvi Mehta,Printer,Electronics,11,12000,132000,2023-10-25,Surat,West,Anil Sharma,Cash on Delivery,Shipped
4868,Vikram Iyer,Laptop,Electronics,13,45000,585000,2023-04-17,Delhi,North,Anil Sharma,Cash on Delivery,Delivered
4869,Suresh Rao,USB Hub,Accessories,6,600,3600,2023-04-07,Jaipur,North,Ravi Kumar,Credit Card,Cancelled
4870,Suresh Rao,Mouse,Accessories,7,800,5600,2023-03-03,Chennai,South,Meera Patel,Credit Card,Cancelled
4871,Ananya Das,Speaker,Electronics,6,4500,27000,2023-05-18,Ahmedabad,West,Anil Sharma,Credit Card,Processing
4872,Vikram Iyer,Speaker,Electronics,4,4500,18000,2023-09-01,Mumbai,West,Ravi Kumar,Net Banking,Processing
4873,Rahul Mishra,Webcam,Accessories,13,2500,32500,2023-06-20,Ahmedabad,West,Meera Patel,Net Banking,Cancelled
4874,Rahul Mishra,Mouse,Accessories,15,800,12000,2023-10-28,Surat,West,Sunita Rao,UPI,Cancelled
4875,Amit Verma,Headphones,Electronics,10,3500,35000,2023-11-20,Chennai,South,Ravi Kumar,Net Banking,Processing
4876,Priya Patel,Monitor,Electronics,13,22000,286000,2023-05-20,Jaipur,North,Ravi Kumar,Net Banking,Delivered
4877,Tanvi Mehta,Headphones,Electronics,14,3500,49000,2023-08-04,Jaipur,North,Ravi Kumar,Credit Card,Shipped
4878,Priya Patel,Mouse,Accessories,13,800,10400,2023-01-20,Pune,West,Suresh Iyer,UPI,Processing
4879,Pooja Gupta,Webcam,Accessories,2,2500,5000,2023-04-17,Hyderabad,South,Deepak Joshi,Net Banking,Shipped
4880,Suresh Rao,Monitor,Electronics,7,22000,154000,2023-04-22,Kolkata,East,Anil Sharma,UPI,Delivered
4881,Vikram Iyer,Tablet,Electronics,7,32000,224000,2023-09-24,Surat,West,Priya Nair,Credit Card,Cancelled
4882,Rahul Mishra,Headphones,Electronics,15,3500,52500,2023-10-24,Kolkata,East,Kavya Reddy,UPI,Processing
4883,Ananya Das,Laptop,Electronics,12,45000,540000,2023-11-09,Ahmedabad,West,Ravi Kumar,Credit Card,Cancelled
4884,Suresh Rao,Tablet,Electronics,6,32000,192000,2023-11-30,Chennai,South,Sunita Rao,Cash on Delivery,Cancelled
4885,Sneha Reddy,Printer,Electronics,2,12000,24000,2023-04-16,Delhi,North,Kavya Reddy,UPI,Cancelled
4886,Amit Verma,Tablet,Electronics,8,32000,256000,2023-12-21,Mumbai,West,Sunita Rao,Cash on Delivery,Shipped
4887,Arjun Nair,Headphones,Electronics,12,3500,42000,2023-04-03,Mumbai,West,Ravi Kumar,UPI,Shipped
4888,Rahul Mishra,Headphones,Electronics,12,3500,42000,2023-11-12,Delhi,North,Meera Patel,Credit Card,Cancelled
4889,Kiran Kumar,Mouse,Accessories,12,800,9600,2023-05-01,Bangalore,South,Priya Nair,Net Banking,Delivered
4890,Suresh Rao,Monitor,Electronics,2,22000,44000,2023-11-29,Ahmedabad,West,Deepak Joshi,Net Banking,Processing
4891,Kavya Nambiar,Keyboard,Accessories,13,1200,15600,2023-10-11,Hyderabad,South,Deepak Joshi,UPI,Delivered
4892,Ramesh Kumar,Keyboard,Accessories,4,1200,4800,2023-07-08,Hyderabad,South,Deepak Joshi,Cash on Delivery,Cancelled
4893,Pooja Gupta,Webcam,Accessories,2,2500,5000,2023-12-09,Delhi,North,Suresh Iyer,Credit Card,Processing
4894,Suresh Rao,USB Hub,Accessories,1,600,600,2023-11-10,Hyderabad,South,Deepak Joshi,Credit Card,Processing
4895,Rahul Mishra,Tablet,Electronics,4,32000,128000,2023-11-14,Kolkata,East,Sunita Rao,UPI,Cancelled
4896,Amit Verma,Laptop,Electronics,5,45000,225000,2023-11-22,Kolkata,East,Deepak Joshi,Net Banking,Delivered
4897,Kiran Kumar,Speaker,Electronics,9,4500,40500,2023-04-02,Mumbai,West,Sunita Rao,Credit Card,Delivered
4898,Ananya Das,Mouse,Accessories,7,800,5600,2023-06-13,Kolkata,East,Deepak Joshi,UPI,Shipped
4899,Kiran Kumar,Laptop,Electronics,4,45000,180000,2023-09-03,Bangalore,South,Suresh Iyer,Cash on Delivery,Cancelled
4900,Ananya Das,Speaker,Electronics,13,4500,58500,2023-03-27,Bangalore,South,Priya Nair,UPI,Shipped
4901,Arjun Nair,Printer,Electronics,2,12000,24000,2023-10-19,Pune,West,Sunita Rao,Credit Card,Shipped
4902,Suresh Rao,Speaker,Electronics,14,4500,63000,2023-11-15,Mumbai,West,Meera Patel,Net Banking,Shipped
4903,Kiran Kumar,Headphones,Electronics,5,3500,17500,2023-01-02,Bangalore,South,Suresh Iyer,UPI,Shipped
4904,Suresh Rao,Headphones,Electronics,4,3500,14000,2023-04-14,Pune,West,Deepak Joshi,UPI,Shipped
4905,Priya Patel,Headphones,Electronics,8,3500,28000,2023-07-09,Chennai,South,Suresh Iyer,Cash on Delivery,Processing
4906,Suresh Rao,Laptop,Electronics,7,45000,315000,2023-07-05,Ahmedabad,West,Deepak Joshi,UPI,Processing
4907,Ananya Das,Mouse,Accessories,3,800,2400,2023-07-16,Ahmedabad,West,Ravi Kumar,Net Banking,Processing
4908,Meera Joshi,Laptop,Electronics,5,45000,225000,2023-04-15,Jaipur,North,Anil Sharma,Net Banking,Shipped
4909,Meera Joshi,Printer,Electronics,13,12000,156000,2023-11-15,Ahmedabad,West,Deepak Joshi,Cash on Delivery,Delivered
4910,Kavya Nambiar,Mouse,Accessories,7,800,5600,2023-11-06,Surat,West,Suresh Iyer,Net Banking,Processing
4911,Kavya Nambiar,Mouse,Accessories,10,800,8000,2023-02-19,Kolkata,East,Kavya Reddy,Cash on Delivery,Processing
4912,Suresh Rao,Laptop,Electronics,8,45000,360000,2023-03-05,Hyderabad,South,Meera Patel,Credit Card,Delivered
4913,Amit Verma,Speaker,Electronics,6,4500,27000,2023-05-21,Surat,West,Kavya Reddy,UPI,Processing
4914,Vikram Iyer,Headphones,Electronics,11,3500,38500,2023-07-25,Surat,West,Suresh Iyer,Cash on Delivery,Cancelled
4915,Ananya Das,Tablet,Electronics,9,32000,288000,2023-11-09,Surat,West,Deepak Joshi,Cash on Delivery,Delivered
4916,Kavya Nambiar,USB Hub,Accessories,8,600,4800,2023-12-25,Delhi,North,Anil Sharma,Cash on Delivery,Delivered
4917,Tanvi Mehta,Monitor,Electronics,10,22000,220000,2023-08-14,Hyderabad,South,Sunita Rao,Credit Card,Delivered
4918,Priya Patel,Mouse,Accessories,5,800,4000,2023-08-18,Ahmedabad,West,Priya Nair,Cash on Delivery,Cancelled
4919,Ramesh Kumar,Webcam,Accessories,7,2500,17500,2023-06-16,Pune,West,Priya Nair,Credit Card,Cancelled
4920,Vikram Iyer,Laptop,Electronics,7,45000,315000,2023-09-09,Delhi,North,Deepak Joshi,Net Banking,Shipped
4921,Meera Joshi,Mouse,Accessories,12,800,9600,2023-04-17,Hyderabad,South,Suresh Iyer,Net Banking,Delivered
4922,Vikram Iyer,Headphones,Electronics,13,3500,45500,2023-01-09,Kolkata,East,Priya Nair,Cash on Delivery,Cancelled
4923,Arjun Nair,Speaker,Electronics,8,4500,36000,2023-06-25,Chennai,South,Anil Sharma,UPI,Processing
4924,Divya Singh,Keyboard,Accessories,7,1200,8400,2023-02-06,Ahmedabad,West,Ravi Kumar,Net Banking,Cancelled
4925,Meera Joshi,Monitor,Electronics,1,22000,22000,2023-03-08,Hyderabad,South,Anil Sharma,UPI,Processing
4926,Suresh Rao,Tablet,Electronics,12,32000,384000,2023-03-30,Pune,West,Suresh Iyer,Net Banking,Delivered
4927,Arjun Nair,USB Hub,Accessories,9,600,5400,2023-11-28,Chennai,South,Meera Patel,Cash on Delivery,Delivered
4928,Meera Joshi,USB Hub,Accessories,6,600,3600,2023-09-20,Chennai,South,Meera Patel,Credit Card,Delivered
4929,Divya Singh,Laptop,Electronics,14,45000,630000,2023-03-14,Delhi,North,Suresh Iyer,Net Banking,Delivered
4930,Vikram Iyer,Speaker,Electronics,1,4500,4500,2023-05-31,Chennai,South,Priya Nair,UPI,Cancelled
4931,Suresh Rao,Tablet,Electronics,9,32000,288000,2023-07-12,Kolkata,East,Kavya Reddy,Credit Card,Shipped
4932,Ramesh Kumar,USB Hub,Accessories,7,600,4200,2023-03-17,Kolkata,East,Meera Patel,Cash on Delivery,Shipped
4933,Sneha Reddy,Headphones,Electronics,11,3500,38500,2023-05-25,Hyderabad,South,Deepak Joshi,Cash on Delivery,Cancelled
4934,Priya Patel,Mouse,Accessories,2,800,1600,2023-10-03,Chennai,South,Ravi Kumar,UPI,Shipped
4935,Priya Patel,Webcam,Accessories,11,2500,27500,2023-08-04,Jaipur,North,Kavya Reddy,Credit Card,Cancelled
4936,Arjun Nair,Mouse,Accessories,15,800,12000,2023-08-17,Delhi,North,Deepak Joshi,Net Banking,Cancelled
4937,Kiran Kumar,Tablet,Electronics,3,32000,96000,2023-12-12,Pune,West,Ravi Kumar,Cash on Delivery,Shipped
4938,Pooja Gupta,USB Hub,Accessories,9,600,5400,2023-06-10,Jaipur,North,Anil Sharma,Cash on Delivery,Cancelled
4939,Ananya Das,Headphones,Electronics,13,3500,45500,2023-07-11,Jaipur,North,Deepak Joshi,Net Banking,Shipped
4940,Amit Verma,Headphones,Electronics,12,3500,42000,2023-06-21,Ahmedabad,West,Priya Nair,UPI,Cancelled
4941,Suresh Rao,Tablet,Electronics,15,32000,480000,2023-01-15,Hyderabad,South,Meera Patel,Cash on Delivery,Cancelled
4942,Arjun Nair,Tablet,Electronics,9,32000,288000,2023-09-01,Pune,West,Anil Sharma,Net Banking,Shipped
4943,Meera Joshi,Laptop,Electronics,7,45000,315000,2023-08-28,Jaipur,North,Sunita Rao,Net Banking,Cancelled
4944,Priya Patel,Webcam,Accessories,5,2500,12500,2023-02-15,Chennai,South,Priya Nair,Cash on Delivery,Shipped
4945,Ramesh Kumar,Mouse,Accessories,10,800,8000,2023-10-29,Mumbai,West,Anil Sharma,Credit Card,Processing
4946,Meera Joshi,Laptop,Electronics,6,45000,270000,2023-07-23,Pune,West,Ravi Kumar,UPI,Processing
4947,Suresh Rao,Headphones,Electronics,4,3500,14000,2023-09-26,Kolkata,East,Priya Nair,Cash on Delivery,Processing
4948,Kavya Nambiar,Mouse,Accessories,3,800,2400,2023-04-13,Kolkata,East,Ravi Kumar,Cash on Delivery,Cancelled
4949,Arjun Nair,Laptop,Electronics,14,45000,630000,2023-01-19,Mumbai,West,Kavya Reddy,Credit Card,Delivered
4950,Kavya Nambiar,Monitor,Electronics,12,22000,264000,2023-05-06,Mumbai,West,Deepak Joshi,Net Banking,Cancelled
4951,Suresh Rao,Monitor,Electronics,10,22000,220000,2023-12-19,Delhi,North,Suresh Iyer,Net Banking,Delivered
4952,Tanvi Mehta,Monitor,Electronics,2,22000,44000,2023-12-16,Ahmedabad,West,Priya Nair,UPI,Cancelled
4953,Arjun Nair,Headphones,Electronics,7,3500,24500,2023-02-09,Pune,West,Deepak Joshi,Cash on Delivery,Cancelled
4954,Suresh Rao,USB Hub,Accessories,9,600,5400,2023-11-26,Delhi,North,Suresh Iyer,Cash on Delivery,Delivered
4955,Kiran Kumar,Headphones,Electronics,12,3500,42000,2023-10-26,Jaipur,North,Suresh Iyer,Cash on Delivery,Shipped
4956,Pooja Gupta,Speaker,Electronics,12,4500,54000,2023-07-10,Mumbai,West,Ravi Kumar,Net Banking,Cancelled
4957,Ramesh Kumar,Webcam,Accessories,10,2500,25000,2023-07-11,Surat,West,Sunita Rao,Net Banking,Shipped
4958,Ananya Das,Mouse,Accessories,1,800,800,2023-04-03,Chennai,South,Ravi Kumar,Cash on Delivery,Cancelled
4959,Kavya Nambiar,Headphones,Electronics,6,3500,21000,2023-05-23,Mumbai,West,Kavya Reddy,UPI,Cancelled
4960,Ramesh Kumar,Keyboard,Accessories,2,1200,2400,2023-05-10,Bangalore,South,Priya Nair,Credit Card,Shipped
4961,Ramesh Kumar,Monitor,Electronics,7,22000,154000,2023-07-12,Ahmedabad,West,Deepak Joshi,Cash on Delivery,Processing
4962,Ananya Das,Tablet,Electronics,4,32000,128000,2023-10-10,Chennai,South,Sunita Rao,Net Banking,Cancelled
4963,Divya Singh,Printer,Electronics,3,12000,36000,2023-05-14,Kolkata,East,Deepak Joshi,Net Banking,Shipped
4964,Arjun Nair,Laptop,Electronics,6,45000,270000,2023-11-07,Chennai,South,Deepak Joshi,Credit Card,Delivered
4965,Divya Singh,Keyboard,Accessories,13,1200,15600,2023-09-16,Chennai,South,Meera Patel,Net Banking,Delivered
4966,Tanvi Mehta,Printer,Electronics,7,12000,84000,2023-06-08,Pune,West,Kavya Reddy,Cash on Delivery,Processing
4967,Tanvi Mehta,Monitor,Electronics,2,22000,44000,2023-04-15,Chennai,South,Priya Nair,Credit Card,Shipped
4968,Meera Joshi,Laptop,Electronics,6,45000,270000,2023-09-21,Bangalore,South,Meera Patel,Net Banking,Cancelled
4969,Meera Joshi,Webcam,Accessories,14,2500,35000,2023-02-10,Ahmedabad,West,Meera Patel,Net Banking,Shipped
4970,Meera Joshi,Monitor,Electronics,9,22000,198000,2023-11-05,Jaipur,North,Priya Nair,Credit Card,Processing
4971,Meera Joshi,Monitor,Electronics,9,22000,198000,2023-07-12,Bangalore,South,Priya Nair,Credit Card,Cancelled
4972,Amit Verma,Tablet,Electronics,13,32000,416000,2023-11-14,Kolkata,East,Meera Patel,UPI,Delivered
4973,Suresh Rao,Speaker,Electronics,5,4500,22500,2023-09-30,Chennai,South,Sunita Rao,Credit Card,Delivered
4974,Kavya Nambiar,Mouse,Accessories,2,800,1600,2023-05-13,Ahmedabad,West,Suresh Iyer,UPI,Processing
4975,Arjun Nair,Keyboard,Accessories,14,1200,16800,2023-03-30,Surat,West,Ravi Kumar,Credit Card,Processing
4976,Suresh Rao,Speaker,Electronics,12,4500,54000,2023-05-04,Jaipur,North,Anil Sharma,Credit Card,Shipped
4977,Divya Singh,Monitor,Electronics,6,22000,132000,2023-03-21,Ahmedabad,West,Meera Patel,Net Banking,Delivered
4978,Priya Patel,Monitor,Electronics,12,22000,264000,2023-07-25,Hyderabad,South,Meera Patel,UPI,Delivered
4979,Kavya Nambiar,Webcam,Accessories,6,2500,15000,2023-04-11,Kolkata,East,Anil Sharma,Credit Card,Processing
4980,Suresh Rao,Mouse,Accessories,4,800,3200,2023-01-31,Mumbai,West,Deepak Joshi,Net Banking,Delivered
4981,Vikram Iyer,Tablet,Electronics,9,32000,288000,2023-02-15,Jaipur,North,Sunita Rao,Credit Card,Cancelled
4982,Vikram Iyer,Webcam,Accessories,9,2500,22500,2023-06-05,Surat,West,Priya Nair,Net Banking,Cancelled
4983,Meera Joshi,USB Hub,Accessories,4,600,2400,2023-06-06,Pune,West,Deepak Joshi,Credit Card,Shipped
4984,Kiran Kumar,Speaker,Electronics,2,4500,9000,2023-03-14,Surat,West,Deepak Joshi,Net Banking,Shipped
4985,Priya Patel,Laptop,Electronics,5,45000,225000,2023-12-17,Pune,West,Sunita Rao,Credit Card,Cancelled
4986,Pooja Gupta,Monitor,Electronics,11,22000,242000,2023-07-14,Pune,West,Sunita Rao,Credit Card,Delivered
4987,Arjun Nair,Printer,Electronics,3,12000,36000,2023-12-07,Bangalore,South,Ravi Kumar,Credit Card,Cancelled
4988,Tanvi Mehta,Printer,Electronics,7,12000,84000,2023-09-15,Bangalore,South,Ravi Kumar,UPI,Delivered
4989,Kiran Kumar,Tablet,Electronics,15,32000,480000,2023-11-23,Kolkata,East,Ravi Kumar,Cash on Delivery,Cancelled
4990,Vikram Iyer,Keyboard,Accessories,9,1200,10800,2023-04-10,Mumbai,West,Deepak Joshi,Cash on Delivery,Delivered
4991,Sneha Reddy,Laptop,Electronics,6,45000,270000,2023-10-19,Mumbai,West,Ravi Kumar,Net Banking,Cancelled
4992,Divya Singh,Keyboard,Accessories,9,1200,10800,2023-11-18,Bangalore,South,Anil Sharma,UPI,Shipped
4993,Vikram Iyer,Keyboard,Accessories,1,1200,1200,2023-11-27,Mumbai,West,Kavya Reddy,Net Banking,Processing
4994,Arjun Nair,Speaker,Electronics,12,4500,54000,2023-03-07,Jaipur,North,Meera Patel,Cash on Delivery,Delivered
4995,Arjun Nair,Keyboard,Accessories,6,1200,7200,2023-02-15,Surat,West,Priya Nair,UPI,Delivered
4996,Ramesh Kumar,Webcam,Accessories,15,2500,37500,2023-11-25,Ahmedabad,West,Ravi Kumar,Cash on Delivery,Delivered
4997,Ramesh Kumar,USB Hub,Accessories,5,600,3000,2023-10-10,Mumbai,West,Ravi Kumar,UPI,Processing
4998,Kavya Nambiar,Laptop,Electronics,13,45000,585000,2023-07-03,Pune,West,Deepak Joshi,Cash on Delivery,Processing
4999,Meera Joshi,Tablet,Electronics,12,32000,384000,2023-11-07,Pune,West,Anil Sharma,Credit Card,Processing
5000,Rahul Mishra,Monitor,Electronics,12,22000,264000,2023-10-27,Ahmedabad,West,Priya Nair,Cash on Delivery,Cancelled
5001,Tanvi Mehta,Headphones,Electronics,1,3500,3500,2023-02-18,Chennai,South,Suresh Iyer,Net Banking,Processing
5002,Rahul Mishra,USB Hub,Accessories,4,600,2400,2023-09-21,Bangalore,South,Kavya Reddy,Cash on Delivery,Cancelled
5003,Ananya Das,Webcam,Accessories,12,2500,30000,2023-11-11,Pune,West,Meera Patel,Credit Card,Shipped
5004,Amit Verma,USB Hub,Accessories,7,600,4200,2023-11-28,Mumbai,West,Ravi Kumar,Credit Card,Delivered
5005,Ramesh Kumar,Monitor,Electronics,9,22000,198000,2023-07-15,Chennai,South,Deepak Joshi,Cash on Delivery,Processing
5006,Ananya Das,Tablet,Electronics,13,32000,416000,2023-10-23,Delhi,North,Anil Sharma,UPI,Delivered
5007,Kavya Nambiar,Mouse,Accessories,2,800,1600,2023-05-12,Kolkata,East,Priya Nair,UPI,Shipped
5008,Ananya Das,Speaker,Electronics,5,4500,22500,2023-02-07,Hyderabad,South,Sunita Rao,Net Banking,Cancelled
5009,Arjun Nair,Speaker,Electronics,6,4500,27000,2023-04-30,Mumbai,West,Kavya Reddy,UPI,Shipped
5010,Pooja Gupta,Speaker,Electronics,15,4500,67500,2023-02-17,Kolkata,East,Suresh Iyer,Cash on Delivery,Shipped
5011,Amit Verma,Laptop,Electronics,6,45000,270000,2023-04-24,Surat,West,Suresh Iyer,Cash on Delivery,Delivered
5012,Suresh Rao,Printer,Electronics,14,12000,168000,2023-09-19,Hyderabad,South,Suresh Iyer,Cash on Delivery,Processing
5013,Meera Joshi,USB Hub,Accessories,10,600,6000,2023-03-27,Bangalore,South,Ravi Kumar,UPI,Shipped
5014,Rahul Mishra,Printer,Electronics,13,12000,156000,2023-02-26,Mumbai,West,Meera Patel,UPI,Shipped
5015,Tanvi Mehta,Webcam,Accessories,1,2500,2500,2023-08-12,Chennai,South,Priya Nair,Cash on Delivery,Processing
5016,Vikram Iyer,USB Hub,Accessories,15,600,9000,2023-07-29,Jaipur,North,Kavya Reddy,Credit Card,Cancelled
5017,Sneha Reddy,Headphones,Electronics,13,3500,45500,2023-10-10,Kolkata,East,Kavya Reddy,Net Banking,Processing
5018,Divya Singh,Speaker,Electronics,14,4500,63000,2023-10-22,Kolkata,East,Priya Nair,UPI,Delivered
5019,Priya Patel,Mouse,Accessories,11,800,8800,2023-04-13,Kolkata,East,Kavya Reddy,Net Banking,Processing
5020,Tanvi Mehta,Webcam,Accessories,11,2500,27500,2023-03-23,Surat,West,Kavya Reddy,Net Banking,Cancelled
5021,Pooja Gupta,Headphones,Electronics,11,3500,38500,2023-02-02,Delhi,North,Deepak Joshi,Cash on Delivery,Shipped
5022,Kavya Nambiar,USB Hub,Accessories,6,600,3600,2023-03-03,Jaipur,North,Sunita Rao,Cash on Delivery,Cancelled
5023,Ananya Das,Headphones,Electronics,4,3500,14000,2023-05-18,Kolkata,East,Suresh Iyer,Net Banking,Processing
5024,Kiran Kumar,Monitor,Electronics,13,22000,286000,2023-11-25,Kolkata,East,Deepak Joshi,Credit Card,Cancelled
5025,Sneha Reddy,Tablet,Electronics,10,32000,320000,2023-08-07,Ahmedabad,West,Anil Sharma,Credit Card,Shipped
5026,Ramesh Kumar,Webcam,Accessories,14,2500,35000,2023-04-05,Ahmedabad,West,Sunita Rao,Cash on Delivery,Shipped
5027,Ananya Das,Laptop,Electronics,13,45000,585000,2023-06-17,Delhi,North,Kavya Reddy,UPI,Shipped
5028,Arjun Nair,Headphones,Electronics,3,3500,10500,2023-09-26,Bangalore,South,Meera Patel,Net Banking,Shipped
5029,Ramesh Kumar,Tablet,Electronics,7,32000,224000,2023-10-11,Pune,West,Deepak Joshi,Cash on Delivery,Delivered
5030,Ramesh Kumar,Monitor,Electronics,1,22000,22000,2023-05-21,Ahmedabad,West,Meera Patel,UPI,Processing
5031,Kavya Nambiar,Printer,Electronics,2,12000,24000,2023-06-20,Mumbai,West,Meera Patel,Cash on Delivery,Shipped
5032,Pooja Gupta,Webcam,Accessories,7,2500,17500,2023-07-24,Ahmedabad,West,Kavya Reddy,Credit Card,Processing
5033,Tanvi Mehta,Webcam,Accessories,5,2500,12500,2023-08-02,Hyderabad,South,Anil Sharma,Net Banking,Shipped
5034,Ramesh Kumar,Speaker,Electronics,15,4500,67500,2023-07-21,Bangalore,South,Suresh Iyer,Cash on Delivery,Processing
5035,Ramesh Kumar,USB Hub,Accessories,8,600,4800,2023-03-11,Bangalore,South,Priya Nair,UPI,Cancelled
5036,Priya Patel,Headphones,Electronics,10,3500,35000,2023-02-02,Surat,West,Ravi Kumar,Net Banking,Cancelled
5037,Meera Joshi,Tablet,Electronics,13,32000,416000,2023-09-14,Bangalore,South,Anil Sharma,UPI,Delivered
5038,Kavya Nambiar,Webcam,Accessories,12,2500,30000,2023-11-29,Kolkata,East,Meera Patel,UPI,Delivered
5039,Rahul Mishra,Tablet,Electronics,6,32000,192000,2023-06-13,Jaipur,North,Ravi Kumar,Credit Card,Shipped
5040,Sneha Reddy,USB Hub,Accessories,7,600,4200,2023-05-14,Bangalore,South,Priya Nair,Cash on Delivery,Cancelled
5041,Ramesh Kumar,Printer,Electronics,5,12000,60000,2023-07-22,Hyderabad,South,Kavya Reddy,Credit Card,Cancelled
5042,Pooja Gupta,Webcam,Accessories,11,2500,27500,2023-10-16,Delhi,North,Sunita Rao,Credit Card,Cancelled
5043,Amit Verma,Tablet,Electronics,6,32000,192000,2023-02-05,Kolkata,East,Deepak Joshi,Net Banking,Delivered
5044,Meera Joshi,Headphones,Electronics,13,3500,45500,2023-03-26,Surat,West,Meera Patel,Credit Card,Cancelled
5045,Rahul Mishra,Headphones,Electronics,9,3500,31500,2023-04-02,Surat,West,Meera Patel,Net Banking,Cancelled
5046,Meera Joshi,Headphones,Electronics,8,3500,28000,2023-08-11,Jaipur,North,Suresh Iyer,Net Banking,Delivered
5047,Arjun Nair,Tablet,Electronics,6,32000,192000,2023-06-16,Mumbai,West,Deepak Joshi,UPI,Processing
5048,Vikram Iyer,Mouse,Accessories,9,800,7200,2023-08-30,Pune,West,Kavya Reddy,Credit Card,Processing
5049,Pooja Gupta,USB Hub,Accessories,3,600,1800,2023-03-14,Surat,West,Anil Sharma,Net Banking,Delivered
5050,Arjun Nair,Tablet,Electronics,12,32000,384000,2023-05-04,Pune,West,Sunita Rao,Net Banking,Shipped
5051,Priya Patel,Webcam,Accessories,8,2500,20000,2023-08-27,Surat,West,Anil Sharma,Credit Card,Delivered
5052,Divya Singh,Monitor,Electronics,11,22000,242000,2023-05-10,Kolkata,East,Kavya Reddy,UPI,Processing
5053,Priya Patel,Speaker,Electronics,4,4500,18000,2023-12-06,Hyderabad,South,Deepak Joshi,Cash on Delivery,Shipped
5054,Rahul Mishra,Keyboard,Accessories,6,1200,7200,2023-08-28,Kolkata,East,Priya Nair,Cash on Delivery,Processing
5055,Vikram Iyer,Monitor,Electronics,6,22000,132000,2023-05-19,Chennai,South,Kavya Reddy,Net Banking,Delivered
5056,Meera Joshi,USB Hub,Accessories,6,600,3600,2023-11-29,Ahmedabad,West,Kavya Reddy,UPI,Processing
5057,Rahul Mishra,Keyboard,Accessories,14,1200,16800,2023-03-16,Chennai,South,Priya Nair,Net Banking,Processing
5058,Pooja Gupta,Printer,Electronics,14,12000,168000,2023-12-12,Mumbai,West,Priya Nair,Cash on Delivery,Processing
5059,Priya Patel,Tablet,Electronics,15,32000,480000,2023-09-14,Kolkata,East,Suresh Iyer,Cash on Delivery,Delivered
5060,Vikram Iyer,Keyboard,Accessories,13,1200,15600,2023-05-15,Ahmedabad,West,Sunita Rao,UPI,Cancelled
5061,Suresh Rao,Keyboard,Accessories,4,1200,4800,2023-12-02,Chennai,South,Deepak Joshi,Cash on Delivery,Delivered
5062,Arjun Nair,Headphones,Electronics,8,3500,28000,2023-02-22,Mumbai,West,Suresh Iyer,Cash on Delivery,Delivered
5063,Divya Singh,Headphones,Electronics,11,3500,38500,2023-10-30,Jaipur,North,Meera Patel,Net Banking,Delivered
5064,Ananya Das,Printer,Electronics,12,12000,144000,2023-06-13,Kolkata,East,Priya Nair,Credit Card,Shipped
5065,Ramesh Kumar,Tablet,Electronics,6,32000,192000,2023-07-26,Hyderabad,South,Sunita Rao,Cash on Delivery,Delivered
5066,Priya Patel,Mouse,Accessories,14,800,11200,2023-07-18,Surat,West,Anil Sharma,Credit Card,Cancelled
5067,Vikram Iyer,Webcam,Accessories,11,2500,27500,2023-01-16,Surat,West,Anil Sharma,Credit Card,Cancelled
5068,Suresh Rao,Laptop,Electronics,8,45000,360000,2023-10-21,Pune,West,Deepak Joshi,Credit Card,Cancelled
5069,Amit Verma,Printer,Electronics,12,12000,144000,2023-11-02,Pune,West,Priya Nair,Net Banking,Delivered
5070,Ananya Das,USB Hub,Accessories,2,600,1200,2023-07-06,Bangalore,South,Meera Patel,Cash on Delivery,Cancelled
5071,Suresh Rao,USB Hub,Accessories,6,600,3600,2023-04-12,Chennai,South,Suresh Iyer,Cash on Delivery,Shipped
5072,Ananya Das,Webcam,Accessories,12,2500,30000,2023-09-27,Kolkata,East,Suresh Iyer,Credit Card,Cancelled
5073,Rahul Mishra,Laptop,Electronics,3,45000,135000,2023-03-10,Jaipur,North,Meera Patel,Net Banking,Delivered
5074,Kavya Nambiar,Mouse,Accessories,13,800,10400,2023-06-26,Chennai,South,Sunita Rao,UPI,Delivered
5075,Ananya Das,Monitor,Electronics,4,22000,88000,2023-01-25,Hyderabad,South,Kavya Reddy,Net Banking,Shipped
5076,Kiran Kumar,Tablet,Electronics,10,32000,320000,2023-04-27,Hyderabad,South,Suresh Iyer,UPI,Processing
5077,Suresh Rao,Tablet,Electronics,7,32000,224000,2023-08-15,Surat,West,Sunita Rao,Net Banking,Delivered
5078,Tanvi Mehta,Mouse,Accessories,11,800,8800,2023-01-27,Mumbai,West,Kavya Reddy,UPI,Processing
5079,Kiran Kumar,USB Hub,Accessories,9,600,5400,2023-03-20,Kolkata,East,Anil Sharma,UPI,Processing
5080,Suresh Rao,Keyboard,Accessories,4,1200,4800,2023-08-30,Pune,West,Deepak Joshi,Credit Card,Shipped
5081,Ananya Das,Printer,Electronics,7,12000,84000,2023-08-08,Ahmedabad,West,Sunita Rao,Credit Card,Shipped
5082,Priya Patel,Keyboard,Accessories,13,1200,15600,2023-03-27,Chennai,South,Deepak Joshi,UPI,Processing
5083,Ananya Das,Keyboard,Accessories,2,1200,2400,2023-02-25,Pune,West,Kavya Reddy,UPI,Processing
5084,Divya Singh,Speaker,Electronics,7,4500,31500,2023-06-13,Hyderabad,South,Deepak Joshi,Net Banking,Cancelled
5085,Vikram Iyer,Webcam,Accessories,3,2500,7500,2023-07-11,Chennai,South,Priya Nair,Net Banking,Processing
5086,Suresh Rao,Monitor,Electronics,9,22000,198000,2023-02-19,Delhi,North,Priya Nair,Credit Card,Shipped
5087,Ramesh Kumar,USB Hub,Accessories,4,600,2400,2023-09-19,Jaipur,North,Priya Nair,UPI,Delivered
5088,Vikram Iyer,Mouse,Accessories,14,800,11200,2023-11-28,Ahmedabad,West,Sunita Rao,UPI,Cancelled
5089,Rahul Mishra,USB Hub,Accessories,5,600,3000,2023-02-21,Ahmedabad,West,Deepak Joshi,Cash on Delivery,Delivered
5090,Amit Verma,Headphones,Electronics,11,3500,38500,2023-03-10,Pune,West,Anil Sharma,Credit Card,Processing
5091,Meera Joshi,Printer,Electronics,4,12000,48000,2023-05-05,Chennai,South,Deepak Joshi,Credit Card,Delivered
5092,Rahul Mishra,Monitor,Electronics,8,22000,176000,2023-03-28,Bangalore,South,Meera Patel,Cash on Delivery,Delivered
5093,Tanvi Mehta,Mouse,Accessories,9,800,7200,2023-09-04,Mumbai,West,Suresh Iyer,Net Banking,Cancelled
5094,Ramesh Kumar,Tablet,Electronics,12,32000,384000,2023-10-21,Mumbai,West,Suresh Iyer,Cash on Delivery,Cancelled
5095,Kiran Kumar,Monitor,Electronics,4,22000,88000,2023-08-27,Ahmedabad,West,Ravi Kumar,Net Banking,Delivered
5096,Pooja Gupta,Tablet,Electronics,11,32000,352000,2023-09-05,Pune,West,Sunita Rao,Cash on Delivery,Shipped
5097,Arjun Nair,Monitor,Electronics,3,22000,66000,2023-01-22,Jaipur,North,Suresh Iyer,Credit Card,Processing
5098,Sneha Reddy,Monitor,Electronics,7,22000,154000,2023-10-22,Ahmedabad,West,Anil Sharma,UPI,Shipped
5099,Suresh Rao,USB Hub,Accessories,11,600,6600,2023-06-18,Hyderabad,South,Suresh Iyer,Net Banking,Cancelled
5100,Ananya Das,Tablet,Electronics,2,32000,64000,2023-10-29,Hyderabad,South,Sunita Rao,Cash on Delivery,Delivered
5101,Ramesh Kumar,Webcam,Accessories,10,2500,25000,2023-12-16,Chennai,South,Suresh Iyer,Net Banking,Delivered
5102,Sneha Reddy,Speaker,Electronics,11,4500,49500,2023-01-08,Jaipur,North,Deepak Joshi,UPI,Processing
5103,Ramesh Kumar,Monitor,Electronics,8,22000,176000,2023-12-16,Surat,West,Sunita Rao,Credit Card,Processing
5104,Kiran Kumar,Printer,Electronics,2,12000,24000,2023-04-07,Surat,West,Ravi Kumar,Cash on Delivery,Cancelled
5105,Priya Patel,Laptop,Electronics,5,45000,225000,2023-03-31,Jaipur,North,Priya Nair,UPI,Delivered
5106,Pooja Gupta,Speaker,Electronics,11,4500,49500,2023-07-23,Chennai,South,Ravi Kumar,Net Banking,Shipped
5107,Priya Patel,USB Hub,Accessories,3,600,1800,2023-03-31,Mumbai,West,Suresh Iyer,Credit Card,Cancelled
5108,Amit Verma,Webcam,Accessories,9,2500,22500,2023-01-06,Hyderabad,South,Meera Patel,UPI,Processing
5109,Kavya Nambiar,Printer,Electronics,13,12000,156000,2023-09-15,Chennai,South,Deepak Joshi,UPI,Delivered
5110,Sneha Reddy,Laptop,Electronics,6,45000,270000,2023-08-18,Pune,West,Priya Nair,Credit Card,Cancelled
5111,Kiran Kumar,Headphones,Electronics,15,3500,52500,2023-05-10,Kolkata,East,Meera Patel,Net Banking,Delivered
5112,Arjun Nair,Laptop,Electronics,12,45000,540000,2023-02-11,Bangalore,South,Anil Sharma,Credit Card,Shipped
5113,Ananya Das,Printer,Electronics,4,12000,48000,2023-02-14,Chennai,South,Priya Nair,Net Banking,Cancelled
5114,Meera Joshi,Speaker,Electronics,1,4500,4500,2023-04-23,Surat,West,Kavya Reddy,Credit Card,Cancelled
5115,Pooja Gupta,Tablet,Electronics,14,32000,448000,2023-09-06,Delhi,North,Anil Sharma,UPI,Delivered
5116,Tanvi Mehta,Webcam,Accessories,9,2500,22500,2023-08-20,Pune,West,Anil Sharma,Net Banking,Delivered
5117,Kiran Kumar,Keyboard,Accessories,15,1200,18000,2023-12-24,Hyderabad,South,Anil Sharma,Net Banking,Delivered
5118,Suresh Rao,USB Hub,Accessories,9,600,5400,2023-04-29,Hyderabad,South,Priya Nair,UPI,Shipped
5119,Priya Patel,Tablet,Electronics,9,32000,288000,2023-05-13,Pune,West,Kavya Reddy,Cash on Delivery,Cancelled
5120,Ramesh Kumar,Tablet,Electronics,14,32000,448000,2023-02-01,Pune,West,Suresh Iyer,Net Banking,Shipped
5121,Suresh Rao,Headphones,Electronics,11,3500,38500,2023-10-28,Kolkata,East,Kavya Reddy,UPI,Delivered
5122,Sneha Reddy,Tablet,Electronics,1,32000,32000,2023-04-27,Chennai,South,Ravi Kumar,Net Banking,Cancelled
5123,Tanvi Mehta,Tablet,Electronics,15,32000,480000,2023-09-13,Kolkata,East,Deepak Joshi,Net Banking,Delivered
5124,Tanvi Mehta,Laptop,Electronics,9,45000,405000,2023-05-24,Hyderabad,South,Anil Sharma,Net Banking,Cancelled
5125,Meera Joshi,Mouse,Accessories,9,800,7200,2023-02-17,Delhi,North,Suresh Iyer,Credit Card,Processing
5126,Divya Singh,Headphones,Electronics,8,3500,28000,2023-01-27,Bangalore,South,Priya Nair,Net Banking,Cancelled
5127,Ramesh Kumar,USB Hub,Accessories,2,600,1200,2023-02-25,Delhi,North,Kavya Reddy,Cash on Delivery,Cancelled
5128,Vikram Iyer,Headphones,Electronics,6,3500,21000,2023-05-29,Jaipur,North,Priya Nair,Cash on Delivery,Processing
5129,Suresh Rao,Tablet,Electronics,9,32000,288000,2023-10-17,Bangalore,South,Kavya Reddy,UPI,Shipped
5130,Rahul Mishra,USB Hub,Accessories,4,600,2400,2023-06-01,Surat,West,Priya Nair,Net Banking,Delivered
5131,Rahul Mishra,Mouse,Accessories,1,800,800,2023-11-08,Surat,West,Deepak Joshi,Cash on Delivery,Processing
5132,Kiran Kumar,USB Hub,Accessories,14,600,8400,2023-08-11,Mumbai,West,Ravi Kumar,Cash on Delivery,Delivered
5133,Suresh Rao,Mouse,Accessories,3,800,2400,2023-07-29,Ahmedabad,West,Kavya Reddy,Credit Card,Cancelled
5134,Meera Joshi,Tablet,Electronics,8,32000,256000,2023-11-02,Jaipur,North,Kavya Reddy,Credit Card,Shipped
5135,Amit Verma,Speaker,Electronics,15,4500,67500,2023-07-28,Surat,West,Suresh Iyer,UPI,Cancelled
5136,Priya Patel,Tablet,Electronics,3,32000,96000,2023-08-16,Surat,West,Sunita Rao,Credit Card,Cancelled
5137,Rahul Mishra,Mouse,Accessories,2,800,1600,2023-03-08,Kolkata,East,Suresh Iyer,UPI,Shipped
5138,Tanvi Mehta,Laptop,Electronics,9,45000,405000,2023-12-01,Pune,West,Ravi Kumar,Net Banking,Shipped
5139,Suresh Rao,Keyboard,Accessories,4,1200,4800,2023-12-17,Chennai,South,Meera Patel,Credit Card,Shipped
5140,Arjun Nair,Mouse,Accessories,10,800,8000,2023-04-28,Surat,West,Deepak Joshi,Cash on Delivery,Delivered
5141,Ananya Das,USB Hub,Accessories,14,600,8400,2023-07-13,Mumbai,West,Deepak Joshi,UPI,Delivered
5142,Amit Verma,USB Hub,Accessories,6,600,3600,2023-12-02,Surat,West,Meera Patel,Net Banking,Cancelled
5143,Ananya Das,Printer,Electronics,6,12000,72000,2023-03-13,Pune,West,Deepak Joshi,Credit Card,Shipped
5144,Pooja Gupta,Printer,Electronics,4,12000,48000,2023-09-04,Kolkata,East,Anil Sharma,Credit Card,Cancelled
5145,Meera Joshi,Headphones,Electronics,9,3500,31500,2023-10-12,Hyderabad,South,Deepak Joshi,Cash on Delivery,Processing
5146,Vikram Iyer,Mouse,Accessories,2,800,1600,2023-10-24,Delhi,North,Anil Sharma,Net Banking,Shipped
5147,Rahul Mishra,Webcam,Accessories,5,2500,12500,2023-03-15,Kolkata,East,Anil Sharma,Net Banking,Shipped
5148,Amit Verma,Tablet,Electronics,13,32000,416000,2023-06-04,Pune,West,Priya Nair,Net Banking,Delivered
5149,Rahul Mishra,Tablet,Electronics,14,32000,448000,2023-08-06,Ahmedabad,West,Kavya Reddy,Cash on Delivery,Delivered
5150,Amit Verma,Keyboard,Accessories,4,1200,4800,2023-10-30,Mumbai,West,Ravi Kumar,Credit Card,Shipped
5151,Ananya Das,Monitor,Electronics,1,22000,22000,2023-02-17,Jaipur,North,Priya Nair,Cash on Delivery,Cancelled
5152,Vikram Iyer,Mouse,Accessories,13,800,10400,2023-10-23,Surat,West,Ravi Kumar,Cash on Delivery,Cancelled
5153,Kavya Nambiar,Keyboard,Accessories,8,1200,9600,2023-04-14,Ahmedabad,West,Sunita Rao,Net Banking,Shipped
5154,Amit Verma,Headphones,Electronics,6,3500,21000,2023-07-29,Surat,West,Sunita Rao,Cash on Delivery,Cancelled
5155,Ramesh Kumar,Headphones,Electronics,2,3500,7000,2023-08-07,Hyderabad,South,Meera Patel,UPI,Shipped
5156,Divya Singh,Printer,Electronics,9,12000,108000,2023-01-04,Ahmedabad,West,Anil Sharma,Credit Card,Processing
5157,Divya Singh,Monitor,Electronics,3,22000,66000,2023-09-27,Mumbai,West,Deepak Joshi,Net Banking,Delivered
5158,Amit Verma,Keyboard,Accessories,3,1200,3600,2023-12-15,Mumbai,West,Anil Sharma,Credit Card,Cancelled
5159,Priya Patel,Webcam,Accessories,6,2500,15000,2023-05-20,Hyderabad,South,Suresh Iyer,Net Banking,Cancelled
5160,Priya Patel,Speaker,Electronics,11,4500,49500,2023-12-23,Bangalore,South,Anil Sharma,Net Banking,Cancelled
5161,Meera Joshi,USB Hub,Accessories,14,600,8400,2023-08-27,Bangalore,South,Anil Sharma,Credit Card,Processing
5162,Ananya Das,Keyboard,Accessories,11,1200,13200,2023-12-15,Pune,West,Kavya Reddy,Net Banking,Processing
5163,Ramesh Kumar,Keyboard,Accessories,4,1200,4800,2023-07-23,Mumbai,West,Kavya Reddy,Net Banking,Processing
5164,Ananya Das,Printer,Electronics,4,12000,48000,2023-01-07,Chennai,South,Priya Nair,Cash on Delivery,Shipped
5165,Rahul Mishra,Mouse,Accessories,4,800,3200,2023-07-23,Ahmedabad,West,Anil Sharma,Cash on Delivery,Delivered
5166,Ananya Das,Monitor,Electronics,6,22000,132000,2023-08-17,Hyderabad,South,Ravi Kumar,UPI,Shipped
5167,Pooja Gupta,USB Hub,Accessories,2,600,1200,2023-05-18,Jaipur,North,Priya Nair,Credit Card,Cancelled
5168,Pooja Gupta,Laptop,Electronics,6,45000,270000,2023-01-23,Delhi,North,Sunita Rao,Cash on Delivery,Cancelled
5169,Ramesh Kumar,Speaker,Electronics,11,4500,49500,2023-03-09,Jaipur,North,Ravi Kumar,Net Banking,Delivered
5170,Kavya Nambiar,Speaker,Electronics,1,4500,4500,2023-03-03,Bangalore,South,Ravi Kumar,Net Banking,Shipped
5171,Ananya Das,Mouse,Accessories,12,800,9600,2023-03-18,Chennai,South,Kavya Reddy,Credit Card,Processing
5172,Ananya Das,Speaker,Electronics,13,4500,58500,2023-09-02,Chennai,South,Priya Nair,UPI,Delivered
5173,Tanvi Mehta,Webcam,Accessories,11,2500,27500,2023-07-10,Ahmedabad,West,Priya Nair,Credit Card,Delivered
5174,Vikram Iyer,USB Hub,Accessories,13,600,7800,2023-11-06,Chennai,South,Kavya Reddy,Credit Card,Processing
5175,Meera Joshi,Speaker,Electronics,1,4500,4500,2023-08-27,Bangalore,South,Kavya Reddy,Net Banking,Delivered
5176,Suresh Rao,Headphones,Electronics,5,3500,17500,2023-10-15,Bangalore,South,Kavya Reddy,UPI,Cancelled
5177,Ananya Das,Keyboard,Accessories,3,1200,3600,2023-06-27,Pune,West,Sunita Rao,UPI,Delivered
5178,Suresh Rao,Keyboard,Accessories,11,1200,13200,2023-10-22,Hyderabad,South,Kavya Reddy,Cash on Delivery,Shipped
5179,Tanvi Mehta,USB Hub,Accessories,8,600,4800,2023-03-29,Jaipur,North,Deepak Joshi,Net Banking,Shipped
5180,Kavya Nambiar,Headphones,Electronics,11,3500,38500,2023-06-25,Chennai,South,Deepak Joshi,Cash on Delivery,Cancelled
5181,Meera Joshi,Keyboard,Accessories,14,1200,16800,2023-07-12,Surat,West,Kavya Reddy,Credit Card,Processing
5182,Kavya Nambiar,USB Hub,Accessories,4,600,2400,2023-09-23,Hyderabad,South,Anil Sharma,UPI,Delivered
5183,Vikram Iyer,Mouse,Accessories,15,800,12000,2023-10-01,Hyderabad,South,Anil Sharma,Net Banking,Shipped
5184,Ramesh Kumar,Headphones,Electronics,10,3500,35000,2023-08-03,Jaipur,North,Anil Sharma,Credit Card,Processing
5185,Pooja Gupta,Laptop,Electronics,2,45000,90000,2023-08-03,Surat,West,Priya Nair,Cash on Delivery,Shipped
5186,Tanvi Mehta,Tablet,Electronics,3,32000,96000,2023-05-28,Pune,West,Ravi Kumar,Cash on Delivery,Cancelled
5187,Ananya Das,Keyboard,Accessories,6,1200,7200,2023-05-14,Bangalore,South,Ravi Kumar,Credit Card,Shipped
5188,Ananya Das,USB Hub,Accessories,4,600,2400,2023-01-28,Surat,West,Sunita Rao,Net Banking,Delivered
5189,Sneha Reddy,Monitor,Electronics,3,22000,66000,2023-08-27,Kolkata,East,Sunita Rao,Credit Card,Cancelled
5190,Tanvi Mehta,Keyboard,Accessories,7,1200,8400,2023-06-09,Bangalore,South,Sunita Rao,Net Banking,Cancelled
5191,Tanvi Mehta,Webcam,Accessories,10,2500,25000,2023-01-07,Pune,West,Anil Sharma,Credit Card,Processing
5192,Sneha Reddy,Keyboard,Accessories,13,1200,15600,2023-04-25,Surat,West,Priya Nair,Net Banking,Cancelled
5193,Rahul Mishra,Headphones,Electronics,3,3500,10500,2023-10-22,Bangalore,South,Meera Patel,Net Banking,Cancelled
5194,Suresh Rao,USB Hub,Accessories,13,600,7800,2023-09-02,Jaipur,North,Sunita Rao,Net Banking,Shipped
5195,Amit Verma,Speaker,Electronics,13,4500,58500,2023-03-28,Mumbai,West,Suresh Iyer,UPI,Processing
5196,Ramesh Kumar,Tablet,Electronics,7,32000,224000,2023-06-16,Chennai,South,Anil Sharma,UPI,Shipped
5197,Ramesh Kumar,Speaker,Electronics,1,4500,4500,2023-10-22,Surat,West,Anil Sharma,Cash on Delivery,Processing
5198,Arjun Nair,Tablet,Electronics,2,32000,64000,2023-11-27,Pune,West,Deepak Joshi,UPI,Cancelled
5199,Meera Joshi,Printer,Electronics,4,12000,48000,2023-12-28,Jaipur,North,Priya Nair,Net Banking,Delivered
5200,Priya Patel,Headphones,Electronics,11,3500,38500,2023-05-08,Bangalore,South,Suresh Iyer,Cash on Delivery,Shipped
5201,Suresh Rao,Laptop,Electronics,8,45000,360000,2023-07-06,Pune,West,Deepak Joshi,UPI,Shipped
5202,Kiran Kumar,Headphones,Electronics,11,3500,38500,2023-10-22,Chennai,South,Anil Sharma,Net Banking,Processing
5203,Suresh Rao,Mouse,Accessories,14,800,11200,2023-04-04,Surat,West,Priya Nair,UPI,Cancelled
5204,Sneha Reddy,Printer,Electronics,6,12000,72000,2023-08-22,Chennai,South,Meera Patel,Credit Card,Shipped
5205,Sneha Reddy,Mouse,Accessories,15,800,12000,2023-09-04,Mumbai,West,Deepak Joshi,Net Banking,Shipped
5206,Kiran Kumar,Mouse,Accessories,3,800,2400,2023-04-28,Mumbai,West,Deepak Joshi,Credit Card,Shipped
5207,Tanvi Mehta,Keyboard,Accessories,13,1200,15600,2023-09-01,Hyderabad,South,Deepak Joshi,Credit Card,Processing
5208,Sneha Reddy,Mouse,Accessories,3,800,2400,2023-01-29,Jaipur,North,Meera Patel,Net Banking,Delivered
5209,Amit Verma,Webcam,Accessories,7,2500,17500,2023-01-25,Delhi,North,Meera Patel,UPI,Processing
5210,Priya Patel,Monitor,Electronics,8,22000,176000,2023-12-29,Mumbai,West,Priya Nair,Net Banking,Processing
5211,Arjun Nair,Printer,Electronics,1,12000,12000,2023-10-28,Jaipur,North,Anil Sharma,Net Banking,Shipped
5212,Arjun Nair,Keyboard,Accessories,6,1200,7200,2023-07-21,Hyderabad,South,Sunita Rao,Credit Card,Shipped
5213,Amit Verma,Webcam,Accessories,14,2500,35000,2023-02-14,Kolkata,East,Priya Nair,UPI,Delivered
5214,Priya Patel,Tablet,Electronics,2,32000,64000,2023-10-28,Ahmedabad,West,Meera Patel,Net Banking,Delivered
5215,Arjun Nair,Webcam,Accessories,12,2500,30000,2023-12-19,Chennai,South,Deepak Joshi,Credit Card,Cancelled
5216,Kavya Nambiar,Monitor,Electronics,12,22000,264000,2023-09-12,Kolkata,East,Priya Nair,Net Banking,Cancelled
5217,Amit Verma,Monitor,Electronics,7,22000,154000,2023-04-29,Pune,West,Ravi Kumar,Net Banking,Cancelled
5218,Priya Patel,Mouse,Accessories,14,800,11200,2023-08-09,Mumbai,West,Suresh Iyer,UPI,Delivered
5219,Sneha Reddy,Printer,Electronics,15,12000,180000,2023-08-10,Kolkata,East,Priya Nair,UPI,Delivered
5220,Meera Joshi,Laptop,Electronics,7,45000,315000,2023-02-07,Jaipur,North,Anil Sharma,Net Banking,Shipped
5221,Vikram Iyer,Laptop,Electronics,10,45000,450000,2023-10-15,Kolkata,East,Suresh Iyer,Net Banking,Cancelled
5222,Arjun Nair,Speaker,Electronics,8,4500,36000,2023-02-09,Jaipur,North,Meera Patel,UPI,Cancelled
5223,Ramesh Kumar,Laptop,Electronics,1,45000,45000,2023-10-31,Ahmedabad,West,Sunita Rao,Credit Card,Delivered
5224,Kavya Nambiar,Headphones,Electronics,12,3500,42000,2023-02-19,Pune,West,Anil Sharma,UPI,Shipped
5225,Rahul Mishra,Tablet,Electronics,9,32000,288000,2023-09-14,Ahmedabad,West,Sunita Rao,UPI,Delivered
5226,Kiran Kumar,Headphones,Electronics,11,3500,38500,2023-02-28,Pune,West,Meera Patel,Credit Card,Cancelled
5227,Pooja Gupta,Printer,Electronics,12,12000,144000,2023-10-02,Jaipur,North,Priya Nair,Credit Card,Processing
5228,Vikram Iyer,USB Hub,Accessories,1,600,600,2023-06-29,Surat,West,Anil Sharma,Cash on Delivery,Processing
5229,Kiran Kumar,USB Hub,Accessories,9,600,5400,2023-03-24,Ahmedabad,West,Kavya Reddy,UPI,Delivered
5230,Amit Verma,Laptop,Electronics,3,45000,135000,2023-09-07,Jaipur,North,Anil Sharma,Credit Card,Processing
5231,Divya Singh,Tablet,Electronics,11,32000,352000,2023-04-09,Bangalore,South,Meera Patel,Net Banking,Cancelled
5232,Sneha Reddy,Headphones,Electronics,8,3500,28000,2023-09-22,Mumbai,West,Anil Sharma,UPI,Delivered
5233,Suresh Rao,USB Hub,Accessories,8,600,4800,2023-09-24,Surat,West,Priya Nair,Credit Card,Processing
5234,Sneha Reddy,Webcam,Accessories,10,2500,25000,2023-10-08,Hyderabad,South,Suresh Iyer,Cash on Delivery,Delivered
5235,Ananya Das,Headphones,Electronics,8,3500,28000,2023-05-15,Pune,West,Anil Sharma,Cash on Delivery,Cancelled
5236,Divya Singh,Printer,Electronics,12,12000,144000,2023-08-02,Ahmedabad,West,Priya Nair,Credit Card,Processing
5237,Arjun Nair,Tablet,Electronics,2,32000,64000,2023-08-06,Delhi,North,Priya Nair,Cash on Delivery,Delivered
5238,Kavya Nambiar,Webcam,Accessories,13,2500,32500,2023-07-07,Surat,West,Suresh Iyer,UPI,Processing
5239,Tanvi Mehta,Mouse,Accessories,9,800,7200,2023-01-25,Delhi,North,Kavya Reddy,UPI,Shipped
5240,Rahul Mishra,Laptop,Electronics,3,45000,135000,2023-06-28,Mumbai,West,Priya Nair,Cash on Delivery,Processing
5241,Pooja Gupta,Mouse,Accessories,13,800,10400,2023-08-29,Chennai,South,Kavya Reddy,Cash on Delivery,Shipped
5242,Divya Singh,Laptop,Electronics,2,45000,90000,2023-07-13,Chennai,South,Kavya Reddy,Credit Card,Shipped
5243,Rahul Mishra,USB Hub,Accessories,6,600,3600,2023-05-25,Delhi,North,Kavya Reddy,UPI,Delivered
5244,Ramesh Kumar,Monitor,Electronics,5,22000,110000,2023-12-07,Bangalore,South,Ravi Kumar,Net Banking,Processing
5245,Ramesh Kumar,Webcam,Accessories,1,2500,2500,2023-12-03,Kolkata,East,Priya Nair,Net Banking,Delivered
5246,Ananya Das,Printer,Electronics,11,12000,132000,2023-10-16,Mumbai,West,Meera Patel,Cash on Delivery,Cancelled
5247,Divya Singh,Tablet,Electronics,9,32000,288000,2023-09-19,Chennai,South,Ravi Kumar,Net Banking,Cancelled
5248,Sneha Reddy,Monitor,Electronics,4,22000,88000,2023-01-07,Pune,West,Deepak Joshi,UPI,Shipped
5249,Priya Patel,Laptop,Electronics,1,45000,45000,2023-10-25,Mumbai,West,Deepak Joshi,UPI,Processing
5250,Tanvi Mehta,Keyboard,Accessories,5,1200,6000,2023-11-13,Surat,West,Meera Patel,Credit Card,Cancelled
5251,Ananya Das,Headphones,Electronics,8,3500,28000,2023-10-18,Delhi,North,Suresh Iyer,Net Banking,Processing
5252,Ananya Das,USB Hub,Accessories,3,600,1800,2023-09-20,Pune,West,Kavya Reddy,UPI,Processing
5253,Amit Verma,Monitor,Electronics,10,22000,220000,2023-07-13,Ahmedabad,West,Ravi Kumar,Net Banking,Shipped
5254,Ramesh Kumar,Tablet,Electronics,11,32000,352000,2023-07-26,Kolkata,East,Anil Sharma,UPI,Shipped
5255,Tanvi Mehta,Mouse,Accessories,3,800,2400,2023-04-25,Mumbai,West,Deepak Joshi,Credit Card,Processing
5256,Amit Verma,USB Hub,Accessories,8,600,4800,2023-02-22,Jaipur,North,Priya Nair,Credit Card,Processing
5257,Kavya Nambiar,Printer,Electronics,12,12000,144000,2023-01-23,Surat,West,Deepak Joshi,Credit Card,Shipped
5258,Kiran Kumar,Printer,Electronics,6,12000,72000,2023-02-05,Mumbai,West,Suresh Iyer,Cash on Delivery,Delivered
5259,Sneha Reddy,Printer,Electronics,14,12000,168000,2023-04-03,Delhi,North,Ravi Kumar,Cash on Delivery,Processing
5260,Ramesh Kumar,Headphones,Electronics,11,3500,38500,2023-11-11,Jaipur,North,Suresh Iyer,UPI,Cancelled
5261,Kiran Kumar,Monitor,Electronics,3,22000,66000,2023-08-31,Kolkata,East,Priya Nair,Net Banking,Processing
5262,Amit Verma,Headphones,Electronics,1,3500,3500,2023-03-16,Bangalore,South,Deepak Joshi,UPI,Processing
5263,Sneha Reddy,Printer,Electronics,14,12000,168000,2023-07-21,Ahmedabad,West,Sunita Rao,UPI,Cancelled
5264,Meera Joshi,Mouse,Accessories,2,800,1600,2023-06-03,Jaipur,North,Anil Sharma,UPI,Delivered
5265,Amit Verma,Monitor,Electronics,1,22000,22000,2023-12-23,Ahmedabad,West,Suresh Iyer,Cash on Delivery,Delivered
5266,Vikram Iyer,Headphones,Electronics,10,3500,35000,2023-05-08,Delhi,North,Suresh Iyer,Credit Card,Cancelled
5267,Tanvi Mehta,Monitor,Electronics,5,22000,110000,2023-08-21,Mumbai,West,Sunita Rao,Credit Card,Delivered
5268,Kavya Nambiar,Speaker,Electronics,3,4500,13500,2023-06-11,Surat,West,Suresh Iyer,UPI,Processing
5269,Vikram Iyer,Tablet,Electronics,9,32000,288000,2023-10-10,Pune,West,Meera Patel,Net Banking,Delivered
5270,Arjun Nair,Laptop,Electronics,5,45000,225000,2023-02-10,Chennai,South,Sunita Rao,UPI,Delivered
5271,Vikram Iyer,Printer,Electronics,2,12000,24000,2023-10-15,Delhi,North,Sunita Rao,Net Banking,Delivered
5272,Sneha Reddy,Webcam,Accessories,12,2500,30000,2023-12-27,Delhi,North,Ravi Kumar,Net Banking,Delivered
5273,Arjun Nair,Tablet,Electronics,11,32000,352000,2023-01-02,Surat,West,Deepak Joshi,Cash on Delivery,Delivered
5274,Ananya Das,Printer,Electronics,7,12000,84000,2023-01-01,Kolkata,East,Deepak Joshi,Credit Card,Cancelled
5275,Kavya Nambiar,Tablet,Electronics,5,32000,160000,2023-12-05,Delhi,North,Kavya Reddy,UPI,Delivered
5276,Suresh Rao,Laptop,Electronics,2,45000,90000,2023-05-15,Chennai,South,Priya Nair,Cash on Delivery,Processing
5277,Divya Singh,Webcam,Accessories,3,2500,7500,2023-03-20,Jaipur,North,Priya Nair,Cash on Delivery,Processing
5278,Ramesh Kumar,Laptop,Electronics,12,45000,540000,2023-05-18,Jaipur,North,Meera Patel,UPI,Cancelled
5279,Ananya Das,Headphones,Electronics,10,3500,35000,2023-11-18,Hyderabad,South,Kavya Reddy,Credit Card,Shipped
5280,Sneha Reddy,Mouse,Accessories,2,800,1600,2023-12-29,Surat,West,Suresh Iyer,Net Banking,Delivered
5281,Ramesh Kumar,Keyboard,Accessories,5,1200,6000,2023-02-06,Pune,West,Suresh Iyer,Credit Card,Shipped
5282,Meera Joshi,Keyboard,Accessories,13,1200,15600,2023-08-19,Pune,West,Meera Patel,Credit Card,Delivered
5283,Sneha Reddy,Webcam,Accessories,15,2500,37500,2023-07-23,Jaipur,North,Sunita Rao,Credit Card,Delivered
5284,Vikram Iyer,Laptop,Electronics,10,45000,450000,2023-07-27,Ahmedabad,West,Priya Nair,Net Banking,Cancelled
5285,Kiran Kumar,Monitor,Electronics,6,22000,132000,2023-04-26,Bangalore,South,Anil Sharma,Cash on Delivery,Processing
5286,Arjun Nair,Laptop,Electronics,5,45000,225000,2023-08-14,Mumbai,West,Suresh Iyer,Cash on Delivery,Processing
5287,Vikram Iyer,Printer,Electronics,13,12000,156000,2023-11-22,Pune,West,Deepak Joshi,Net Banking,Delivered
5288,Sneha Reddy,Tablet,Electronics,15,32000,480000,2023-11-29,Mumbai,West,Suresh Iyer,Credit Card,Delivered
5289,Ramesh Kumar,Laptop,Electronics,13,45000,585000,2023-08-28,Jaipur,North,Sunita Rao,Cash on Delivery,Cancelled
5290,Tanvi Mehta,Mouse,Accessories,6,800,4800,2023-10-21,Jaipur,North,Deepak Joshi,UPI,Shipped
5291,Priya Patel,Laptop,Electronics,9,45000,405000,2023-02-22,Jaipur,North,Sunita Rao,Cash on Delivery,Delivered
5292,Ramesh Kumar,Speaker,Electronics,14,4500,63000,2023-01-27,Pune,West,Deepak Joshi,Credit Card,Shipped
5293,Priya Patel,Monitor,Electronics,5,22000,110000,2023-05-31,Hyderabad,South,Priya Nair,Net Banking,Cancelled
5294,Sneha Reddy,Tablet,Electronics,4,32000,128000,2023-04-29,Hyderabad,South,Deepak Joshi,Cash on Delivery,Processing
5295,Priya Patel,Webcam,Accessories,4,2500,10000,2023-10-18,Bangalore,South,Kavya Reddy,Credit Card,Shipped
5296,Tanvi Mehta,Mouse,Accessories,4,800,3200,2023-01-01,Kolkata,East,Anil Sharma,Net Banking,Shipped
5297,Pooja Gupta,USB Hub,Accessories,6,600,3600,2023-04-20,Pune,West,Suresh Iyer,Credit Card,Cancelled
5298,Sneha Reddy,Tablet,Electronics,2,32000,64000,2023-08-21,Chennai,South,Deepak Joshi,Cash on Delivery,Shipped
5299,Tanvi Mehta,Headphones,Electronics,8,3500,28000,2023-03-19,Ahmedabad,West,Meera Patel,Net Banking,Cancelled
5300,Amit Verma,Webcam,Accessories,14,2500,35000,2023-11-15,Chennai,South,Kavya Reddy,Cash on Delivery,Cancelled
5301,Tanvi Mehta,Monitor,Electronics,12,22000,264000,2023-02-10,Hyderabad,South,Meera Patel,Net Banking,Shipped
5302,Kiran Kumar,Monitor,Electronics,15,22000,330000,2023-11-08,Jaipur,North,Kavya Reddy,Credit Card,Cancelled
5303,Vikram Iyer,Laptop,Electronics,6,45000,270000,2023-10-14,Kolkata,East,Sunita Rao,Cash on Delivery,Shipped
5304,Priya Patel,Webcam,Accessories,10,2500,25000,2023-03-06,Jaipur,North,Sunita Rao,Cash on Delivery,Shipped
5305,Suresh Rao,Webcam,Accessories,7,2500,17500,2023-12-24,Mumbai,West,Meera Patel,Net Banking,Processing
5306,Kavya Nambiar,USB Hub,Accessories,7,600,4200,2023-04-17,Hyderabad,South,Kavya Reddy,Credit Card,Delivered
5307,Ramesh Kumar,Headphones,Electronics,6,3500,21000,2023-09-06,Kolkata,East,Meera Patel,UPI,Processing
5308,Pooja Gupta,Keyboard,Accessories,12,1200,14400,2023-02-20,Jaipur,North,Suresh Iyer,Cash on Delivery,Shipped
5309,Kavya Nambiar,Webcam,Accessories,3,2500,7500,2023-11-06,Kolkata,East,Anil Sharma,Net Banking,Delivered
5310,Ramesh Kumar,Speaker,Electronics,7,4500,31500,2023-01-28,Bangalore,South,Anil Sharma,Credit Card,Delivered
5311,Kiran Kumar,Laptop,Electronics,14,45000,630000,2023-06-17,Delhi,North,Sunita Rao,Cash on Delivery,Delivered
5312,Arjun Nair,Speaker,Electronics,4,4500,18000,2023-10-15,Jaipur,North,Deepak Joshi,Credit Card,Shipped
5313,Vikram Iyer,Monitor,Electronics,1,22000,22000,2023-01-25,Chennai,South,Ravi Kumar,UPI,Processing
5314,Suresh Rao,USB Hub,Accessories,10,600,6000,2023-01-27,Surat,West,Suresh Iyer,Cash on Delivery,Shipped
5315,Arjun Nair,Mouse,Accessories,2,800,1600,2023-02-01,Chennai,South,Deepak Joshi,Credit Card,Cancelled
5316,Kavya Nambiar,Tablet,Electronics,11,32000,352000,2023-07-31,Chennai,South,Priya Nair,Net Banking,Cancelled
5317,Priya Patel,Monitor,Electronics,3,22000,66000,2023-03-06,Surat,West,Ravi Kumar,UPI,Delivered
5318,Rahul Mishra,USB Hub,Accessories,13,600,7800,2023-02-11,Chennai,South,Suresh Iyer,Net Banking,Delivered
5319,Vikram Iyer,Tablet,Electronics,2,32000,64000,2023-11-23,Pune,West,Meera Patel,Credit Card,Shipped
5320,Pooja Gupta,Mouse,Accessories,5,800,4000,2023-03-01,Pune,West,Suresh Iyer,UPI,Cancelled
5321,Ananya Das,Printer,Electronics,6,12000,72000,2023-11-17,Chennai,South,Sunita Rao,Cash on Delivery,Cancelled
5322,Amit Verma,USB Hub,Accessories,1,600,600,2023-05-05,Hyderabad,South,Meera Patel,Credit Card,Shipped
5323,Amit Verma,Keyboard,Accessories,3,1200,3600,2023-10-01,Kolkata,East,Suresh Iyer,Cash on Delivery,Delivered
5324,Sneha Reddy,Keyboard,Accessories,15,1200,18000,2023-11-05,Pune,West,Kavya Reddy,Net Banking,Processing
5325,Tanvi Mehta,Keyboard,Accessories,6,1200,7200,2023-04-05,Bangalore,South,Suresh Iyer,Net Banking,Processing
5326,Suresh Rao,Headphones,Electronics,5,3500,17500,2023-05-08,Ahmedabad,West,Suresh Iyer,Cash on Delivery,Delivered
5327,Sneha Reddy,Monitor,Electronics,5,22000,110000,2023-04-24,Delhi,North,Anil Sharma,Cash on Delivery,Processing
5328,Ramesh Kumar,Laptop,Electronics,12,45000,540000,2023-09-24,Surat,West,Priya Nair,Cash on Delivery,Cancelled
5329,Meera Joshi,Monitor,Electronics,6,22000,132000,2023-12-26,Kolkata,East,Anil Sharma,Cash on Delivery,Shipped
5330,Ramesh Kumar,Tablet,Electronics,8,32000,256000,2023-11-09,Ahmedabad,West,Ravi Kumar,Net Banking,Delivered
5331,Kiran Kumar,Keyboard,Accessories,12,1200,14400,2023-05-17,Mumbai,West,Meera Patel,Cash on Delivery,Shipped
5332,Kiran Kumar,Monitor,Electronics,3,22000,66000,2023-07-23,Pune,West,Anil Sharma,UPI,Shipped
5333,Priya Patel,Mouse,Accessories,9,800,7200,2023-06-02,Kolkata,East,Anil Sharma,UPI,Processing
5334,Divya Singh,Webcam,Accessories,10,2500,25000,2023-10-18,Surat,West,Kavya Reddy,UPI,Cancelled
5335,Divya Singh,Speaker,Electronics,10,4500,45000,2023-07-03,Chennai,South,Priya Nair,Net Banking,Delivered
5336,Arjun Nair,Speaker,Electronics,5,4500,22500,2023-08-20,Bangalore,South,Sunita Rao,Credit Card,Delivered
5337,Ramesh Kumar,Tablet,Electronics,7,32000,224000,2023-08-22,Chennai,South,Meera Patel,Cash on Delivery,Shipped
5338,Kavya Nambiar,Webcam,Accessories,11,2500,27500,2023-08-26,Pune,West,Suresh Iyer,Credit Card,Delivered
5339,Pooja Gupta,Keyboard,Accessories,9,1200,10800,2023-05-30,Kolkata,East,Ravi Kumar,UPI,Shipped
5340,Meera Joshi,Laptop,Electronics,9,45000,405000,2023-01-22,Mumbai,West,Suresh Iyer,UPI,Delivered
5341,Vikram Iyer,Printer,Electronics,10,12000,120000,2023-03-27,Bangalore,South,Deepak Joshi,UPI,Cancelled
5342,Ramesh Kumar,Mouse,Accessories,13,800,10400,2023-02-26,Bangalore,South,Kavya Reddy,UPI,Delivered
5343,Meera Joshi,Keyboard,Accessories,4,1200,4800,2023-08-07,Jaipur,North,Deepak Joshi,Net Banking,Shipped
5344,Ramesh Kumar,Keyboard,Accessories,8,1200,9600,2023-03-10,Mumbai,West,Sunita Rao,Cash on Delivery,Delivered
5345,Divya Singh,Printer,Electronics,3,12000,36000,2023-10-06,Hyderabad,South,Deepak Joshi,Credit Card,Cancelled
5346,Kiran Kumar,Keyboard,Accessories,10,1200,12000,2023-12-24,Jaipur,North,Meera Patel,Cash on Delivery,Processing
5347,Meera Joshi,Monitor,Electronics,10,22000,220000,2023-06-17,Bangalore,South,Priya Nair,Credit Card,Delivered
5348,Ramesh Kumar,Laptop,Electronics,15,45000,675000,2023-02-11,Kolkata,East,Sunita Rao,Net Banking,Processing
5349,Sneha Reddy,Keyboard,Accessories,7,1200,8400,2023-03-30,Bangalore,South,Anil Sharma,Credit Card,Shipped
5350,Amit Verma,USB Hub,Accessories,8,600,4800,2023-03-10,Mumbai,West,Meera Patel,Net Banking,Delivered
5351,Pooja Gupta,Keyboard,Accessories,4,1200,4800,2023-01-02,Ahmedabad,West,Meera Patel,Net Banking,Shipped
5352,Suresh Rao,Headphones,Electronics,8,3500,28000,2023-06-19,Chennai,South,Meera Patel,Credit Card,Cancelled
5353,Ramesh Kumar,Speaker,Electronics,14,4500,63000,2023-10-14,Bangalore,South,Sunita Rao,Cash on Delivery,Cancelled
5354,Ananya Das,Mouse,Accessories,7,800,5600,2023-08-07,Delhi,North,Suresh Iyer,Cash on Delivery,Processing
5355,Arjun Nair,Laptop,Electronics,4,45000,180000,2023-01-01,Chennai,South,Priya Nair,Net Banking,Processing
5356,Kiran Kumar,Monitor,Electronics,7,22000,154000,2023-02-20,Mumbai,West,Suresh Iyer,Net Banking,Cancelled
5357,Arjun Nair,Laptop,Electronics,11,45000,495000,2023-10-07,Mumbai,West,Deepak Joshi,Net Banking,Delivered
5358,Priya Patel,Monitor,Electronics,12,22000,264000,2023-12-02,Kolkata,East,Kavya Reddy,Cash on Delivery,Processing
5359,Amit Verma,Keyboard,Accessories,7,1200,8400,2023-12-21,Surat,West,Anil Sharma,UPI,Processing
5360,Meera Joshi,Monitor,Electronics,6,22000,132000,2023-01-04,Delhi,North,Anil Sharma,Cash on Delivery,Cancelled
5361,Kavya Nambiar,Monitor,Electronics,2,22000,44000,2023-06-18,Chennai,South,Ravi Kumar,Net Banking,Processing
5362,Amit Verma,Keyboard,Accessories,12,1200,14400,2023-03-25,Chennai,South,Anil Sharma,Net Banking,Shipped
5363,Sneha Reddy,Tablet,Electronics,11,32000,352000,2023-06-05,Jaipur,North,Priya Nair,Net Banking,Delivered
5364,Meera Joshi,Headphones,Electronics,7,3500,24500,2023-03-31,Jaipur,North,Meera Patel,Net Banking,Delivered
5365,Suresh Rao,Monitor,Electronics,2,22000,44000,2023-06-18,Delhi,North,Ravi Kumar,Net Banking,Processing
5366,Divya Singh,Printer,Electronics,14,12000,168000,2023-04-03,Pune,West,Kavya Reddy,UPI,Cancelled
5367,Arjun Nair,Laptop,Electronics,2,45000,90000,2023-08-16,Chennai,South,Anil Sharma,UPI,Delivered
5368,Tanvi Mehta,Headphones,Electronics,13,3500,45500,2023-10-01,Kolkata,East,Anil Sharma,Cash on Delivery,Delivered
5369,Kavya Nambiar,Printer,Electronics,2,12000,24000,2023-06-08,Pune,West,Ravi Kumar,UPI,Shipped
5370,Vikram Iyer,Webcam,Accessories,12,2500,30000,2023-06-01,Kolkata,East,Priya Nair,UPI,Delivered
5371,Divya Singh,Webcam,Accessories,10,2500,25000,2023-07-28,Kolkata,East,Priya Nair,Cash on Delivery,Cancelled
5372,Priya Patel,Speaker,Electronics,14,4500,63000,2023-02-15,Surat,West,Meera Patel,Cash on Delivery,Shipped
5373,Divya Singh,Laptop,Electronics,13,45000,585000,2023-06-19,Hyderabad,South,Suresh Iyer,UPI,Cancelled
5374,Priya Patel,Headphones,Electronics,13,3500,45500,2023-12-16,Kolkata,East,Sunita Rao,Cash on Delivery,Delivered
5375,Rahul Mishra,Printer,Electronics,15,12000,180000,2023-07-02,Surat,West,Kavya Reddy,Credit Card,Delivered
5376,Suresh Rao,Webcam,Accessories,3,2500,7500,2023-03-01,Bangalore,South,Meera Patel,UPI,Cancelled
5377,Ramesh Kumar,Printer,Electronics,13,12000,156000,2023-07-12,Surat,West,Anil Sharma,UPI,Processing
5378,Amit Verma,Tablet,Electronics,11,32000,352000,2023-02-06,Pune,West,Meera Patel,Credit Card,Cancelled
5379,Pooja Gupta,Headphones,Electronics,15,3500,52500,2023-02-24,Pune,West,Sunita Rao,UPI,Cancelled
5380,Priya Patel,Speaker,Electronics,3,4500,13500,2023-08-27,Surat,West,Priya Nair,Cash on Delivery,Delivered
5381,Divya Singh,Mouse,Accessories,9,800,7200,2023-12-13,Chennai,South,Priya Nair,UPI,Processing
5382,Rahul Mishra,Printer,Electronics,9,12000,108000,2023-07-23,Surat,West,Sunita Rao,Net Banking,Shipped
5383,Sneha Reddy,Speaker,Electronics,7,4500,31500,2023-12-23,Jaipur,North,Anil Sharma,Credit Card,Delivered
5384,Arjun Nair,Tablet,Electronics,8,32000,256000,2023-10-28,Chennai,South,Deepak Joshi,Net Banking,Processing
5385,Arjun Nair,Tablet,Electronics,14,32000,448000,2023-06-08,Hyderabad,South,Sunita Rao,Credit Card,Cancelled
5386,Pooja Gupta,USB Hub,Accessories,15,600,9000,2023-03-29,Surat,West,Suresh Iyer,UPI,Cancelled
5387,Arjun Nair,Webcam,Accessories,11,2500,27500,2023-04-29,Hyderabad,South,Kavya Reddy,Net Banking,Delivered
5388,Sneha Reddy,USB Hub,Accessories,15,600,9000,2023-05-13,Mumbai,West,Priya Nair,UPI,Processing
5389,Pooja Gupta,Speaker,Electronics,8,4500,36000,2023-11-07,Mumbai,West,Suresh Iyer,Net Banking,Processing
5390,Tanvi Mehta,Tablet,Electronics,13,32000,416000,2023-04-25,Ahmedabad,West,Kavya Reddy,Net Banking,Cancelled
5391,Rahul Mishra,Printer,Electronics,7,12000,84000,2023-09-02,Delhi,North,Deepak Joshi,UPI,Processing
5392,Sneha Reddy,Laptop,Electronics,14,45000,630000,2023-12-22,Jaipur,North,Anil Sharma,Cash on Delivery,Delivered
5393,Tanvi Mehta,Tablet,Electronics,7,32000,224000,2023-02-18,Jaipur,North,Meera Patel,Net Banking,Delivered
5394,Sneha Reddy,Laptop,Electronics,9,45000,405000,2023-10-01,Jaipur,North,Suresh Iyer,UPI,Shipped
5395,Rahul Mishra,Mouse,Accessories,12,800,9600,2023-12-31,Chennai,South,Priya Nair,Net Banking,Delivered
5396,Ananya Das,Mouse,Accessories,7,800,5600,2023-10-25,Chennai,South,Priya Nair,UPI,Processing
5397,Suresh Rao,Laptop,Electronics,4,45000,180000,2023-02-14,Bangalore,South,Ravi Kumar,Cash on Delivery,Processing
5398,Meera Joshi,Mouse,Accessories,8,800,6400,2023-05-02,Bangalore,South,Priya Nair,Credit Card,Processing
5399,Ananya Das,Speaker,Electronics,3,4500,13500,2023-05-15,Jaipur,North,Anil Sharma,UPI,Shipped
5400,Divya Singh,Keyboard,Accessories,5,1200,6000,2023-09-04,Chennai,South,Sunita Rao,Net Banking,Cancelled
5401,Ananya Das,Speaker,Electronics,15,4500,67500,2023-01-18,Kolkata,East,Meera Patel,Net Banking,Processing
5402,Ramesh Kumar,Webcam,Accessories,12,2500,30000,2023-08-20,Kolkata,East,Ravi Kumar,Credit Card,Delivered
5403,Priya Patel,USB Hub,Accessories,8,600,4800,2023-05-09,Delhi,North,Meera Patel,Cash on Delivery,Processing
5404,Suresh Rao,Headphones,Electronics,10,3500,35000,2023-05-21,Kolkata,East,Kavya Reddy,Cash on Delivery,Delivered
5405,Sneha Reddy,Keyboard,Accessories,9,1200,10800,2023-10-16,Delhi,North,Sunita Rao,UPI,Cancelled
5406,Divya Singh,Laptop,Electronics,6,45000,270000,2023-01-16,Pune,West,Suresh Iyer,Credit Card,Shipped
5407,Vikram Iyer,Keyboard,Accessories,15,1200,18000,2023-10-05,Bangalore,South,Meera Patel,Credit Card,Processing
5408,Rahul Mishra,USB Hub,Accessories,5,600,3000,2023-08-03,Hyderabad,South,Priya Nair,UPI,Delivered
5409,Suresh Rao,Headphones,Electronics,6,3500,21000,2023-06-15,Kolkata,East,Priya Nair,Net Banking,Delivered
5410,Meera Joshi,Keyboard,Accessories,4,1200,4800,2023-12-28,Pune,West,Suresh Iyer,Credit Card,Cancelled
5411,Ananya Das,Tablet,Electronics,13,32000,416000,2023-10-03,Jaipur,North,Deepak Joshi,UPI,Shipped
5412,Ananya Das,Keyboard,Accessories,7,1200,8400,2023-04-09,Jaipur,North,Anil Sharma,Net Banking,Cancelled
5413,Pooja Gupta,Laptop,Electronics,9,45000,405000,2023-04-02,Mumbai,West,Meera Patel,Cash on Delivery,Cancelled
5414,Ramesh Kumar,Keyboard,Accessories,15,1200,18000,2023-10-16,Pune,West,Ravi Kumar,UPI,Shipped
5415,Meera Joshi,Laptop,Electronics,8,45000,360000,2023-07-11,Surat,West,Anil Sharma,Cash on Delivery,Delivered
5416,Vikram Iyer,Tablet,Electronics,1,32000,32000,2023-08-10,Surat,West,Kavya Reddy,Credit Card,Delivered
5417,Ramesh Kumar,Webcam,Accessories,3,2500,7500,2023-01-20,Delhi,North,Meera Patel,UPI,Processing
5418,Kiran Kumar,Headphones,Electronics,1,3500,3500,2023-08-23,Surat,West,Kavya Reddy,UPI,Delivered
5419,Rahul Mishra,USB Hub,Accessories,12,600,7200,2023-02-07,Bangalore,South,Meera Patel,UPI,Shipped
5420,Amit Verma,Speaker,Electronics,12,4500,54000,2023-11-02,Delhi,North,Suresh Iyer,UPI,Delivered
5421,Divya Singh,Laptop,Electronics,4,45000,180000,2023-01-13,Kolkata,East,Sunita Rao,UPI,Shipped
5422,Tanvi Mehta,USB Hub,Accessories,14,600,8400,2023-01-29,Mumbai,West,Ravi Kumar,UPI,Shipped
5423,Amit Verma,Tablet,Electronics,12,32000,384000,2023-05-24,Jaipur,North,Kavya Reddy,Credit Card,Processing
5424,Divya Singh,Headphones,Electronics,9,3500,31500,2023-06-15,Surat,West,Kavya Reddy,UPI,Shipped
5425,Amit Verma,Laptop,Electronics,4,45000,180000,2023-03-19,Pune,West,Anil Sharma,Credit Card,Shipped
5426,Tanvi Mehta,USB Hub,Accessories,9,600,5400,2023-01-28,Surat,West,Deepak Joshi,Net Banking,Cancelled
5427,Meera Joshi,USB Hub,Accessories,9,600,5400,2023-10-24,Kolkata,East,Ravi Kumar,Net Banking,Cancelled
5428,Kiran Kumar,USB Hub,Accessories,14,600,8400,2023-10-18,Mumbai,West,Anil Sharma,Cash on Delivery,Processing
5429,Arjun Nair,Tablet,Electronics,12,32000,384000,2023-11-18,Bangalore,South,Priya Nair,UPI,Processing
5430,Divya Singh,Tablet,Electronics,8,32000,256000,2023-10-09,Chennai,South,Deepak Joshi,Cash on Delivery,Cancelled
5431,Divya Singh,Printer,Electronics,5,12000,60000,2023-01-08,Ahmedabad,West,Anil Sharma,Net Banking,Cancelled
5432,Suresh Rao,Webcam,Accessories,8,2500,20000,2023-08-23,Jaipur,North,Anil Sharma,Cash on Delivery,Delivered
5433,Ananya Das,Keyboard,Accessories,9,1200,10800,2023-09-14,Surat,West,Kavya Reddy,UPI,Processing
5434,Suresh Rao,Keyboard,Accessories,9,1200,10800,2023-02-01,Pune,West,Ravi Kumar,UPI,Cancelled
5435,Divya Singh,Monitor,Electronics,5,22000,110000,2023-03-03,Pune,West,Anil Sharma,Credit Card,Processing
5436,Rahul Mishra,Mouse,Accessories,2,800,1600,2023-11-27,Jaipur,North,Suresh Iyer,Credit Card,Processing
5437,Ramesh Kumar,USB Hub,Accessories,9,600,5400,2023-09-21,Pune,West,Meera Patel,Credit Card,Cancelled
5438,Kavya Nambiar,USB Hub,Accessories,8,600,4800,2023-10-23,Hyderabad,South,Priya Nair,Credit Card,Shipped
5439,Tanvi Mehta,Tablet,Electronics,9,32000,288000,2023-04-08,Surat,West,Sunita Rao,UPI,Processing
5440,Sneha Reddy,Keyboard,Accessories,11,1200,13200,2023-07-04,Ahmedabad,West,Priya Nair,Net Banking,Delivered
5441,Ananya Das,USB Hub,Accessories,2,600,1200,2023-10-23,Mumbai,West,Sunita Rao,Net Banking,Delivered
5442,Priya Patel,Printer,Electronics,1,12000,12000,2023-12-26,Jaipur,North,Kavya Reddy,Credit Card,Cancelled
5443,Ramesh Kumar,Tablet,Electronics,6,32000,192000,2023-03-29,Delhi,North,Kavya Reddy,Cash on Delivery,Delivered
5444,Ramesh Kumar,Laptop,Electronics,14,45000,630000,2023-05-27,Jaipur,North,Deepak Joshi,UPI,Shipped
5445,Pooja Gupta,USB Hub,Accessories,10,600,6000,2023-07-10,Ahmedabad,West,Kavya Reddy,Cash on Delivery,Cancelled
5446,Vikram Iyer,Keyboard,Accessories,7,1200,8400,2023-02-12,Hyderabad,South,Anil Sharma,Net Banking,Delivered
5447,Tanvi Mehta,Monitor,Electronics,15,22000,330000,2023-10-20,Mumbai,West,Anil Sharma,Credit Card,Cancelled
5448,Pooja Gupta,Laptop,Electronics,8,45000,360000,2023-10-12,Delhi,North,Priya Nair,Credit Card,Shipped
5449,Meera Joshi,Laptop,Electronics,1,45000,45000,2023-03-18,Kolkata,East,Deepak Joshi,Cash on Delivery,Shipped
5450,Priya Patel,Mouse,Accessories,3,800,2400,2023-01-17,Surat,West,Anil Sharma,UPI,Cancelled
5451,Divya Singh,Webcam,Accessories,13,2500,32500,2023-11-05,Surat,West,Deepak Joshi,Cash on Delivery,Processing
5452,Ananya Das,Mouse,Accessories,7,800,5600,2023-06-14,Surat,West,Kavya Reddy,Net Banking,Processing
5453,Vikram Iyer,Keyboard,Accessories,3,1200,3600,2023-07-16,Kolkata,East,Deepak Joshi,UPI,Delivered
5454,Priya Patel,Headphones,Electronics,7,3500,24500,2023-05-26,Delhi,North,Priya Nair,UPI,Cancelled
5455,Kavya Nambiar,Headphones,Electronics,13,3500,45500,2023-12-15,Mumbai,West,Priya Nair,Credit Card,Shipped
5456,Suresh Rao,Mouse,Accessories,15,800,12000,2023-11-10,Jaipur,North,Meera Patel,Cash on Delivery,Cancelled
5457,Ananya Das,USB Hub,Accessories,13,600,7800,2023-12-18,Surat,West,Kavya Reddy,Cash on Delivery,Delivered
5458,Meera Joshi,USB Hub,Accessories,14,600,8400,2023-09-29,Mumbai,West,Priya Nair,Cash on Delivery,Delivered
5459,Ramesh Kumar,Tablet,Electronics,10,32000,320000,2023-12-03,Hyderabad,South,Priya Nair,Net Banking,Cancelled
5460,Arjun Nair,Printer,Electronics,2,12000,24000,2023-05-21,Ahmedabad,West,Anil Sharma,Credit Card,Shipped
5461,Arjun Nair,Webcam,Accessories,7,2500,17500,2023-03-29,Ahmedabad,West,Anil Sharma,Net Banking,Cancelled
5462,Ananya Das,Headphones,Electronics,6,3500,21000,2023-01-14,Hyderabad,South,Suresh Iyer,UPI,Shipped
5463,Meera Joshi,Headphones,Electronics,13,3500,45500,2023-05-05,Kolkata,East,Ravi Kumar,Cash on Delivery,Delivered
5464,Ramesh Kumar,Monitor,Electronics,2,22000,44000,2023-12-21,Delhi,North,Priya Nair,Credit Card,Processing
5465,Ananya Das,USB Hub,Accessories,15,600,9000,2023-09-19,Pune,West,Priya Nair,UPI,Shipped
5466,Kiran Kumar,Monitor,Electronics,6,22000,132000,2023-10-23,Chennai,South,Sunita Rao,UPI,Delivered
5467,Pooja Gupta,Tablet,Electronics,11,32000,352000,2023-05-21,Chennai,South,Anil Sharma,Credit Card,Shipped
5468,Meera Joshi,Keyboard,Accessories,5,1200,6000,2023-03-21,Pune,West,Kavya Reddy,UPI,Delivered
5469,Kavya Nambiar,Webcam,Accessories,5,2500,12500,2023-10-07,Kolkata,East,Ravi Kumar,Cash on Delivery,Delivered
5470,Divya Singh,Speaker,Electronics,2,4500,9000,2023-05-25,Bangalore,South,Deepak Joshi,Net Banking,Cancelled
5471,Amit Verma,Headphones,Electronics,1,3500,3500,2023-05-31,Pune,West,Meera Patel,Cash on Delivery,Delivered
5472,Vikram Iyer,Tablet,Electronics,15,32000,480000,2023-05-10,Ahmedabad,West,Kavya Reddy,UPI,Delivered
5473,Amit Verma,Headphones,Electronics,2,3500,7000,2023-08-23,Pune,West,Kavya Reddy,Net Banking,Delivered
5474,Ananya Das,Headphones,Electronics,13,3500,45500,2023-03-15,Kolkata,East,Ravi Kumar,Cash on Delivery,Cancelled
5475,Rahul Mishra,USB Hub,Accessories,15,600,9000,2023-09-15,Surat,West,Kavya Reddy,Cash on Delivery,Cancelled
5476,Rahul Mishra,Webcam,Accessories,5,2500,12500,2023-06-18,Hyderabad,South,Deepak Joshi,Cash on Delivery,Processing
5477,Priya Patel,Monitor,Electronics,5,22000,110000,2023-01-03,Chennai,South,Ravi Kumar,UPI,Cancelled
5478,Amit Verma,Laptop,Electronics,10,45000,450000,2023-08-11,Kolkata,East,Kavya Reddy,Net Banking,Delivered
5479,Tanvi Mehta,Speaker,Electronics,5,4500,22500,2023-07-12,Chennai,South,Meera Patel,Credit Card,Delivered
5480,Arjun Nair,Keyboard,Accessories,14,1200,16800,2023-09-28,Hyderabad,South,Deepak Joshi,Cash on Delivery,Shipped
5481,Tanvi Mehta,USB Hub,Accessories,7,600,4200,2023-03-02,Kolkata,East,Sunita Rao,Net Banking,Cancelled
5482,Amit Verma,Printer,Electronics,3,12000,36000,2023-12-28,Pune,West,Meera Patel,Credit Card,Cancelled
5483,Arjun Nair,Laptop,Electronics,6,45000,270000,2023-11-11,Pune,West,Anil Sharma,Net Banking,Shipped
5484,Pooja Gupta,Monitor,Electronics,1,22000,22000,2023-03-09,Pune,West,Ravi Kumar,Cash on Delivery,Processing
5485,Kavya Nambiar,Mouse,Accessories,1,800,800,2023-04-20,Chennai,South,Kavya Reddy,UPI,Cancelled
5486,Vikram Iyer,Monitor,Electronics,7,22000,154000,2023-11-22,Ahmedabad,West,Ravi Kumar,Net Banking,Processing
5487,Kavya Nambiar,Tablet,Electronics,7,32000,224000,2023-04-07,Kolkata,East,Sunita Rao,Credit Card,Shipped
5488,Ramesh Kumar,Monitor,Electronics,9,22000,198000,2023-12-24,Chennai,South,Kavya Reddy,UPI,Cancelled
5489,Kiran Kumar,Printer,Electronics,15,12000,180000,2023-07-22,Mumbai,West,Sunita Rao,Net Banking,Processing
5490,Meera Joshi,Webcam,Accessories,14,2500,35000,2023-09-19,Surat,West,Suresh Iyer,Cash on Delivery,Shipped
5491,Kavya Nambiar,Webcam,Accessories,6,2500,15000,2023-12-29,Pune,West,Deepak Joshi,Credit Card,Delivered
5492,Amit Verma,Keyboard,Accessories,11,1200,13200,2023-09-25,Ahmedabad,West,Priya Nair,UPI,Delivered
5493,Kiran Kumar,Keyboard,Accessories,12,1200,14400,2023-10-04,Ahmedabad,West,Suresh Iyer,Credit Card,Processing
5494,Tanvi Mehta,Speaker,Electronics,7,4500,31500,2023-10-29,Hyderabad,South,Deepak Joshi,UPI,Shipped
5495,Meera Joshi,Printer,Electronics,8,12000,96000,2023-01-19,Hyderabad,South,Ravi Kumar,Credit Card,Shipped
5496,Amit Verma,Monitor,Electronics,14,22000,308000,2023-12-12,Chennai,South,Kavya Reddy,Credit Card,Shipped
5497,Sneha Reddy,Mouse,Accessories,15,800,12000,2023-01-09,Bangalore,South,Suresh Iyer,Cash on Delivery,Cancelled
5498,Tanvi Mehta,Headphones,Electronics,13,3500,45500,2023-08-15,Bangalore,South,Kavya Reddy,Cash on Delivery,Shipped
5499,Suresh Rao,USB Hub,Accessories,12,600,7200,2023-12-06,Ahmedabad,West,Priya Nair,UPI,Cancelled
5500,Ramesh Kumar,Keyboard,Accessories,8,1200,9600,2023-07-13,Ahmedabad,West,Meera Patel,UPI,Delivered
5501,Sneha Reddy,Printer,Electronics,8,12000,96000,2023-10-15,Jaipur,North,Deepak Joshi,Cash on Delivery,Delivered
5502,Rahul Mishra,Laptop,Electronics,3,45000,135000,2023-12-07,Pune,West,Meera Patel,UPI,Processing
5503,Meera Joshi,Webcam,Accessories,8,2500,20000,2023-05-05,Kolkata,East,Suresh Iyer,UPI,Shipped
5504,Pooja Gupta,Keyboard,Accessories,8,1200,9600,2023-11-26,Jaipur,North,Anil Sharma,Credit Card,Processing
5505,Meera Joshi,Webcam,Accessories,6,2500,15000,2023-09-29,Chennai,South,Kavya Reddy,UPI,Delivered
5506,Vikram Iyer,Keyboard,Accessories,4,1200,4800,2023-11-22,Jaipur,North,Ravi Kumar,UPI,Processing
5507,Amit Verma,Tablet,Electronics,5,32000,160000,2023-12-30,Mumbai,West,Deepak Joshi,Credit Card,Shipped
5508,Tanvi Mehta,Webcam,Accessories,6,2500,15000,2023-05-29,Kolkata,East,Suresh Iyer,UPI,Cancelled
5509,Priya Patel,Tablet,Electronics,5,32000,160000,2023-02-23,Mumbai,West,Suresh Iyer,Cash on Delivery,Delivered
5510,Suresh Rao,Webcam,Accessories,7,2500,17500,2023-11-23,Surat,West,Deepak Joshi,Cash on Delivery,Cancelled
5511,Kiran Kumar,Mouse,Accessories,7,800,5600,2023-06-25,Ahmedabad,West,Anil Sharma,Net Banking,Processing
5512,Kiran Kumar,Printer,Electronics,12,12000,144000,2023-12-10,Hyderabad,South,Kavya Reddy,UPI,Shipped
5513,Pooja Gupta,Keyboard,Accessories,10,1200,12000,2023-02-06,Bangalore,South,Ravi Kumar,Net Banking,Processing
5514,Divya Singh,Webcam,Accessories,8,2500,20000,2023-12-20,Ahmedabad,West,Anil Sharma,Credit Card,Cancelled
5515,Arjun Nair,Keyboard,Accessories,11,1200,13200,2023-11-11,Chennai,South,Priya Nair,Net Banking,Shipped
5516,Kiran Kumar,USB Hub,Accessories,1,600,600,2023-09-07,Hyderabad,South,Anil Sharma,Net Banking,Shipped
5517,Sneha Reddy,Laptop,Electronics,3,45000,135000,2023-01-25,Delhi,North,Meera Patel,Credit Card,Delivered
5518,Kavya Nambiar,Mouse,Accessories,8,800,6400,2023-02-16,Ahmedabad,West,Suresh Iyer,UPI,Shipped
5519,Ananya Das,Mouse,Accessories,7,800,5600,2023-10-09,Kolkata,East,Anil Sharma,Net Banking,Delivered
5520,Priya Patel,Laptop,Electronics,11,45000,495000,2023-01-09,Ahmedabad,West,Priya Nair,UPI,Shipped
5521,Meera Joshi,Tablet,Electronics,14,32000,448000,2023-04-12,Hyderabad,South,Suresh Iyer,Cash on Delivery,Delivered
5522,Rahul Mishra,Keyboard,Accessories,8,1200,9600,2023-03-26,Jaipur,North,Kavya Reddy,Credit Card,Processing
5523,Vikram Iyer,USB Hub,Accessories,10,600,6000,2023-08-09,Kolkata,East,Priya Nair,Cash on Delivery,Processing
5524,Meera Joshi,Webcam,Accessories,6,2500,15000,2023-10-18,Jaipur,North,Priya Nair,Net Banking,Delivered
5525,Sneha Reddy,Webcam,Accessories,15,2500,37500,2023-11-29,Kolkata,East,Suresh Iyer,UPI,Delivered
5526,Meera Joshi,Tablet,Electronics,5,32000,160000,2023-09-21,Delhi,North,Deepak Joshi,Credit Card,Shipped
5527,Meera Joshi,Speaker,Electronics,3,4500,13500,2023-12-20,Kolkata,East,Ravi Kumar,Net Banking,Shipped
5528,Suresh Rao,Laptop,Electronics,15,45000,675000,2023-12-09,Jaipur,North,Ravi Kumar,Credit Card,Cancelled
5529,Ananya Das,Webcam,Accessories,14,2500,35000,2023-02-04,Delhi,North,Ravi Kumar,Credit Card,Processing
5530,Arjun Nair,Webcam,Accessories,5,2500,12500,2023-12-30,Jaipur,North,Priya Nair,UPI,Delivered
5531,Amit Verma,Mouse,Accessories,13,800,10400,2023-12-07,Mumbai,West,Kavya Reddy,Cash on Delivery,Processing
5532,Pooja Gupta,Tablet,Electronics,1,32000,32000,2023-09-20,Chennai,South,Ravi Kumar,Net Banking,Delivered
5533,Amit Verma,Mouse,Accessories,11,800,8800,2023-05-04,Kolkata,East,Sunita Rao,UPI,Processing
5534,Amit Verma,Headphones,Electronics,12,3500,42000,2023-12-26,Mumbai,West,Meera Patel,Cash on Delivery,Shipped
5535,Priya Patel,Headphones,Electronics,10,3500,35000,2023-05-09,Mumbai,West,Ravi Kumar,Credit Card,Delivered
5536,Ananya Das,Webcam,Accessories,6,2500,15000,2023-09-02,Bangalore,South,Priya Nair,Credit Card,Delivered
5537,Priya Patel,Headphones,Electronics,10,3500,35000,2023-05-10,Jaipur,North,Ravi Kumar,UPI,Shipped
5538,Priya Patel,Webcam,Accessories,7,2500,17500,2023-01-05,Hyderabad,South,Sunita Rao,Credit Card,Shipped
5539,Pooja Gupta,Headphones,Electronics,5,3500,17500,2023-09-15,Chennai,South,Priya Nair,Cash on Delivery,Delivered
5540,Ananya Das,Mouse,Accessories,10,800,8000,2023-12-18,Chennai,South,Suresh Iyer,UPI,Cancelled
5541,Amit Verma,USB Hub,Accessories,7,600,4200,2023-02-14,Ahmedabad,West,Kavya Reddy,UPI,Processing
5542,Amit Verma,Keyboard,Accessories,13,1200,15600,2023-03-01,Delhi,North,Anil Sharma,UPI,Delivered
5543,Ramesh Kumar,Mouse,Accessories,2,800,1600,2023-04-25,Ahmedabad,West,Sunita Rao,Net Banking,Processing
5544,Rahul Mishra,Printer,Electronics,3,12000,36000,2023-11-13,Mumbai,West,Anil Sharma,Credit Card,Cancelled
5545,Amit Verma,USB Hub,Accessories,13,600,7800,2023-07-04,Hyderabad,South,Meera Patel,Credit Card,Delivered
5546,Amit Verma,Speaker,Electronics,1,4500,4500,2023-09-20,Surat,West,Sunita Rao,UPI,Shipped
5547,Sneha Reddy,Webcam,Accessories,9,2500,22500,2023-12-23,Pune,West,Sunita Rao,Cash on Delivery,Shipped
5548,Kiran Kumar,Mouse,Accessories,15,800,12000,2023-11-17,Pune,West,Kavya Reddy,Credit Card,Processing
5549,Kavya Nambiar,Monitor,Electronics,2,22000,44000,2023-01-06,Jaipur,North,Meera Patel,Credit Card,Delivered
5550,Meera Joshi,Printer,Electronics,5,12000,60000,2023-01-19,Jaipur,North,Anil Sharma,Credit Card,Shipped
5551,Arjun Nair,Mouse,Accessories,1,800,800,2023-05-08,Bangalore,South,Deepak Joshi,Net Banking,Cancelled
5552,Tanvi Mehta,Laptop,Electronics,2,45000,90000,2023-05-12,Jaipur,North,Kavya Reddy,Cash on Delivery,Processing
5553,Suresh Rao,Laptop,Electronics,8,45000,360000,2023-06-27,Jaipur,North,Ravi Kumar,Net Banking,Cancelled
5554,Suresh Rao,Keyboard,Accessories,2,1200,2400,2023-07-13,Chennai,South,Meera Patel,Credit Card,Cancelled
5555,Vikram Iyer,Laptop,Electronics,11,45000,495000,2023-09-12,Chennai,South,Sunita Rao,Credit Card,Delivered
5556,Sneha Reddy,Webcam,Accessories,14,2500,35000,2023-01-16,Jaipur,North,Suresh Iyer,UPI,Delivered
5557,Ramesh Kumar,USB Hub,Accessories,14,600,8400,2023-08-25,Pune,West,Anil Sharma,Net Banking,Processing
5558,Kiran Kumar,USB Hub,Accessories,14,600,8400,2023-07-23,Surat,West,Meera Patel,UPI,Shipped
5559,Divya Singh,Mouse,Accessories,1,800,800,2023-01-15,Jaipur,North,Sunita Rao,Net Banking,Delivered
5560,Arjun Nair,Laptop,Electronics,8,45000,360000,2023-02-03,Surat,West,Anil Sharma,Cash on Delivery,Shipped
5561,Sneha Reddy,Mouse,Accessories,4,800,3200,2023-06-02,Bangalore,South,Anil Sharma,Cash on Delivery,Processing
5562,Tanvi Mehta,Printer,Electronics,5,12000,60000,2023-05-27,Jaipur,North,Meera Patel,UPI,Shipped
5563,Kavya Nambiar,Tablet,Electronics,10,32000,320000,2023-01-03,Kolkata,East,Kavya Reddy,UPI,Shipped
5564,Kavya Nambiar,Printer,Electronics,15,12000,180000,2023-10-05,Kolkata,East,Ravi Kumar,Net Banking,Processing
5565,Sneha Reddy,Headphones,Electronics,6,3500,21000,2023-02-27,Kolkata,East,Sunita Rao,Cash on Delivery,Delivered
5566,Suresh Rao,Mouse,Accessories,9,800,7200,2023-03-26,Hyderabad,South,Meera Patel,Cash on Delivery,Cancelled
5567,Rahul Mishra,Printer,Electronics,15,12000,180000,2023-04-16,Ahmedabad,West,Kavya Reddy,UPI,Cancelled
5568,Rahul Mishra,Speaker,Electronics,3,4500,13500,2023-05-04,Chennai,South,Anil Sharma,Credit Card,Processing
5569,Meera Joshi,Mouse,Accessories,5,800,4000,2023-08-13,Pune,West,Deepak Joshi,Cash on Delivery,Cancelled
5570,Pooja Gupta,Headphones,Electronics,7,3500,24500,2023-09-03,Ahmedabad,West,Deepak Joshi,Credit Card,Cancelled
5571,Amit Verma,Mouse,Accessories,13,800,10400,2023-02-15,Jaipur,North,Anil Sharma,Cash on Delivery,Shipped
5572,Tanvi Mehta,Monitor,Electronics,6,22000,132000,2023-06-26,Jaipur,North,Ravi Kumar,Cash on Delivery,Cancelled
5573,Meera Joshi,USB Hub,Accessories,2,600,1200,2023-05-14,Mumbai,West,Deepak Joshi,Credit Card,Delivered
5574,Meera Joshi,Monitor,Electronics,5,22000,110000,2023-02-10,Hyderabad,South,Kavya Reddy,UPI,Delivered
5575,Tanvi Mehta,Headphones,Electronics,12,3500,42000,2023-07-14,Chennai,South,Sunita Rao,Credit Card,Cancelled
5576,Arjun Nair,Printer,Electronics,2,12000,24000,2023-02-22,Pune,West,Suresh Iyer,Credit Card,Shipped
5577,Ananya Das,USB Hub,Accessories,2,600,1200,2023-09-22,Delhi,North,Ravi Kumar,Cash on Delivery,Delivered
5578,Vikram Iyer,Webcam,Accessories,6,2500,15000,2023-12-30,Kolkata,East,Deepak Joshi,Cash on Delivery,Processing
5579,Rahul Mishra,Headphones,Electronics,12,3500,42000,2023-07-23,Bangalore,South,Meera Patel,Cash on Delivery,Processing
5580,Arjun Nair,Mouse,Accessories,8,800,6400,2023-02-15,Jaipur,North,Anil Sharma,UPI,Processing
5581,Kavya Nambiar,Headphones,Electronics,5,3500,17500,2023-06-23,Kolkata,East,Priya Nair,Cash on Delivery,Cancelled
5582,Kavya Nambiar,Laptop,Electronics,4,45000,180000,2023-01-04,Mumbai,West,Sunita Rao,Credit Card,Cancelled
5583,Sneha Reddy,Keyboard,Accessories,8,1200,9600,2023-03-18,Bangalore,South,Suresh Iyer,Cash on Delivery,Processing
5584,Pooja Gupta,Keyboard,Accessories,11,1200,13200,2023-08-16,Delhi,North,Meera Patel,Cash on Delivery,Shipped
5585,Ananya Das,Printer,Electronics,11,12000,132000,2023-01-29,Kolkata,East,Priya Nair,Cash on Delivery,Delivered
5586,Suresh Rao,Speaker,Electronics,5,4500,22500,2023-01-16,Chennai,South,Sunita Rao,Cash on Delivery,Processing
5587,Sneha Reddy,Laptop,Electronics,2,45000,90000,2023-02-05,Ahmedabad,West,Suresh Iyer,Net Banking,Delivered
5588,Vikram Iyer,Mouse,Accessories,14,800,11200,2023-09-28,Hyderabad,South,Deepak Joshi,Net Banking,Shipped
5589,Pooja Gupta,Tablet,Electronics,1,32000,32000,2023-01-08,Jaipur,North,Suresh Iyer,UPI,Cancelled
5590,Ananya Das,Speaker,Electronics,12,4500,54000,2023-12-05,Kolkata,East,Priya Nair,Credit Card,Processing
5591,Arjun Nair,Keyboard,Accessories,6,1200,7200,2023-05-11,Surat,West,Suresh Iyer,Cash on Delivery,Processing
5592,Pooja Gupta,Headphones,Electronics,14,3500,49000,2023-02-13,Bangalore,South,Kavya Reddy,Net Banking,Cancelled
5593,Rahul Mishra,Keyboard,Accessories,6,1200,7200,2023-03-28,Jaipur,North,Anil Sharma,Credit Card,Delivered
5594,Sneha Reddy,USB Hub,Accessories,11,600,6600,2023-08-17,Delhi,North,Deepak Joshi,Net Banking,Cancelled
5595,Ananya Das,Speaker,Electronics,12,4500,54000,2023-06-13,Hyderabad,South,Ravi Kumar,UPI,Processing
5596,Rahul Mishra,Monitor,Electronics,12,22000,264000,2023-04-19,Pune,West,Meera Patel,UPI,Cancelled
5597,Pooja Gupta,Headphones,Electronics,10,3500,35000,2023-09-07,Ahmedabad,West,Sunita Rao,Credit Card,Delivered
5598,Rahul Mishra,Monitor,Electronics,1,22000,22000,2023-08-27,Jaipur,North,Sunita Rao,UPI,Processing
5599,Pooja Gupta,Webcam,Accessories,7,2500,17500,2023-02-08,Jaipur,North,Meera Patel,Credit Card,Processing
5600,Priya Patel,Speaker,Electronics,9,4500,40500,2023-05-25,Hyderabad,South,Deepak Joshi,UPI,Shipped
5601,Suresh Rao,Webcam,Accessories,13,2500,32500,2023-03-18,Kolkata,East,Meera Patel,UPI,Cancelled
5602,Pooja Gupta,Keyboard,Accessories,13,1200,15600,2023-08-30,Ahmedabad,West,Priya Nair,Cash on Delivery,Cancelled
5603,Sneha Reddy,Speaker,Electronics,2,4500,9000,2023-12-04,Ahmedabad,West,Anil Sharma,UPI,Cancelled
5604,Divya Singh,Webcam,Accessories,5,2500,12500,2023-11-23,Pune,West,Kavya Reddy,Credit Card,Delivered
5605,Tanvi Mehta,Webcam,Accessories,9,2500,22500,2023-03-08,Ahmedabad,West,Sunita Rao,Cash on Delivery,Delivered
5606,Tanvi Mehta,Printer,Electronics,5,12000,60000,2023-02-07,Surat,West,Anil Sharma,Cash on Delivery,Delivered
5607,Arjun Nair,Monitor,Electronics,2,22000,44000,2023-02-08,Pune,West,Suresh Iyer,Net Banking,Processing
5608,Kavya Nambiar,USB Hub,Accessories,2,600,1200,2023-10-26,Delhi,North,Meera Patel,Credit Card,Cancelled
5609,Kavya Nambiar,Webcam,Accessories,3,2500,7500,2023-06-04,Hyderabad,South,Kavya Reddy,UPI,Processing
5610,Divya Singh,Keyboard,Accessories,8,1200,9600,2023-12-09,Chennai,South,Deepak Joshi,Cash on Delivery,Cancelled
5611,Rahul Mishra,Laptop,Electronics,8,45000,360000,2023-10-14,Mumbai,West,Sunita Rao,UPI,Processing
5612,Amit Verma,Mouse,Accessories,6,800,4800,2023-02-18,Bangalore,South,Sunita Rao,Credit Card,Shipped
5613,Ananya Das,Keyboard,Accessories,8,1200,9600,2023-10-20,Pune,West,Anil Sharma,Cash on Delivery,Cancelled
5614,Kiran Kumar,USB Hub,Accessories,3,600,1800,2023-10-05,Mumbai,West,Priya Nair,UPI,Shipped
5615,Kiran Kumar,Speaker,Electronics,8,4500,36000,2023-02-02,Kolkata,East,Deepak Joshi,Cash on Delivery,Shipped
5616,Sneha Reddy,Monitor,Electronics,14,22000,308000,2023-01-08,Mumbai,West,Kavya Reddy,Credit Card,Delivered
5617,Divya Singh,Tablet,Electronics,13,32000,416000,2023-05-06,Mumbai,West,Anil Sharma,Cash on Delivery,Cancelled
5618,Divya Singh,Speaker,Electronics,3,4500,13500,2023-01-19,Chennai,South,Anil Sharma,UPI,Processing
5619,Vikram Iyer,Printer,Electronics,10,12000,120000,2023-03-21,Hyderabad,South,Suresh Iyer,Cash on Delivery,Processing
5620,Tanvi Mehta,Printer,Electronics,14,12000,168000,2023-07-29,Jaipur,North,Ravi Kumar,Cash on Delivery,Processing
5621,Vikram Iyer,Laptop,Electronics,13,45000,585000,2023-05-27,Jaipur,North,Deepak Joshi,Net Banking,Cancelled
5622,Divya Singh,Webcam,Accessories,3,2500,7500,2023-08-07,Jaipur,North,Suresh Iyer,Net Banking,Processing
5623,Rahul Mishra,Monitor,Electronics,9,22000,198000,2023-03-24,Surat,West,Sunita Rao,Cash on Delivery,Processing
5624,Ramesh Kumar,Tablet,Electronics,10,32000,320000,2023-06-29,Jaipur,North,Anil Sharma,UPI,Processing
5625,Ramesh Kumar,Webcam,Accessories,13,2500,32500,2023-03-18,Bangalore,South,Ravi Kumar,Cash on Delivery,Shipped
5626,Sneha Reddy,USB Hub,Accessories,4,600,2400,2023-01-30,Surat,West,Ravi Kumar,Cash on Delivery,Processing
5627,Divya Singh,Webcam,Accessories,15,2500,37500,2023-07-10,Bangalore,South,Meera Patel,UPI,Delivered
5628,Suresh Rao,Speaker,Electronics,8,4500,36000,2023-05-13,Mumbai,West,Anil Sharma,Cash on Delivery,Shipped
5629,Meera Joshi,Webcam,Accessories,7,2500,17500,2023-09-21,Delhi,North,Ravi Kumar,UPI,Processing
5630,Meera Joshi,Tablet,Electronics,12,32000,384000,2023-09-03,Pune,West,Sunita Rao,UPI,Processing
5631,Ananya Das,Printer,Electronics,8,12000,96000,2023-11-21,Chennai,South,Anil Sharma,Credit Card,Processing
5632,Ananya Das,Mouse,Accessories,12,800,9600,2023-07-28,Pune,West,Meera Patel,UPI,Shipped
5633,Arjun Nair,Tablet,Electronics,4,32000,128000,2023-04-22,Pune,West,Ravi Kumar,UPI,Processing
5634,Sneha Reddy,USB Hub,Accessories,13,600,7800,2023-09-24,Bangalore,South,Kavya Reddy,UPI,Shipped
5635,Suresh Rao,Tablet,Electronics,3,32000,96000,2023-06-22,Bangalore,South,Meera Patel,Credit Card,Delivered
5636,Kavya Nambiar,Mouse,Accessories,12,800,9600,2023-08-30,Chennai,South,Anil Sharma,Credit Card,Processing
5637,Sneha Reddy,Keyboard,Accessories,5,1200,6000,2023-01-18,Chennai,South,Kavya Reddy,Credit Card,Processing
5638,Vikram Iyer,Mouse,Accessories,4,800,3200,2023-04-11,Chennai,South,Sunita Rao,UPI,Processing
5639,Amit Verma,Webcam,Accessories,11,2500,27500,2023-02-12,Pune,West,Priya Nair,Cash on Delivery,Delivered
5640,Priya Patel,Headphones,Electronics,4,3500,14000,2023-08-14,Jaipur,North,Priya Nair,Credit Card,Cancelled
5641,Rahul Mishra,USB Hub,Accessories,11,600,6600,2023-07-17,Surat,West,Anil Sharma,Cash on Delivery,Processing
5642,Pooja Gupta,Webcam,Accessories,5,2500,12500,2023-06-04,Kolkata,East,Ravi Kumar,Credit Card,Processing
5643,Divya Singh,Tablet,Electronics,13,32000,416000,2023-04-24,Ahmedabad,West,Ravi Kumar,Cash on Delivery,Processing
5644,Vikram Iyer,Laptop,Electronics,4,45000,180000,2023-03-16,Kolkata,East,Kavya Reddy,UPI,Cancelled
5645,Sneha Reddy,Printer,Electronics,6,12000,72000,2023-11-12,Ahmedabad,West,Deepak Joshi,UPI,Shipped
5646,Divya Singh,Speaker,Electronics,4,4500,18000,2023-11-05,Mumbai,West,Kavya Reddy,UPI,Shipped
5647,Amit Verma,Monitor,Electronics,1,22000,22000,2023-05-02,Kolkata,East,Sunita Rao,Net Banking,Cancelled
5648,Vikram Iyer,Webcam,Accessories,13,2500,32500,2023-02-11,Kolkata,East,Anil Sharma,UPI,Processing
5649,Tanvi Mehta,Laptop,Electronics,7,45000,315000,2023-08-11,Pune,West,Suresh Iyer,Credit Card,Cancelled
5650,Kiran Kumar,Tablet,Electronics,5,32000,160000,2023-09-11,Chennai,South,Kavya Reddy,Credit Card,Processing
5651,Kiran Kumar,Speaker,Electronics,11,4500,49500,2023-09-30,Surat,West,Meera Patel,UPI,Processing
5652,Sneha Reddy,Speaker,Electronics,15,4500,67500,2023-01-01,Delhi,North,Priya Nair,UPI,Processing
5653,Amit Verma,Keyboard,Accessories,7,1200,8400,2023-03-28,Jaipur,North,Sunita Rao,Net Banking,Processing
5654,Divya Singh,Speaker,Electronics,4,4500,18000,2023-12-13,Pune,West,Deepak Joshi,UPI,Cancelled
5655,Ananya Das,Mouse,Accessories,10,800,8000,2023-05-12,Surat,West,Priya Nair,Net Banking,Delivered
5656,Meera Joshi,Mouse,Accessories,10,800,8000,2023-06-28,Ahmedabad,West,Deepak Joshi,Cash on Delivery,Processing
5657,Divya Singh,USB Hub,Accessories,4,600,2400,2023-02-08,Kolkata,East,Anil Sharma,Cash on Delivery,Shipped
5658,Ramesh Kumar,Laptop,Electronics,3,45000,135000,2023-02-16,Mumbai,West,Ravi Kumar,Cash on Delivery,Shipped
5659,Pooja Gupta,USB Hub,Accessories,4,600,2400,2023-12-16,Pune,West,Ravi Kumar,Net Banking,Cancelled
5660,Kavya Nambiar,Tablet,Electronics,12,32000,384000,2023-12-27,Chennai,South,Ravi Kumar,UPI,Shipped
5661,Ananya Das,Headphones,Electronics,8,3500,28000,2023-05-18,Ahmedabad,West,Meera Patel,Credit Card,Cancelled
5662,Ananya Das,USB Hub,Accessories,13,600,7800,2023-02-19,Mumbai,West,Sunita Rao,Credit Card,Delivered
5663,Kiran Kumar,Headphones,Electronics,9,3500,31500,2023-08-09,Ahmedabad,West,Anil Sharma,Cash on Delivery,Shipped
5664,Tanvi Mehta,Keyboard,Accessories,5,1200,6000,2023-06-05,Pune,West,Kavya Reddy,UPI,Cancelled
5665,Vikram Iyer,Printer,Electronics,10,12000,120000,2023-07-05,Kolkata,East,Deepak Joshi,Credit Card,Cancelled
5666,Vikram Iyer,USB Hub,Accessories,13,600,7800,2023-11-12,Mumbai,West,Anil Sharma,UPI,Cancelled
5667,Vikram Iyer,Monitor,Electronics,5,22000,110000,2023-12-29,Pune,West,Priya Nair,Credit Card,Delivered
5668,Kavya Nambiar,Headphones,Electronics,13,3500,45500,2023-09-09,Kolkata,East,Meera Patel,Net Banking,Cancelled
5669,Arjun Nair,USB Hub,Accessories,14,600,8400,2023-06-03,Surat,West,Kavya Reddy,UPI,Shipped
5670,Tanvi Mehta,Printer,Electronics,13,12000,156000,2023-10-09,Jaipur,North,Anil Sharma,Net Banking,Shipped
5671,Meera Joshi,Printer,Electronics,1,12000,12000,2023-12-04,Surat,West,Suresh Iyer,Cash on Delivery,Processing
5672,Rahul Mishra,Monitor,Electronics,4,22000,88000,2023-08-15,Ahmedabad,West,Deepak Joshi,Cash on Delivery,Cancelled
5673,Rahul Mishra,Monitor,Electronics,9,22000,198000,2023-10-04,Surat,West,Meera Patel,Cash on Delivery,Processing
5674,Ananya Das,Mouse,Accessories,6,800,4800,2023-01-23,Hyderabad,South,Suresh Iyer,Net Banking,Shipped
5675,Pooja Gupta,Printer,Electronics,7,12000,84000,2023-03-22,Mumbai,West,Priya Nair,Credit Card,Shipped
5676,Vikram Iyer,Mouse,Accessories,9,800,7200,2023-10-20,Mumbai,West,Suresh Iyer,Net Banking,Cancelled
5677,Arjun Nair,Speaker,Electronics,5,4500,22500,2023-04-24,Bangalore,South,Meera Patel,Net Banking,Processing
5678,Amit Verma,Printer,Electronics,10,12000,120000,2023-06-18,Pune,West,Sunita Rao,UPI,Delivered
5679,Rahul Mishra,Webcam,Accessories,1,2500,2500,2023-05-01,Pune,West,Kavya Reddy,Credit Card,Delivered
5680,Meera Joshi,Printer,Electronics,1,12000,12000,2023-04-18,Ahmedabad,West,Deepak Joshi,Cash on Delivery,Processing
5681,Ananya Das,USB Hub,Accessories,1,600,600,2023-06-03,Pune,West,Anil Sharma,UPI,Cancelled
5682,Divya Singh,USB Hub,Accessories,8,600,4800,2023-05-22,Hyderabad,South,Suresh Iyer,Credit Card,Delivered
5683,Priya Patel,USB Hub,Accessories,3,600,1800,2023-04-01,Delhi,North,Priya Nair,Credit Card,Shipped
5684,Meera Joshi,Speaker,Electronics,12,4500,54000,2023-06-10,Pune,West,Suresh Iyer,Credit Card,Delivered
5685,Rahul Mishra,Laptop,Electronics,2,45000,90000,2023-06-10,Hyderabad,South,Meera Patel,UPI,Shipped
5686,Kiran Kumar,Webcam,Accessories,14,2500,35000,2023-10-06,Bangalore,South,Suresh Iyer,Credit Card,Delivered
5687,Pooja Gupta,Mouse,Accessories,6,800,4800,2023-06-11,Ahmedabad,West,Anil Sharma,Credit Card,Shipped
5688,Sneha Reddy,Speaker,Electronics,13,4500,58500,2023-09-04,Kolkata,East,Anil Sharma,Credit Card,Delivered
5689,Suresh Rao,Monitor,Electronics,14,22000,308000,2023-05-31,Bangalore,South,Priya Nair,Cash on Delivery,Delivered
5690,Rahul Mishra,Printer,Electronics,15,12000,180000,2023-07-11,Delhi,North,Anil Sharma,Cash on Delivery,Delivered
5691,Suresh Rao,Speaker,Electronics,10,4500,45000,2023-10-18,Hyderabad,South,Sunita Rao,UPI,Cancelled
5692,Meera Joshi,Webcam,Accessories,15,2500,37500,2023-07-02,Mumbai,West,Sunita Rao,Credit Card,Shipped
5693,Priya Patel,Speaker,Electronics,9,4500,40500,2023-08-13,Pune,West,Suresh Iyer,Cash on Delivery,Delivered
5694,Vikram Iyer,Tablet,Electronics,9,32000,288000,2023-01-06,Mumbai,West,Deepak Joshi,UPI,Shipped
5695,Ramesh Kumar,Keyboard,Accessories,15,1200,18000,2023-07-07,Ahmedabad,West,Kavya Reddy,Credit Card,Cancelled
5696,Sneha Reddy,Monitor,Electronics,10,22000,220000,2023-04-23,Bangalore,South,Ravi Kumar,Credit Card,Shipped
5697,Amit Verma,Headphones,Electronics,6,3500,21000,2023-03-25,Surat,West,Anil Sharma,Net Banking,Delivered
5698,Priya Patel,Laptop,Electronics,8,45000,360000,2023-12-13,Chennai,South,Kavya Reddy,Cash on Delivery,Processing
5699,Amit Verma,Printer,Electronics,6,12000,72000,2023-07-17,Ahmedabad,West,Kavya Reddy,Net Banking,Delivered
5700,Pooja Gupta,USB Hub,Accessories,2,600,1200,2023-02-04,Pune,West,Ravi Kumar,Cash on Delivery,Shipped
5701,Kiran Kumar,Laptop,Electronics,15,45000,675000,2023-01-31,Chennai,South,Priya Nair,Credit Card,Cancelled
5702,Amit Verma,Webcam,Accessories,11,2500,27500,2023-02-17,Jaipur,North,Sunita Rao,Credit Card,Cancelled
5703,Tanvi Mehta,Laptop,Electronics,9,45000,405000,2023-02-11,Delhi,North,Sunita Rao,UPI,Shipped
5704,Sneha Reddy,Speaker,Electronics,15,4500,67500,2023-04-24,Surat,West,Anil Sharma,UPI,Processing
5705,Suresh Rao,Webcam,Accessories,14,2500,35000,2023-09-18,Surat,West,Kavya Reddy,UPI,Delivered
5706,Suresh Rao,USB Hub,Accessories,4,600,2400,2023-02-28,Bangalore,South,Deepak Joshi,Net Banking,Cancelled
5707,Kavya Nambiar,Printer,Electronics,12,12000,144000,2023-11-06,Ahmedabad,West,Sunita Rao,Credit Card,Cancelled
5708,Kavya Nambiar,Monitor,Electronics,13,22000,286000,2023-07-27,Surat,West,Anil Sharma,Net Banking,Processing
5709,Priya Patel,Laptop,Electronics,3,45000,135000,2023-02-15,Kolkata,East,Ravi Kumar,Credit Card,Shipped
5710,Kiran Kumar,USB Hub,Accessories,9,600,5400,2023-03-04,Mumbai,West,Deepak Joshi,Credit Card,Delivered
5711,Kavya Nambiar,Headphones,Electronics,12,3500,42000,2023-07-28,Hyderabad,South,Anil Sharma,Credit Card,Cancelled
5712,Kavya Nambiar,Monitor,Electronics,1,22000,22000,2023-10-10,Hyderabad,South,Meera Patel,Net Banking,Cancelled
5713,Ananya Das,Speaker,Electronics,5,4500,22500,2023-05-24,Kolkata,East,Priya Nair,Credit Card,Cancelled
5714,Kavya Nambiar,Laptop,Electronics,11,45000,495000,2023-06-20,Surat,West,Anil Sharma,Cash on Delivery,Shipped
5715,Kiran Kumar,Tablet,Electronics,6,32000,192000,2023-07-23,Hyderabad,South,Meera Patel,Net Banking,Delivered
5716,Arjun Nair,Tablet,Electronics,3,32000,96000,2023-11-08,Hyderabad,South,Sunita Rao,Net Banking,Shipped
5717,Meera Joshi,Speaker,Electronics,5,4500,22500,2023-11-14,Mumbai,West,Kavya Reddy,Cash on Delivery,Cancelled
5718,Vikram Iyer,Keyboard,Accessories,14,1200,16800,2023-04-08,Kolkata,East,Deepak Joshi,Cash on Delivery,Cancelled
5719,Suresh Rao,USB Hub,Accessories,2,600,1200,2023-11-04,Surat,West,Priya Nair,UPI,Delivered
5720,Divya Singh,Monitor,Electronics,14,22000,308000,2023-05-27,Pune,West,Ravi Kumar,Cash on Delivery,Delivered
5721,Kiran Kumar,Tablet,Electronics,11,32000,352000,2023-12-31,Hyderabad,South,Priya Nair,Credit Card,Shipped
5722,Kiran Kumar,USB Hub,Accessories,10,600,6000,2023-08-17,Bangalore,South,Sunita Rao,Credit Card,Cancelled
5723,Kiran Kumar,USB Hub,Accessories,13,600,7800,2023-10-04,Bangalore,South,Suresh Iyer,Credit Card,Shipped
5724,Arjun Nair,Headphones,Electronics,9,3500,31500,2023-03-07,Surat,West,Suresh Iyer,Cash on Delivery,Cancelled
5725,Kiran Kumar,Laptop,Electronics,7,45000,315000,2023-07-09,Delhi,North,Ravi Kumar,Cash on Delivery,Cancelled
5726,Tanvi Mehta,Headphones,Electronics,3,3500,10500,2023-02-02,Mumbai,West,Priya Nair,Cash on Delivery,Shipped
5727,Meera Joshi,Mouse,Accessories,12,800,9600,2023-03-17,Delhi,North,Ravi Kumar,Net Banking,Shipped
5728,Kavya Nambiar,Mouse,Accessories,3,800,2400,2023-06-24,Kolkata,East,Suresh Iyer,Credit Card,Delivered
5729,Kavya Nambiar,Printer,Electronics,12,12000,144000,2023-09-25,Kolkata,East,Deepak Joshi,Cash on Delivery,Delivered
5730,Kavya Nambiar,Tablet,Electronics,2,32000,64000,2023-07-05,Bangalore,South,Anil Sharma,Net Banking,Shipped
5731,Meera Joshi,Laptop,Electronics,15,45000,675000,2023-04-27,Kolkata,East,Meera Patel,Credit Card,Shipped
5732,Tanvi Mehta,Monitor,Electronics,5,22000,110000,2023-07-10,Ahmedabad,West,Suresh Iyer,Credit Card,Processing
5733,Vikram Iyer,Speaker,Electronics,4,4500,18000,2023-05-28,Surat,West,Ravi Kumar,UPI,Shipped
5734,Priya Patel,Keyboard,Accessories,1,1200,1200,2023-11-06,Delhi,North,Ravi Kumar,Net Banking,Processing
5735,Tanvi Mehta,Mouse,Accessories,13,800,10400,2023-05-22,Delhi,North,Sunita Rao,Net Banking,Delivered
5736,Arjun Nair,Printer,Electronics,9,12000,108000,2023-04-24,Jaipur,North,Meera Patel,Cash on Delivery,Cancelled
5737,Kavya Nambiar,Speaker,Electronics,3,4500,13500,2023-12-19,Ahmedabad,West,Deepak Joshi,Credit Card,Shipped
5738,Amit Verma,Monitor,Electronics,7,22000,154000,2023-09-29,Delhi,North,Meera Patel,Credit Card,Shipped
5739,Tanvi Mehta,Tablet,Electronics,10,32000,320000,2023-12-15,Surat,West,Sunita Rao,Credit Card,Delivered
5740,Kavya Nambiar,Laptop,Electronics,7,45000,315000,2023-03-19,Surat,West,Deepak Joshi,UPI,Cancelled
5741,Suresh Rao,Webcam,Accessories,9,2500,22500,2023-11-12,Jaipur,North,Suresh Iyer,UPI,Processing
5742,Arjun Nair,Webcam,Accessories,8,2500,20000,2023-08-20,Ahmedabad,West,Priya Nair,UPI,Cancelled
5743,Rahul Mishra,Mouse,Accessories,9,800,7200,2023-09-25,Hyderabad,South,Ravi Kumar,UPI,Cancelled
5744,Pooja Gupta,Keyboard,Accessories,5,1200,6000,2023-06-01,Kolkata,East,Ravi Kumar,UPI,Processing
5745,Tanvi Mehta,Mouse,Accessories,2,800,1600,2023-02-04,Kolkata,East,Kavya Reddy,UPI,Delivered
5746,Meera Joshi,Webcam,Accessories,4,2500,10000,2023-05-09,Mumbai,West,Priya Nair,UPI,Shipped
5747,Arjun Nair,Printer,Electronics,3,12000,36000,2023-01-04,Jaipur,North,Kavya Reddy,Cash on Delivery,Cancelled
5748,Pooja Gupta,USB Hub,Accessories,15,600,9000,2023-07-13,Pune,West,Anil Sharma,UPI,Cancelled
5749,Kavya Nambiar,Headphones,Electronics,12,3500,42000,2023-12-23,Kolkata,East,Kavya Reddy,Credit Card,Shipped
5750,Priya Patel,Laptop,Electronics,6,45000,270000,2023-04-17,Jaipur,North,Meera Patel,Cash on Delivery,Processing
5751,Suresh Rao,Speaker,Electronics,2,4500,9000,2023-07-10,Chennai,South,Ravi Kumar,Cash on Delivery,Shipped
5752,Pooja Gupta,Monitor,Electronics,8,22000,176000,2023-06-01,Mumbai,West,Sunita Rao,Net Banking,Processing
5753,Ramesh Kumar,Mouse,Accessories,11,800,8800,2023-03-04,Mumbai,West,Suresh Iyer,Credit Card,Processing
5754,Suresh Rao,Headphones,Electronics,3,3500,10500,2023-10-30,Kolkata,East,Suresh Iyer,Net Banking,Processing
5755,Sneha Reddy,Tablet,Electronics,5,32000,160000,2023-04-15,Hyderabad,South,Sunita Rao,Cash on Delivery,Delivered
5756,Kavya Nambiar,Monitor,Electronics,4,22000,88000,2023-04-27,Kolkata,East,Meera Patel,Net Banking,Cancelled
5757,Divya Singh,Keyboard,Accessories,7,1200,8400,2023-11-12,Surat,West,Anil Sharma,Credit Card,Delivered
5758,Arjun Nair,Laptop,Electronics,13,45000,585000,2023-11-21,Chennai,South,Meera Patel,Net Banking,Processing
5759,Pooja Gupta,Speaker,Electronics,8,4500,36000,2023-07-06,Surat,West,Priya Nair,Cash on Delivery,Delivered
5760,Kavya Nambiar,Printer,Electronics,9,12000,108000,2023-02-17,Ahmedabad,West,Kavya Reddy,Cash on Delivery,Delivered
5761,Ananya Das,Keyboard,Accessories,6,1200,7200,2023-10-21,Delhi,North,Ravi Kumar,Cash on Delivery,Processing
5762,Rahul Mishra,Mouse,Accessories,7,800,5600,2023-04-23,Jaipur,North,Ravi Kumar,Cash on Delivery,Processing
5763,Sneha Reddy,Speaker,Electronics,15,4500,67500,2023-04-18,Mumbai,West,Sunita Rao,UPI,Shipped
5764,Meera Joshi,Keyboard,Accessories,14,1200,16800,2023-11-05,Chennai,South,Deepak Joshi,Credit Card,Cancelled
5765,Vikram Iyer,Laptop,Electronics,8,45000,360000,2023-04-16,Hyderabad,South,Sunita Rao,Net Banking,Shipped
5766,Divya Singh,USB Hub,Accessories,8,600,4800,2023-06-08,Ahmedabad,West,Kavya Reddy,Cash on Delivery,Processing
5767,Kiran Kumar,Laptop,Electronics,1,45000,45000,2023-04-24,Jaipur,North,Suresh Iyer,Cash on Delivery,Processing
5768,Divya Singh,USB Hub,Accessories,1,600,600,2023-12-11,Mumbai,West,Suresh Iyer,UPI,Shipped
5769,Suresh Rao,Printer,Electronics,2,12000,24000,2023-04-03,Bangalore,South,Ravi Kumar,Credit Card,Shipped
5770,Amit Verma,Printer,Electronics,14,12000,168000,2023-10-03,Pune,West,Kavya Reddy,Net Banking,Cancelled
5771,Suresh Rao,Keyboard,Accessories,5,1200,6000,2023-12-29,Pune,West,Meera Patel,UPI,Shipped
5772,Vikram Iyer,Laptop,Electronics,12,45000,540000,2023-07-04,Hyderabad,South,Suresh Iyer,UPI,Delivered
5773,Ramesh Kumar,USB Hub,Accessories,11,600,6600,2023-07-23,Pune,West,Deepak Joshi,Net Banking,Shipped
5774,Vikram Iyer,Monitor,Electronics,4,22000,88000,2023-05-10,Bangalore,South,Deepak Joshi,UPI,Processing
5775,Priya Patel,Printer,Electronics,10,12000,120000,2023-10-15,Hyderabad,South,Sunita Rao,Net Banking,Cancelled
5776,Amit Verma,Webcam,Accessories,3,2500,7500,2023-05-14,Delhi,North,Sunita Rao,Credit Card,Cancelled
5777,Priya Patel,Mouse,Accessories,9,800,7200,2023-12-16,Jaipur,North,Kavya Reddy,Credit Card,Processing
5778,Arjun Nair,Printer,Electronics,13,12000,156000,2023-07-12,Chennai,South,Sunita Rao,Credit Card,Cancelled
5779,Pooja Gupta,Webcam,Accessories,6,2500,15000,2023-07-05,Surat,West,Priya Nair,Net Banking,Shipped
5780,Ananya Das,Monitor,Electronics,4,22000,88000,2023-09-13,Surat,West,Meera Patel,Credit Card,Shipped
5781,Kiran Kumar,USB Hub,Accessories,15,600,9000,2023-12-19,Chennai,South,Priya Nair,Cash on Delivery,Shipped
5782,Rahul Mishra,Tablet,Electronics,8,32000,256000,2023-08-07,Pune,West,Kavya Reddy,Cash on Delivery,Cancelled
5783,Suresh Rao,Webcam,Accessories,4,2500,10000,2023-07-04,Surat,West,Suresh Iyer,Credit Card,Shipped
5784,Ananya Das,Headphones,Electronics,8,3500,28000,2023-05-12,Delhi,North,Sunita Rao,Net Banking,Shipped
5785,Rahul Mishra,Printer,Electronics,9,12000,108000,2023-12-01,Mumbai,West,Deepak Joshi,UPI,Cancelled
5786,Ananya Das,Tablet,Electronics,4,32000,128000,2023-04-13,Bangalore,South,Anil Sharma,Cash on Delivery,Cancelled
5787,Ramesh Kumar,Monitor,Electronics,14,22000,308000,2023-01-15,Kolkata,East,Sunita Rao,Credit Card,Delivered
5788,Arjun Nair,Mouse,Accessories,2,800,1600,2023-06-21,Surat,West,Anil Sharma,Net Banking,Processing
5789,Divya Singh,Keyboard,Accessories,7,1200,8400,2023-05-09,Chennai,South,Ravi Kumar,Credit Card,Processing
5790,Ramesh Kumar,Speaker,Electronics,1,4500,4500,2023-02-14,Surat,West,Suresh Iyer,Credit Card,Cancelled
5791,Ramesh Kumar,Headphones,Electronics,12,3500,42000,2023-11-07,Jaipur,North,Deepak Joshi,Credit Card,Processing
5792,Tanvi Mehta,Tablet,Electronics,9,32000,288000,2023-12-05,Chennai,South,Anil Sharma,Cash on Delivery,Cancelled
5793,Vikram Iyer,Speaker,Electronics,7,4500,31500,2023-08-25,Surat,West,Meera Patel,Cash on Delivery,Cancelled
5794,Kiran Kumar,Keyboard,Accessories,10,1200,12000,2023-12-12,Mumbai,West,Sunita Rao,Credit Card,Shipped
5795,Arjun Nair,Mouse,Accessories,3,800,2400,2023-08-10,Jaipur,North,Meera Patel,UPI,Delivered
5796,Ananya Das,Webcam,Accessories,13,2500,32500,2023-07-18,Ahmedabad,West,Kavya Reddy,UPI,Processing
5797,Vikram Iyer,Webcam,Accessories,8,2500,20000,2023-02-23,Surat,West,Priya Nair,Net Banking,Cancelled
5798,Divya Singh,Speaker,Electronics,3,4500,13500,2023-09-08,Chennai,South,Anil Sharma,Credit Card,Delivered
5799,Priya Patel,Webcam,Accessories,11,2500,27500,2023-11-13,Hyderabad,South,Kavya Reddy,Cash on Delivery,Shipped
5800,Kiran Kumar,Keyboard,Accessories,1,1200,1200,2023-10-28,Pune,West,Priya Nair,Cash on Delivery,Cancelled
5801,Meera Joshi,Monitor,Electronics,15,22000,330000,2023-09-26,Mumbai,West,Kavya Reddy,UPI,Processing
5802,Arjun Nair,Printer,Electronics,8,12000,96000,2023-10-30,Pune,West,Meera Patel,UPI,Cancelled
5803,Ramesh Kumar,Headphones,Electronics,15,3500,52500,2023-09-12,Hyderabad,South,Ravi Kumar,Cash on Delivery,Shipped
5804,Vikram Iyer,Keyboard,Accessories,7,1200,8400,2023-09-10,Jaipur,North,Suresh Iyer,Net Banking,Cancelled
5805,Vikram Iyer,Headphones,Electronics,9,3500,31500,2023-08-16,Kolkata,East,Suresh Iyer,Cash on Delivery,Processing
5806,Meera Joshi,Speaker,Electronics,8,4500,36000,2023-02-10,Hyderabad,South,Priya Nair,UPI,Processing
5807,Vikram Iyer,Tablet,Electronics,14,32000,448000,2023-06-13,Hyderabad,South,Anil Sharma,UPI,Processing
5808,Divya Singh,Laptop,Electronics,4,45000,180000,2023-08-15,Kolkata,East,Ravi Kumar,Credit Card,Processing
5809,Tanvi Mehta,Printer,Electronics,7,12000,84000,2023-06-11,Surat,West,Meera Patel,Net Banking,Processing
5810,Arjun Nair,Laptop,Electronics,8,45000,360000,2023-06-28,Chennai,South,Anil Sharma,Cash on Delivery,Delivered
5811,Sneha Reddy,Webcam,Accessories,9,2500,22500,2023-04-21,Chennai,South,Priya Nair,Cash on Delivery,Shipped
5812,Kiran Kumar,Keyboard,Accessories,2,1200,2400,2023-05-07,Surat,West,Suresh Iyer,Net Banking,Delivered
5813,Divya Singh,Headphones,Electronics,8,3500,28000,2023-04-24,Mumbai,West,Meera Patel,Credit Card,Processing
5814,Sneha Reddy,Monitor,Electronics,1,22000,22000,2023-07-17,Kolkata,East,Ravi Kumar,Net Banking,Delivered
5815,Kiran Kumar,Webcam,Accessories,1,2500,2500,2023-03-14,Delhi,North,Priya Nair,UPI,Cancelled
5816,Tanvi Mehta,Speaker,Electronics,4,4500,18000,2023-04-14,Pune,West,Deepak Joshi,Cash on Delivery,Cancelled
5817,Suresh Rao,Headphones,Electronics,5,3500,17500,2023-12-21,Pune,West,Suresh Iyer,Cash on Delivery,Delivered
5818,Tanvi Mehta,Mouse,Accessories,14,800,11200,2023-03-11,Chennai,South,Kavya Reddy,UPI,Cancelled
5819,Amit Verma,Headphones,Electronics,6,3500,21000,2023-11-01,Delhi,North,Anil Sharma,Net Banking,Delivered
5820,Vikram Iyer,Laptop,Electronics,1,45000,45000,2023-04-02,Delhi,North,Kavya Reddy,Cash on Delivery,Delivered
5821,Kavya Nambiar,Tablet,Electronics,2,32000,64000,2023-12-16,Ahmedabad,West,Priya Nair,Credit Card,Cancelled
5822,Tanvi Mehta,Headphones,Electronics,5,3500,17500,2023-10-31,Ahmedabad,West,Kavya Reddy,Cash on Delivery,Cancelled
5823,Kavya Nambiar,Mouse,Accessories,4,800,3200,2023-05-01,Ahmedabad,West,Anil Sharma,Cash on Delivery,Delivered
5824,Divya Singh,Headphones,Electronics,4,3500,14000,2023-06-14,Hyderabad,South,Priya Nair,Net Banking,Cancelled
5825,Ramesh Kumar,Printer,Electronics,4,12000,48000,2023-06-24,Surat,West,Priya Nair,UPI,Cancelled
5826,Ramesh Kumar,Laptop,Electronics,13,45000,585000,2023-08-28,Bangalore,South,Suresh Iyer,Cash on Delivery,Processing
5827,Priya Patel,USB Hub,Accessories,1,600,600,2023-09-04,Jaipur,North,Sunita Rao,UPI,Shipped
5828,Kavya Nambiar,Mouse,Accessories,15,800,12000,2023-02-18,Pune,West,Meera Patel,Credit Card,Shipped
5829,Meera Joshi,Mouse,Accessories,8,800,6400,2023-05-10,Jaipur,North,Deepak Joshi,Credit Card,Shipped
5830,Divya Singh,Mouse,Accessories,7,800,5600,2023-09-14,Jaipur,North,Anil Sharma,Net Banking,Delivered
5831,Vikram Iyer,Tablet,Electronics,2,32000,64000,2023-01-23,Surat,West,Suresh Iyer,Net Banking,Delivered
5832,Divya Singh,Laptop,Electronics,5,45000,225000,2023-01-21,Pune,West,Anil Sharma,Cash on Delivery,Shipped
5833,Pooja Gupta,Printer,Electronics,8,12000,96000,2023-09-29,Hyderabad,South,Deepak Joshi,UPI,Delivered
5834,Divya Singh,Mouse,Accessories,9,800,7200,2023-06-29,Hyderabad,South,Meera Patel,Cash on Delivery,Processing
5835,Tanvi Mehta,Headphones,Electronics,14,3500,49000,2023-05-30,Mumbai,West,Deepak Joshi,UPI,Cancelled
5836,Ramesh Kumar,Keyboard,Accessories,1,1200,1200,2023-11-11,Ahmedabad,West,Meera Patel,Credit Card,Cancelled
5837,Suresh Rao,Printer,Electronics,4,12000,48000,2023-12-06,Ahmedabad,West,Suresh Iyer,Net Banking,Shipped
5838,Meera Joshi,Monitor,Electronics,8,22000,176000,2023-09-23,Pune,West,Deepak Joshi,Net Banking,Processing
5839,Ananya Das,Laptop,Electronics,9,45000,405000,2023-12-04,Ahmedabad,West,Priya Nair,UPI,Delivered
5840,Divya Singh,Mouse,Accessories,11,800,8800,2023-01-18,Bangalore,South,Priya Nair,Cash on Delivery,Delivered
5841,Ananya Das,Webcam,Accessories,7,2500,17500,2023-11-14,Bangalore,South,Anil Sharma,Credit Card,Processing
5842,Ramesh Kumar,Keyboard,Accessories,14,1200,16800,2023-11-29,Chennai,South,Ravi Kumar,Cash on Delivery,Cancelled
5843,Kavya Nambiar,Mouse,Accessories,1,800,800,2023-11-04,Chennai,South,Ravi Kumar,UPI,Processing
5844,Sneha Reddy,USB Hub,Accessories,5,600,3000,2023-01-02,Kolkata,East,Anil Sharma,Cash on Delivery,Delivered
5845,Suresh Rao,Webcam,Accessories,13,2500,32500,2023-01-31,Hyderabad,South,Ravi Kumar,Cash on Delivery,Shipped
5846,Kavya Nambiar,Keyboard,Accessories,2,1200,2400,2023-03-16,Mumbai,West,Priya Nair,UPI,Delivered
5847,Arjun Nair,Printer,Electronics,1,12000,12000,2023-01-12,Kolkata,East,Ravi Kumar,UPI,Delivered
5848,Suresh Rao,Printer,Electronics,12,12000,144000,2023-01-20,Bangalore,South,Suresh Iyer,UPI,Delivered
5849,Suresh Rao,Headphones,Electronics,14,3500,49000,2023-03-05,Ahmedabad,West,Anil Sharma,UPI,Delivered
5850,Pooja Gupta,Webcam,Accessories,9,2500,22500,2023-05-28,Hyderabad,South,Kavya Reddy,UPI,Processing
5851,Tanvi Mehta,Tablet,Electronics,10,32000,320000,2023-08-17,Jaipur,North,Meera Patel,UPI,Processing
5852,Kavya Nambiar,Webcam,Accessories,4,2500,10000,2023-09-27,Kolkata,East,Sunita Rao,Net Banking,Delivered
5853,Kavya Nambiar,Printer,Electronics,8,12000,96000,2023-03-16,Bangalore,South,Meera Patel,UPI,Cancelled
5854,Kavya Nambiar,Headphones,Electronics,10,3500,35000,2023-07-01,Bangalore,South,Sunita Rao,Net Banking,Shipped
5855,Vikram Iyer,Webcam,Accessories,11,2500,27500,2023-08-28,Kolkata,East,Suresh Iyer,Credit Card,Processing
5856,Ramesh Kumar,Webcam,Accessories,1,2500,2500,2023-05-05,Surat,West,Sunita Rao,Cash on Delivery,Processing
5857,Divya Singh,Headphones,Electronics,12,3500,42000,2023-09-14,Hyderabad,South,Suresh Iyer,Credit Card,Processing
5858,Arjun Nair,Laptop,Electronics,9,45000,405000,2023-10-11,Hyderabad,South,Sunita Rao,Net Banking,Delivered
5859,Arjun Nair,Printer,Electronics,3,12000,36000,2023-12-02,Surat,West,Deepak Joshi,Cash on Delivery,Processing
5860,Ramesh Kumar,Laptop,Electronics,15,45000,675000,2023-06-20,Chennai,South,Kavya Reddy,Cash on Delivery,Processing
5861,Suresh Rao,Webcam,Accessories,10,2500,25000,2023-12-24,Kolkata,East,Meera Patel,Net Banking,Processing
5862,Rahul Mishra,Printer,Electronics,2,12000,24000,2023-02-01,Ahmedabad,West,Ravi Kumar,UPI,Cancelled
5863,Suresh Rao,Tablet,Electronics,5,32000,160000,2023-08-17,Kolkata,East,Kavya Reddy,Cash on Delivery,Cancelled
5864,Meera Joshi,Headphones,Electronics,10,3500,35000,2023-04-03,Kolkata,East,Deepak Joshi,Credit Card,Shipped
5865,Kavya Nambiar,Mouse,Accessories,8,800,6400,2023-03-17,Ahmedabad,West,Deepak Joshi,UPI,Cancelled
5866,Ramesh Kumar,Speaker,Electronics,10,4500,45000,2023-01-20,Jaipur,North,Kavya Reddy,Credit Card,Processing
5867,Rahul Mishra,Webcam,Accessories,10,2500,25000,2023-05-26,Kolkata,East,Deepak Joshi,Cash on Delivery,Cancelled
5868,Amit Verma,Headphones,Electronics,7,3500,24500,2023-08-07,Delhi,North,Meera Patel,Net Banking,Cancelled
5869,Meera Joshi,Tablet,Electronics,3,32000,96000,2023-06-18,Delhi,North,Meera Patel,Net Banking,Delivered
5870,Arjun Nair,Keyboard,Accessories,7,1200,8400,2023-08-17,Jaipur,North,Anil Sharma,Cash on Delivery,Processing
5871,Divya Singh,Monitor,Electronics,15,22000,330000,2023-03-20,Bangalore,South,Ravi Kumar,Cash on Delivery,Cancelled
5872,Arjun Nair,Webcam,Accessories,13,2500,32500,2023-02-02,Chennai,South,Priya Nair,Credit Card,Shipped
5873,Kavya Nambiar,Headphones,Electronics,8,3500,28000,2023-11-23,Delhi,North,Anil Sharma,Credit Card,Processing
5874,Sneha Reddy,Headphones,Electronics,6,3500,21000,2023-10-12,Kolkata,East,Deepak Joshi,Net Banking,Processing
5875,Tanvi Mehta,Speaker,Electronics,15,4500,67500,2023-07-06,Kolkata,East,Suresh Iyer,UPI,Delivered
5876,Sneha Reddy,USB Hub,Accessories,11,600,6600,2023-04-20,Ahmedabad,West,Priya Nair,Cash on Delivery,Cancelled
5877,Kavya Nambiar,USB Hub,Accessories,1,600,600,2023-10-14,Ahmedabad,West,Priya Nair,Credit Card,Processing
5878,Kiran Kumar,Speaker,Electronics,1,4500,4500,2023-09-15,Delhi,North,Anil Sharma,Net Banking,Shipped
5879,Tanvi Mehta,Monitor,Electronics,2,22000,44000,2023-07-09,Jaipur,North,Priya Nair,Cash on Delivery,Processing
5880,Divya Singh,Keyboard,Accessories,11,1200,13200,2023-10-24,Delhi,North,Meera Patel,UPI,Cancelled
5881,Suresh Rao,Printer,Electronics,15,12000,180000,2023-01-24,Pune,West,Meera Patel,Credit Card,Cancelled
5882,Rahul Mishra,Laptop,Electronics,10,45000,450000,2023-09-23,Ahmedabad,West,Priya Nair,Credit Card,Delivered
5883,Sneha Reddy,Laptop,Electronics,6,45000,270000,2023-10-10,Kolkata,East,Sunita Rao,Credit Card,Delivered
5884,Amit Verma,Webcam,Accessories,3,2500,7500,2023-01-23,Chennai,South,Suresh Iyer,Net Banking,Delivered
5885,Vikram Iyer,Laptop,Electronics,12,45000,540000,2023-04-08,Surat,West,Meera Patel,UPI,Cancelled
5886,Amit Verma,Mouse,Accessories,10,800,8000,2023-01-22,Jaipur,North,Anil Sharma,UPI,Cancelled
5887,Rahul Mishra,Printer,Electronics,11,12000,132000,2023-02-02,Bangalore,South,Meera Patel,Net Banking,Processing
5888,Suresh Rao,Tablet,Electronics,2,32000,64000,2023-07-31,Ahmedabad,West,Kavya Reddy,Cash on Delivery,Cancelled
5889,Pooja Gupta,Mouse,Accessories,15,800,12000,2023-03-11,Hyderabad,South,Anil Sharma,UPI,Processing
5890,Amit Verma,Printer,Electronics,3,12000,36000,2023-05-31,Delhi,North,Suresh Iyer,Cash on Delivery,Processing
5891,Arjun Nair,Tablet,Electronics,3,32000,96000,2023-07-31,Hyderabad,South,Deepak Joshi,Credit Card,Processing
5892,Suresh Rao,Tablet,Electronics,4,32000,128000,2023-12-17,Ahmedabad,West,Ravi Kumar,Cash on Delivery,Cancelled
5893,Suresh Rao,USB Hub,Accessories,8,600,4800,2023-11-01,Chennai,South,Priya Nair,Credit Card,Cancelled
5894,Ananya Das,Tablet,Electronics,5,32000,160000,2023-11-09,Hyderabad,South,Ravi Kumar,Net Banking,Cancelled
5895,Arjun Nair,Printer,Electronics,11,12000,132000,2023-02-15,Jaipur,North,Deepak Joshi,Cash on Delivery,Shipped
5896,Sneha Reddy,Speaker,Electronics,12,4500,54000,2023-06-21,Surat,West,Sunita Rao,Net Banking,Processing
5897,Amit Verma,USB Hub,Accessories,5,600,3000,2023-12-01,Pune,West,Meera Patel,Net Banking,Delivered
5898,Suresh Rao,Keyboard,Accessories,13,1200,15600,2023-10-26,Pune,West,Anil Sharma,Cash on Delivery,Processing
5899,Vikram Iyer,Speaker,Electronics,7,4500,31500,2023-08-03,Pune,West,Sunita Rao,Credit Card,Shipped
5900,Sneha Reddy,Keyboard,Accessories,13,1200,15600,2023-03-16,Surat,West,Ravi Kumar,Net Banking,Cancelled
5901,Tanvi Mehta,Printer,Electronics,3,12000,36000,2023-04-06,Jaipur,North,Anil Sharma,UPI,Cancelled
5902,Rahul Mishra,Mouse,Accessories,8,800,6400,2023-12-28,Chennai,South,Deepak Joshi,Credit Card,Cancelled
5903,Divya Singh,Monitor,Electronics,9,22000,198000,2023-07-31,Chennai,South,Deepak Joshi,Net Banking,Cancelled
5904,Suresh Rao,Printer,Electronics,1,12000,12000,2023-05-16,Chennai,South,Priya Nair,Net Banking,Cancelled
5905,Vikram Iyer,Webcam,Accessories,11,2500,27500,2023-07-24,Jaipur,North,Priya Nair,Cash on Delivery,Cancelled
5906,Meera Joshi,Printer,Electronics,1,12000,12000,2023-06-30,Mumbai,West,Sunita Rao,UPI,Cancelled
5907,Arjun Nair,Tablet,Electronics,5,32000,160000,2023-11-24,Pune,West,Deepak Joshi,UPI,Cancelled
5908,Meera Joshi,Mouse,Accessories,8,800,6400,2023-01-19,Bangalore,South,Suresh Iyer,Credit Card,Processing
5909,Suresh Rao,USB Hub,Accessories,4,600,2400,2023-05-09,Kolkata,East,Deepak Joshi,UPI,Delivered
5910,Vikram Iyer,Laptop,Electronics,3,45000,135000,2023-02-14,Hyderabad,South,Suresh Iyer,Cash on Delivery,Processing
5911,Amit Verma,Tablet,Electronics,14,32000,448000,2023-07-08,Delhi,North,Anil Sharma,UPI,Processing
5912,Rahul Mishra,Monitor,Electronics,2,22000,44000,2023-10-20,Surat,West,Priya Nair,Credit Card,Processing
5913,Sneha Reddy,USB Hub,Accessories,11,600,6600,2023-02-21,Kolkata,East,Meera Patel,Net Banking,Processing
5914,Arjun Nair,Laptop,Electronics,2,45000,90000,2023-11-17,Ahmedabad,West,Meera Patel,UPI,Shipped
5915,Tanvi Mehta,Speaker,Electronics,14,4500,63000,2023-09-01,Ahmedabad,West,Suresh Iyer,Cash on Delivery,Shipped
5916,Pooja Gupta,Keyboard,Accessories,11,1200,13200,2023-10-30,Jaipur,North,Anil Sharma,Net Banking,Shipped
5917,Ramesh Kumar,Mouse,Accessories,9,800,7200,2023-02-19,Chennai,South,Suresh Iyer,Credit Card,Delivered
5918,Amit Verma,Tablet,Electronics,1,32000,32000,2023-07-06,Mumbai,West,Ravi Kumar,Credit Card,Processing
5919,Suresh Rao,Webcam,Accessories,15,2500,37500,2023-12-02,Jaipur,North,Deepak Joshi,Cash on Delivery,Processing
5920,Kavya Nambiar,Speaker,Electronics,1,4500,4500,2023-06-20,Surat,West,Ravi Kumar,Cash on Delivery,Delivered
5921,Kiran Kumar,Keyboard,Accessories,10,1200,12000,2023-11-14,Kolkata,East,Sunita Rao,Credit Card,Processing
5922,Kavya Nambiar,Mouse,Accessories,15,800,12000,2023-09-15,Kolkata,East,Meera Patel,Credit Card,Processing
5923,Priya Patel,Laptop,Electronics,8,45000,360000,2023-07-07,Jaipur,North,Meera Patel,Credit Card,Cancelled
5924,Tanvi Mehta,Monitor,Electronics,10,22000,220000,2023-03-20,Mumbai,West,Ravi Kumar,Credit Card,Cancelled
5925,Meera Joshi,Printer,Electronics,8,12000,96000,2023-05-28,Surat,West,Meera Patel,Cash on Delivery,Delivered
5926,Ramesh Kumar,Headphones,Electronics,4,3500,14000,2023-03-21,Jaipur,North,Deepak Joshi,UPI,Delivered
5927,Sneha Reddy,Speaker,Electronics,8,4500,36000,2023-05-25,Bangalore,South,Sunita Rao,UPI,Cancelled
5928,Kavya Nambiar,USB Hub,Accessories,6,600,3600,2023-07-23,Pune,West,Anil Sharma,UPI,Shipped
5929,Meera Joshi,Mouse,Accessories,2,800,1600,2023-07-31,Pune,West,Priya Nair,Credit Card,Cancelled
5930,Meera Joshi,Keyboard,Accessories,8,1200,9600,2023-06-16,Hyderabad,South,Priya Nair,UPI,Cancelled
5931,Vikram Iyer,Tablet,Electronics,15,32000,480000,2023-01-28,Bangalore,South,Meera Patel,Cash on Delivery,Cancelled
5932,Priya Patel,Laptop,Electronics,8,45000,360000,2023-06-10,Bangalore,South,Anil Sharma,Credit Card,Processing
5933,Kiran Kumar,USB Hub,Accessories,8,600,4800,2023-01-22,Ahmedabad,West,Anil Sharma,Net Banking,Cancelled
5934,Pooja Gupta,Monitor,Electronics,3,22000,66000,2023-02-12,Delhi,North,Sunita Rao,Cash on Delivery,Cancelled
5935,Sneha Reddy,Speaker,Electronics,13,4500,58500,2023-04-03,Chennai,South,Priya Nair,UPI,Shipped
5936,Arjun Nair,Mouse,Accessories,11,800,8800,2023-07-09,Mumbai,West,Deepak Joshi,Net Banking,Delivered
5937,Tanvi Mehta,USB Hub,Accessories,8,600,4800,2023-01-29,Kolkata,East,Kavya Reddy,Net Banking,Shipped
5938,Sneha Reddy,Keyboard,Accessories,12,1200,14400,2023-09-28,Delhi,North,Anil Sharma,UPI,Processing
5939,Kiran Kumar,Keyboard,Accessories,11,1200,13200,2023-05-16,Pune,West,Priya Nair,Net Banking,Delivered
5940,Arjun Nair,Speaker,Electronics,3,4500,13500,2023-01-18,Mumbai,West,Sunita Rao,Credit Card,Processing
5941,Suresh Rao,Headphones,Electronics,9,3500,31500,2023-01-17,Ahmedabad,West,Priya Nair,Credit Card,Delivered
5942,Kiran Kumar,Speaker,Electronics,4,4500,18000,2023-05-26,Chennai,South,Priya Nair,UPI,Shipped
5943,Ramesh Kumar,USB Hub,Accessories,13,600,7800,2023-05-02,Chennai,South,Priya Nair,Cash on Delivery,Processing
5944,Kavya Nambiar,Headphones,Electronics,8,3500,28000,2023-12-25,Chennai,South,Anil Sharma,Credit Card,Processing
5945,Sneha Reddy,Monitor,Electronics,13,22000,286000,2023-05-15,Pune,West,Kavya Reddy,Cash on Delivery,Delivered
5946,Ramesh Kumar,Keyboard,Accessories,13,1200,15600,2023-08-25,Delhi,North,Deepak Joshi,Cash on Delivery,Delivered
5947,Pooja Gupta,Monitor,Electronics,6,22000,132000,2023-12-27,Bangalore,South,Ravi Kumar,UPI,Shipped
5948,Vikram Iyer,Speaker,Electronics,2,4500,9000,2023-08-18,Jaipur,North,Priya Nair,Cash on Delivery,Delivered
5949,Meera Joshi,Tablet,Electronics,10,32000,320000,2023-08-16,Pune,West,Anil Sharma,Net Banking,Delivered
5950,Sneha Reddy,Tablet,Electronics,12,32000,384000,2023-10-16,Chennai,South,Anil Sharma,Credit Card,Delivered
5951,Priya Patel,Webcam,Accessories,15,2500,37500,2023-10-29,Kolkata,East,Suresh Iyer,UPI,Shipped
5952,Tanvi Mehta,Monitor,Electronics,10,22000,220000,2023-04-19,Jaipur,North,Suresh Iyer,Net Banking,Cancelled
5953,Pooja Gupta,Laptop,Electronics,10,45000,450000,2023-05-12,Ahmedabad,West,Deepak Joshi,Credit Card,Cancelled
5954,Kavya Nambiar,Webcam,Accessories,15,2500,37500,2023-07-01,Hyderabad,South,Ravi Kumar,Net Banking,Shipped
5955,Divya Singh,Webcam,Accessories,1,2500,2500,2023-12-06,Jaipur,North,Suresh Iyer,Net Banking,Delivered
5956,Kavya Nambiar,Speaker,Electronics,7,4500,31500,2023-04-03,Hyderabad,South,Anil Sharma,Cash on Delivery,Processing
5957,Divya Singh,USB Hub,Accessories,11,600,6600,2023-04-04,Bangalore,South,Sunita Rao,UPI,Cancelled
5958,Vikram Iyer,Laptop,Electronics,15,45000,675000,2023-11-20,Bangalore,South,Suresh Iyer,Credit Card,Delivered
5959,Pooja Gupta,Printer,Electronics,9,12000,108000,2023-01-11,Pune,West,Sunita Rao,Credit Card,Shipped
5960,Priya Patel,USB Hub,Accessories,10,600,6000,2023-11-29,Mumbai,West,Deepak Joshi,Credit Card,Delivered
5961,Amit Verma,Tablet,Electronics,1,32000,32000,2023-04-11,Mumbai,West,Kavya Reddy,Cash on Delivery,Shipped
5962,Vikram Iyer,Printer,Electronics,6,12000,72000,2023-12-09,Mumbai,West,Kavya Reddy,Cash on Delivery,Cancelled
5963,Vikram Iyer,Tablet,Electronics,2,32000,64000,2023-05-23,Mumbai,West,Kavya Reddy,UPI,Cancelled
5964,Priya Patel,Printer,Electronics,15,12000,180000,2023-02-21,Bangalore,South,Priya Nair,Cash on Delivery,Cancelled
5965,Divya Singh,Headphones,Electronics,1,3500,3500,2023-09-09,Pune,West,Meera Patel,Net Banking,Processing
5966,Ananya Das,USB Hub,Accessories,11,600,6600,2023-02-27,Surat,West,Ravi Kumar,UPI,Delivered
5967,Kiran Kumar,Webcam,Accessories,4,2500,10000,2023-07-08,Delhi,North,Meera Patel,Cash on Delivery,Processing
5968,Ramesh Kumar,Printer,Electronics,3,12000,36000,2023-06-30,Surat,West,Anil Sharma,Cash on Delivery,Processing
5969,Tanvi Mehta,Monitor,Electronics,8,22000,176000,2023-05-17,Pune,West,Suresh Iyer,Cash on Delivery,Shipped
5970,Amit Verma,Webcam,Accessories,2,2500,5000,2023-10-10,Ahmedabad,West,Sunita Rao,Cash on Delivery,Cancelled
5971,Divya Singh,Headphones,Electronics,8,3500,28000,2023-05-25,Ahmedabad,West,Kavya Reddy,UPI,Processing
5972,Meera Joshi,Speaker,Electronics,11,4500,49500,2023-12-14,Surat,West,Deepak Joshi,UPI,Shipped
5973,Ananya Das,Webcam,Accessories,10,2500,25000,2023-10-24,Pune,West,Kavya Reddy,Credit Card,Shipped
5974,Kavya Nambiar,Webcam,Accessories,13,2500,32500,2023-01-19,Bangalore,South,Sunita Rao,UPI,Delivered
5975,Ananya Das,USB Hub,Accessories,7,600,4200,2023-11-24,Hyderabad,South,Sunita Rao,UPI,Cancelled
5976,Ananya Das,Tablet,Electronics,10,32000,320000,2023-02-15,Delhi,North,Suresh Iyer,UPI,Shipped
5977,Sneha Reddy,Webcam,Accessories,11,2500,27500,2023-01-20,Chennai,South,Sunita Rao,UPI,Cancelled
5978,Vikram Iyer,Printer,Electronics,1,12000,12000,2023-06-14,Chennai,South,Suresh Iyer,UPI,Cancelled
5979,Kavya Nambiar,Webcam,Accessories,4,2500,10000,2023-06-18,Chennai,South,Priya Nair,UPI,Cancelled
5980,Vikram Iyer,Keyboard,Accessories,3,1200,3600,2023-11-03,Mumbai,West,Deepak Joshi,Cash on Delivery,Processing
5981,Amit Verma,Tablet,Electronics,2,32000,64000,2023-02-28,Ahmedabad,West,Ravi Kumar,Cash on Delivery,Shipped
5982,Sneha Reddy,Headphones,Electronics,2,3500,7000,2023-08-20,Kolkata,East,Ravi Kumar,UPI,Shipped
5983,Vikram Iyer,Speaker,Electronics,2,4500,9000,2023-08-14,Chennai,South,Kavya Reddy,Cash on Delivery,Processing
5984,Arjun Nair,Laptop,Electronics,10,45000,450000,2023-11-30,Chennai,South,Kavya Reddy,Net Banking,Delivered
5985,Vikram Iyer,Webcam,Accessories,8,2500,20000,2023-12-21,Kolkata,East,Kavya Reddy,Cash on Delivery,Delivered
5986,Tanvi Mehta,Tablet,Electronics,4,32000,128000,2023-02-07,Hyderabad,South,Ravi Kumar,Net Banking,Shipped
5987,Sneha Reddy,Headphones,Electronics,4,3500,14000,2023-06-29,Kolkata,East,Sunita Rao,Credit Card,Processing
5988,Amit Verma,Tablet,Electronics,1,32000,32000,2023-10-28,Kolkata,East,Kavya Reddy,UPI,Delivered
5989,Pooja Gupta,Speaker,Electronics,9,4500,40500,2023-01-18,Hyderabad,South,Meera Patel,Cash on Delivery,Processing
5990,Tanvi Mehta,Tablet,Electronics,7,32000,224000,2023-04-06,Kolkata,East,Deepak Joshi,UPI,Shipped
5991,Kiran Kumar,Speaker,Electronics,7,4500,31500,2023-10-02,Delhi,North,Kavya Reddy,Credit Card,Processing
5992,Suresh Rao,Webcam,Accessories,7,2500,17500,2023-10-21,Mumbai,West,Deepak Joshi,UPI,Processing
5993,Ramesh Kumar,Headphones,Electronics,1,3500,3500,2023-02-04,Delhi,North,Deepak Joshi,UPI,Cancelled
5994,Sneha Reddy,Speaker,Electronics,5,4500,22500,2023-11-15,Jaipur,North,Priya Nair,Net Banking,Shipped
5995,Suresh Rao,Monitor,Electronics,2,22000,44000,2023-09-26,Mumbai,West,Sunita Rao,Cash on Delivery,Delivered
5996,Ananya Das,Mouse,Accessories,13,800,10400,2023-11-18,Bangalore,South,Meera Patel,Net Banking,Cancelled
5997,Suresh Rao,Webcam,Accessories,9,2500,22500,2023-06-07,Chennai,South,Sunita Rao,Credit Card,Delivered
5998,Arjun Nair,Webcam,Accessories,1,2500,2500,2023-04-07,Jaipur,North,Kavya Reddy,Net Banking,Cancelled
5999,Arjun Nair,Laptop,Electronics,14,45000,630000,2023-07-30,Delhi,North,Ravi Kumar,Cash on Delivery,Shipped
6000,Arjun Nair,Headphones,Electronics,15,3500,52500,2023-06-15,Kolkata,East,Suresh Iyer,UPI,Delivered
